date,raw_date,P,D,E,CPI,g_div_trailing,g_earn_trailing,g_div_fwd,g_earn_fwd
1871-01-01,1871.01,4.44,0.26,0.4,12.46406116,,,0.012612435486735851,0.006230549750636083
1871-02-01,1871.02,4.5,0.26,0.4,12.84464132,,,0.025442800172440716,0.012422519998557147
1871-03-01,1871.03,4.61,0.26,0.4,13.0349719,,,0.03774032798284699,0.018576385572935283
1871-04-01,1871.04,4.74,0.26,0.4,12.55922645,,,0.0498884619184945,0.024692612590371366
1871-05-01,1871.05,4.86,0.26,0.4,12.27381157,,,0.06225225577735238,0.030771658666753576
1871-06-01,1871.06,4.82,0.26,0.4,12.08348099,,,0.07410797215372189,0.03681397312271617
1871-07-01,1871.07,4.73,0.26,0.4,12.08348099,,,0.08582477582094294,0.04281999718292806
1871-08-01,1871.08,4.79,0.26,0.4,11.8932314,,,0.09775474187379629,0.04879016416943194
1871-09-01,1871.09,4.84,0.26,0.4,12.17864628,,,0.10919929196499178,0.05472489968924643
1871-10-01,1871.1,4.59,0.26,0.4,12.36889587,,,0.1205143449678776,0.0606246218164348
1871-11-01,1871.11,4.64,0.26,0.4,12.36889587,,,0.13203989628124835,0.06648974126883278
1871-12-01,1871.12,4.74,0.26,0.4,12.65439174,,,0.1431008436406731,0.07232066157962602
1872-01-01,1872.01,4.86,0.2633,0.4025,12.65439174,0.012612435486735851,0.006230549750636083,0.13878721096863234,0.07188722951331583
1872-02-01,1872.02,4.88,0.2667,0.405,12.65439174,0.025442800172440716,0.012422519998557147,0.1341873454194431,0.07145896398214491
1872-03-01,1872.03,5.04,0.27,0.4075,12.84464132,0.03774032798284699,0.018576385572935283,0.1300531282481978,0.0710357731167518
1872-04-01,1872.04,5.18,0.2733,0.41,13.13013719,0.0498884619184945,0.024692612590371366,0.12600220454516964,0.0706175672139534
1872-05-01,1872.05,5.18,0.2767,0.4125,13.13013719,0.06225225577735238,0.030771658666753576,0.12167058238357598,0.07020425867324853
1872-06-01,1872.06,5.13,0.28,0.415,13.0349719,0.07410797215372189,0.03681397312271617,0.11778303565638337,0.06979576193554204
1872-07-01,1872.07,5.1,0.2833,0.4175,12.84464132,0.08582477582094294,0.04281999718292806,0.11397141149627554,0.06939199342399993
1872-08-01,1872.08,5.04,0.2867,0.42,12.93980661,0.09775474187379629,0.04879016416943194,0.10988462290444811,0.06899287148695143
1872-09-01,1872.09,4.95,0.29,0.4225,13.0349719,0.10919929196499178,0.05472489968924643,0.10622221325530767,0.06859831634275237
1872-10-01,1872.1,4.97,0.2933,0.425,12.74947603,0.1205143449678776,0.0606246218164348,0.1026292063463321,0.06820825002653363
1872-11-01,1872.11,4.95,0.2967,0.4275,13.13013719,0.13203989628124835,0.06648974126883278,0.09876652777853057,0.0678225963387612
1872-12-01,1872.12,5.07,0.3,0.43,12.93980661,0.1431008436406731,0.07232066157962602,0.09531017980432499,0.06744128079553269
1873-01-01,1873.01,5.11,0.3025,0.4325,12.93980661,0.13878721096863234,0.07188722951331583,0.08701137698962991,0.061644163111206796
1873-02-01,1873.02,5.15,0.305,0.435,13.22522149,0.1341873454194431,0.07145896398214491,0.07878087785311427,0.055880458394456656
1873-03-01,1873.03,5.11,0.3075,0.4375,13.22522149,0.1300531282481978,0.0710357731167518,0.07061756721395329,0.05014978368547163
1873-04-01,1873.04,5.04,0.31,0.44,13.22522149,0.12600220454516964,0.0706175672139534,0.06252035698133396,0.04445176257083394
1873-05-01,1873.05,5.05,0.3125,0.4425,12.93980661,0.12167058238357598,0.07020425867324853,0.054488185284069734,0.0387860250351566
1873-06-01,1873.06,4.98,0.315,0.445,12.55922645,0.11778303565638337,0.06979576193554204,0.04652001563489283,0.033152207316900495
1873-07-01,1873.07,4.97,0.3175,0.4475,12.55922645,0.11397141149627554,0.06939199342399993,0.038614836127779606,0.027549951768230718
1873-08-01,1873.08,4.97,0.32,0.45,12.55922645,0.10988462290444811,0.06899287148695143,0.030771658666753687,0.021978906718775337
1873-09-01,1873.09,4.59,0.3225,0.4525,12.55922645,0.10622221325530767,0.06859831634275237,0.022989518224698635,0.016438726343159904
1873-10-01,1873.1,4.19,0.325,0.455,12.27381157,0.1026292063463321,0.06820825002653363,0.015267472130788384,0.010929070532190277
1873-11-01,1873.11,4.04,0.3275,0.4575,11.8932314,0.09876652777853057,0.0678225963387612,0.0076045993852191796,0.005449604767564731
1873-12-01,1873.12,4.42,0.33,0.46,12.17864628,0.09531017980432499,0.06744128079553269,0.0,0.0
1874-01-01,1874.01,4.66,0.33,0.46,12.36889587,0.08701137698962991,0.061644163111206796,-0.0076045993852191796,-0.018208246822582264
1874-02-01,1874.02,4.8,0.33,0.46,12.36889587,0.07878087785311427,0.055880458394456656,-0.015267472130788384,-0.03697974773213286
1874-03-01,1874.03,4.73,0.33,0.46,12.36889587,0.07061756721395329,0.05014978368547163,-0.022989518224698635,-0.055880458394456656
1874-04-01,1874.04,4.6,0.33,0.46,12.17864628,0.06252035698133396,0.04445176257083394,-0.030771658666753687,-0.07514529928918645
1874-05-01,1874.05,4.48,0.33,0.46,12.08348099,0.054488185284069734,0.0387860250351566,-0.038614836127779606,-0.09502761103498802
1874-06-01,1874.06,4.46,0.33,0.46,11.79806612,0.04652001563489283,0.033152207316900495,-0.04652001563489283,-0.11506932978478734
1874-07-01,1874.07,4.46,0.33,0.46,11.8932314,0.038614836127779606,0.027549951768230718,-0.054488185284069734,-0.13552094811790427
1874-08-01,1874.08,4.47,0.33,0.46,11.79806612,0.030771658666753687,0.021978906718775337,-0.06252035698133396,-0.15665381004537693
1874-09-01,1874.09,4.54,0.33,0.46,11.79806612,0.022989518224698635,0.016438726343159904,-0.07061756721395329,-0.17798315519535657
1874-10-01,1874.1,4.53,0.33,0.46,11.60773554,0.015267472130788384,0.010929070532190277,-0.07878087785311427,-0.19977737478514546
1874-11-01,1874.11,4.57,0.33,0.46,11.51265124,0.0076045993852191796,0.005449604767564731,-0.08701137698962991,-0.2223286660321211
1874-12-01,1874.12,4.54,0.33,0.46,11.51265124,0.0,0.0,-0.09531017980432499,-0.24512245803298516
1875-01-01,1875.01,4.54,0.3275,0.4517,11.51265124,-0.0076045993852191796,-0.018208246822582264,-0.08770558041910581,-0.245700688295459
1875-02-01,1875.02,4.53,0.325,0.4433,11.51265124,-0.015267472130788384,-0.03697974773213286,-0.0800427076735366,-0.2457868890600302
1875-03-01,1875.03,4.59,0.3225,0.435,11.51265124,-0.022989518224698635,-0.055880458394456656,-0.07232066157962636,-0.24640041347847685
1875-04-01,1875.04,4.65,0.32,0.4267,11.60773554,-0.030771658666753687,-0.07514529928918645,-0.0645385211375713,-0.2470382048802603
1875-05-01,1875.05,4.47,0.3175,0.4183,11.32232066,-0.038614836127779606,-0.09502761103498802,-0.056695343676545384,-0.2471565598411284
1875-06-01,1875.06,4.38,0.315,0.41,11.13207107,-0.04652001563489283,-0.11506932978478734,-0.04879016416943216,-0.24783616390458119
1875-07-01,1875.07,4.39,0.3125,0.4017,11.13207107,-0.054488185284069734,-0.13552094811790427,-0.040821994520255256,-0.24854434340709042
1875-08-01,1875.08,4.41,0.31,0.3933,11.22715537,-0.06252035698133396,-0.15665381004537693,-0.03278982282299103,-0.24870260831755808
1875-09-01,1875.09,4.37,0.3075,0.385,11.13207107,-0.07061756721395329,-0.17798315519535657,-0.0246926125903717,-0.24946085963158326
1875-10-01,1875.1,4.3,0.305,0.3767,11.13207107,-0.07878087785311427,-0.19977737478514546,-0.016529301951210718,-0.2502531387145899
1875-11-01,1875.11,4.37,0.3025,0.3683,11.03690579,-0.08701137698962991,-0.2223286660321211,-0.008298802814695083,-0.25046145056169555
1875-12-01,1875.12,4.37,0.3,0.36,10.9417405,-0.09531017980432499,-0.24512245803298516,0.0,-0.2513144282809059
1876-01-01,1876.01,4.46,0.3,0.3533,10.84657521,-0.08770558041910581,-0.245700688295459,-0.03114672899683657,-0.22647487948277267
1876-02-01,1876.02,4.52,0.3,0.3467,10.84657521,-0.0800427076735366,-0.2457868890600302,-0.0629397997738741,-0.20195344585450692
1876-03-01,1876.03,4.51,0.3,0.34,10.84657521,-0.07232066157962636,-0.24640041347847685,-0.09614386055290214,-0.17645643734155692
1876-04-01,1876.04,4.34,0.3,0.3333,10.75149091,-0.0645385211375713,-0.2470382048802603,-0.13048840815393725,-0.1506066124243699
1876-05-01,1876.05,4.18,0.3,0.3267,10.37091074,-0.056695343676545384,-0.2471565598411284,-0.16566111590084742,-0.12504071396266792
1876-06-01,1876.06,4.15,0.3,0.32,10.08541488,-0.04879016416943216,-0.24783616390458119,-0.20252426411147395,-0.09844007281325262
1876-07-01,1876.07,4.1,0.3,0.3133,10.08541488,-0.040821994520255256,-0.24854434340709042,-0.24079848655293024,-0.07143532108447026
1876-08-01,1876.08,3.93,0.3,0.3067,10.18058017,-0.03278982282299103,-0.24870260831755808,-0.28015491714271756,-0.04467409513680032
1876-09-01,1876.09,3.69,0.3,0.3,10.27574545,-0.0246926125903717,-0.24946085963158326,-0.3215836241274621,-0.016807118316381153
1876-10-01,1876.1,3.67,0.3,0.2933,10.46599504,-0.016529301951210718,-0.2502531387145899,-0.3648031263892746,0.011525551313370741
1876-11-01,1876.11,3.6,0.3,0.2867,10.56116033,-0.008298802814695083,-0.25046145056169555,-0.409473129505703,0.03966331863137884
1876-12-01,1876.12,3.58,0.3,0.28,10.75149091,0.0,-0.2513144282809059,-0.45675840249571475,0.06899287148695121
1877-01-01,1877.01,3.55,0.2908,0.2817,10.9417405,-0.03114672899683657,-0.22647487948277267,-0.4298310890415864,0.06560291719335787
1877-02-01,1877.02,3.34,0.2817,0.2833,10.65632562,-0.0629397997738741,-0.20195344585450692,-0.4028062392192202,0.06292673932854465
1877-03-01,1877.03,3.17,0.2725,0.285,10.18058017,-0.09614386055290214,-0.17645643734155692,-0.3738597686928333,0.059592097202245675
1877-04-01,1877.04,2.94,0.2633,0.2867,10.46599504,-0.13048840815393725,-0.1506066124243699,-0.3437910159545867,0.05628604180521135
1877-05-01,1877.05,2.94,0.2542,0.2883,10.65632562,-0.16566111590084742,-0.12504071396266792,-0.3134505323756154,0.05368377518083611
1877-06-01,1877.06,2.73,0.245,0.29,10.08541488,-0.20252426411147395,-0.09844007281325262,-0.2809023854664021,0.050430853626892036
1877-07-01,1877.07,2.85,0.2358,0.2917,10.18058017,-0.24079848655293024,-0.07143532108447026,-0.24696186428206413,0.04720541662128608
1877-08-01,1877.08,3.05,0.2267,0.2933,9.8,-0.28015491714271756,-0.04467409513680032,-0.21250340266782408,0.04467409513680032
1877-09-01,1877.09,3.24,0.2175,0.295,9.704834711,-0.3215836241274621,-0.016807118316381153,-0.17544867750619275,0.04149973090675285
1877-10-01,1877.1,3.31,0.2083,0.2967,9.704834711,-0.3648031263892746,0.011525551313370741,-0.13662237286480083,0.038351807595328635
1877-11-01,1877.11,3.26,0.1992,0.2983,9.514585124,-0.409473129505703,0.03966331863137884,-0.09691789719242183,0.03588862519256386
1877-12-01,1877.12,3.25,0.19,0.3,9.514585124,-0.45675840249571475,0.06899287148695121,-0.054067221270275745,0.03278982282299103
1878-01-01,1878.01,3.25,0.1892,0.3008,9.229089256,-0.4298310890415864,0.06560291719335787,-0.04044768121565245,0.04866350974585698
1878-02-01,1878.02,3.18,0.1883,0.3017,9.134004959,-0.4028062392192202,0.06292673932854465,-0.026912280817447343,0.06418628807996529
1878-03-01,1878.03,3.24,0.1875,0.3025,8.94367438,-0.3738597686928333,0.059592097202245675,-0.0134230203321406,0.07940677760441073
1878-04-01,1878.04,3.33,0.1867,0.3033,8.848509091,-0.3437910159545867,0.05628604180521135,0.0,0.09432057061915855
1878-05-01,1878.05,3.34,0.1858,0.3042,8.563094215,-0.3134505323756154,0.05368377518083611,0.013365609283368496,0.10890452409255547
1878-06-01,1878.06,3.41,0.185,0.305,8.372844628,-0.2809023854664021,0.050430853626892036,0.02666824708216131,0.1232326404239481
1878-07-01,1878.07,3.48,0.1842,0.3058,8.467928926,-0.24696186428206413,0.04720541662128608,0.039909526230392345,0.13728496700306603
1878-08-01,1878.08,3.45,0.1833,0.3067,8.563094215,-0.21250340266782408,0.04467409513680032,0.05311923136862595,0.15102502124464023
1878-09-01,1878.09,3.52,0.1825,0.3075,8.563094215,-0.17544867750619275,0.04149973090675285,0.06624938554120074,0.16454938704815691
1878-10-01,1878.1,3.48,0.1817,0.3083,8.467928926,-0.13662237286480083,0.038351807595328635,0.07932274999288791,0.17782448855891486
1878-11-01,1878.11,3.47,0.1808,0.3092,8.372844628,-0.09691789719242183,0.03588862519256386,0.09238958756767435,0.19080209712672236
1878-12-01,1878.12,3.45,0.18,0.31,8.18251405,-0.054067221270275745,0.03278982282299103,0.10536051565782634,0.2035989552412395
1879-01-01,1879.01,3.58,0.1817,0.3158,8.277679339,-0.04044768121565245,0.04866350974585698,0.12065300373628252,0.20898424849030828
1879-02-01,1879.02,3.71,0.1833,0.3217,8.372844628,-0.026912280817447343,0.06418628807996529,0.13598337587180942,0.21358605594261781
1879-03-01,1879.03,3.65,0.185,0.3275,8.277679339,-0.0134230203321406,0.07940677760441073,0.15028220304933781,0.2185528776056106
1879-04-01,1879.04,3.77,0.1867,0.3333,8.18251405,0.0,0.09432057061915855,0.16412449580468458,0.22332355311471375
1879-05-01,1879.05,3.94,0.1883,0.3392,8.18251405,0.013365609283368496,0.10890452409255547,0.1780639665413135,0.22737984854163107
1879-06-01,1879.06,3.96,0.19,0.345,8.087381157,0.02666824708216131,0.1232326404239481,0.1910552367627092,0.23180161405732436
1879-07-01,1879.07,4.04,0.1917,0.3508,8.18251405,0.039909526230392345,0.13728496700306603,0.20365386409256003,0.23605865096229905
1879-08-01,1879.08,4.07,0.1933,0.3567,8.18251405,0.05311923136862595,0.15102502124464023,0.21639553712770598,0.2396590655819576
1879-09-01,1879.09,4.22,0.195,0.3625,8.467928926,0.06624938554120074,0.16454938704815691,0.22825865198098017,0.24362208265775043
1879-10-01,1879.1,4.68,0.1967,0.3683,8.94367438,0.07932274999288791,0.17782448855891486,0.23978119246723306,0.24744536683919638
1879-11-01,1879.11,4.93,0.1983,0.3742,9.419419835,0.09238958756767435,0.19080209712672236,0.2514825096326758,0.2506609693810087
1879-12-01,1879.12,4.92,0.2,0.38,9.704834711,0.10536051565782634,0.2035989552412395,0.26236426446749106,0.2542341383842408
1880-01-01,1880.01,5.11,0.205,0.3892,9.990330579,0.12065300373628252,0.20898424849030828,0.25671984684781424,0.22170366625622218
1880-02-01,1880.02,5.2,0.21,0.3983,9.990330579,0.13598337587180942,0.21358605594261781,0.2513144282809061,0.1901160234485766
1880-03-01,1880.03,5.3,0.215,0.4075,10.08541488,0.15028220304933781,0.2185528776056106,0.2461330695389088,0.15852322723986756
1880-04-01,1880.04,5.18,0.22,0.4167,9.704834711,0.16412449580468458,0.22332355311471375,0.24116205681688818,0.12736289848379456
1880-05-01,1880.05,4.77,0.225,0.4258,9.419419835,0.1780639665413135,0.22737984854163107,0.2363887780642302,0.09705936431994133
1880-06-01,1880.06,4.79,0.23,0.435,9.229089256,0.1910552367627092,0.23180161405732436,0.23180161405732425,0.06669137449867224
1880-07-01,1880.07,5.01,0.235,0.4442,9.229089256,0.20365386409256003,0.23605865096229905,0.22738984219566083,0.0366891979213545
1880-08-01,1880.08,5.19,0.24,0.4533,9.229089256,0.21639553712770598,0.2396590655819576,0.2231435513142097,0.007472562244149716
1880-09-01,1880.09,5.18,0.245,0.4625,9.324254545,0.22825865198098017,0.24362208265775043,0.21905356606268467,-0.02185879381249911
1880-10-01,1880.1,5.33,0.25,0.4717,9.324254545,0.23978119246723306,0.24744536683919638,0.2151113796169455,-0.05088053912882229
1880-11-01,1880.11,5.61,0.255,0.4808,9.419419835,0.2514825096326758,0.2506609693810087,0.21130909366720685,-0.07917647176067089
1880-12-01,1880.12,5.84,0.26,0.49,9.514585124,0.26236426446749106,0.2542341383842408,0.2076393647782444,-0.10763066419236544
1881-01-01,1881.01,6.19,0.265,0.4858,9.419419835,0.25671984684781424,0.22170366625622218,0.18859116980754997,-0.10084212637275136
1881-02-01,1881.02,6.17,0.27,0.4817,9.514585124,0.2513144282809061,0.1901160234485766,0.16989903679539742,-0.09441790621141155
1881-03-01,1881.03,6.24,0.275,0.4775,9.514585124,0.2461330695389088,0.15852322723986756,0.15154989812720077,-0.08748745412311576
1881-04-01,1881.04,6.22,0.28,0.4733,9.609669421,0.24116205681688818,0.12736289848379456,0.13353139262452252,-0.08048297642068714
1881-05-01,1881.05,6.5,0.285,0.4692,9.514585124,0.2363887780642302,0.09705936431994133,0.1158318155251219,-0.07384569426880083
1881-06-01,1881.06,6.58,0.29,0.465,9.514585124,0.23180161405732425,0.06669137449867224,0.09844007281325262,-0.06669137449867224
1881-07-01,1881.07,6.35,0.295,0.4608,9.609669421,0.22738984219566083,0.0366891979213545,0.08134563945395246,-0.05945885193749012
1881-08-01,1881.08,6.2,0.3,0.4567,9.8,0.2231435513142097,0.007472562244149716,0.0645385211375713,-0.05259639144508954
1881-09-01,1881.09,6.25,0.305,0.4525,10.18058017,0.21905356606268467,-0.02185879381249911,0.048009219186360585,-0.04520543676804689
1881-10-01,1881.1,6.15,0.31,0.4483,10.27574545,0.2151113796169455,-0.05088053912882229,0.03174869831458027,-0.03773174859996198
1881-11-01,1881.11,6.19,0.315,0.4442,10.18058017,0.21130909366720685,-0.07917647176067089,0.015748356968139143,-0.030630966178093466
1881-12-01,1881.12,6.01,0.32,0.44,10.18058017,0.2076393647782444,-0.10763066419236544,0.0,-0.022989518224698746
1882-01-01,1882.01,5.92,0.32,0.4392,10.18058017,0.18859116980754997,-0.10084212637275136,0.0024968801985871814,-0.027000601818505943
1882-02-01,1882.02,5.79,0.32,0.4383,10.27574545,0.16989903679539742,-0.09441790621141155,0.005298438451208476,-0.030814438500346708
1882-03-01,1882.03,5.78,0.32,0.4375,10.27574545,0.15154989812720077,-0.08748745412311576,0.007782140442055052,-0.03488725900044065
1882-04-01,1882.04,5.78,0.32,0.4367,10.37091074,0.13353139262452252,-0.08048297642068714,0.010259688937615197,-0.0389917492141012
1882-05-01,1882.05,5.71,0.32,0.4358,10.46599504,0.1158318155251219,-0.07384569426880083,0.013039613507803471,-0.04289887821960947
1882-06-01,1882.06,5.68,0.32,0.435,10.56116033,0.09844007281325262,-0.06669137449867224,0.015504186535965303,-0.047067510857985884
1882-07-01,1882.07,6.0,0.32,0.4342,10.46599504,0.08134563945395246,-0.05945885193749012,0.01796270037417247,-0.05126905166945572
1882-08-01,1882.08,6.18,0.32,0.4333,10.56116033,0.0645385211375713,-0.05259639144508954,0.02072132281325212,-0.05527316904751034
1882-09-01,1882.09,6.24,0.32,0.4325,10.27574545,0.048009219186360585,-0.04520543676804689,0.023167059281534508,-0.05954139369101663
1882-10-01,1882.1,6.07,0.32,0.4317,10.18058017,0.03174869831458027,-0.03773174859996198,0.025606828713774732,-0.06384383545489258
1882-11-01,1882.11,5.81,0.32,0.4308,10.08541488,0.015748356968139143,-0.030630966178093466,0.028344473009142446,-0.06794884842361537
1882-12-01,1882.12,5.84,0.32,0.43,9.990330579,0.0,-0.022989518224698746,0.030771658666753687,-0.07232066157962602
1883-01-01,1883.01,5.81,0.3208,0.4275,9.990330579,0.0024968801985871814,-0.027000601818505943,0.02310994851518755,-0.08541775115435168
1883-02-01,1883.02,5.68,0.3217,0.425,10.08541488,0.005298438451208476,-0.030814438500346708,0.015422884362043643,-0.09884583463663266
1883-03-01,1883.03,5.75,0.3225,0.4225,9.990330579,0.007782140442055052,-0.03488725900044065,0.007722046093910251,-0.11261887810814908
1883-04-01,1883.04,5.87,0.3233,0.42,9.895165289,0.010259688937615197,-0.0389917492141012,0.0,-0.12675170563914384
1883-05-01,1883.05,5.77,0.3242,0.4175,9.8,0.013039613507803471,-0.04289887821960947,-0.0077411750565949955,-0.14126006999618057
1883-06-01,1883.06,5.82,0.325,0.415,9.514585124,0.015504186535965303,-0.047067510857985884,-0.015504186535965303,-0.15616073075528247
1883-07-01,1883.07,5.73,0.3258,0.4125,9.324254545,0.01796270037417247,-0.05126905166945572,-0.023289361879897497,-0.1714715407698888
1883-08-01,1883.08,5.47,0.3267,0.41,9.324254545,0.02072132281325212,-0.05527316904751034,-0.031087365062430372,-0.18721154208814617
1883-09-01,1883.09,5.53,0.3275,0.4075,9.229089256,0.023167059281534508,-0.05954139369101663,-0.03891541624967365,-0.2034010725850085
1883-10-01,1883.1,5.38,0.3283,0.405,9.229089256,0.025606828713774732,-0.06384383545489258,-0.04676662654940089,-0.22006188477680166
1883-11-01,1883.11,5.46,0.3292,0.4025,9.134004959,0.028344473009142446,-0.06794884842361537,-0.05462428202962344,-0.23721727852587182
1883-12-01,1883.12,5.34,0.33,0.4,9.229089256,0.030771658666753687,-0.07232066157962602,-0.06252035698133396,-0.2548922496287901
1884-01-01,1884.01,5.18,0.3283,0.3925,9.229089256,0.02310994851518755,-0.08541775115435168,-0.07624244468235442,-0.2466664661022574
1884-02-01,1884.02,5.32,0.3267,0.385,9.229089256,0.015422884362043643,-0.09884583463663266,-0.09094262708632139,-0.23852091959324873
1884-03-01,1884.03,5.3,0.325,0.3775,9.229089256,0.007722046093910251,-0.11261887810814908,-0.10536051565782634,-0.22978809403287848
1884-04-01,1884.04,5.06,0.3233,0.37,9.038839669,0.0,-0.12675170563914384,-0.12014431184206331,-0.22078147834149398
1884-05-01,1884.05,4.65,0.3217,0.3625,8.848509091,-0.0077411750565949955,-0.14126006999618057,-0.13597676209332477,-0.2118284983113241
1884-06-01,1884.06,4.46,0.32,0.355,8.848509091,-0.015504186535965303,-0.15616073075528247,-0.15154989812720077,-0.20223686649489614
1884-07-01,1884.07,4.46,0.3183,0.3475,8.753424793,-0.023289361879897497,-0.1714715407698888,-0.16753973651747445,-0.19232829211552271
1884-08-01,1884.08,4.74,0.3167,0.34,8.753424793,-0.031087365062430372,-0.18721154208814617,-0.1846608870423303,-0.18243921077373648
1884-09-01,1884.09,4.59,0.315,0.3325,8.658259504,-0.03891541624967365,-0.2034010725850085,-0.20155291872184233,-0.17185025692665912
1884-10-01,1884.1,4.44,0.3133,0.325,8.563094215,-0.04676662654940089,-0.22006188477680166,-0.21892329581687608,-0.16089129553685733
1884-11-01,1884.11,4.35,0.3117,0.3175,8.372844628,-0.05462428202962344,-0.23721727852587182,-0.23752298964135687,-0.149907725398724
1884-12-01,1884.12,4.34,0.31,0.31,8.277679339,-0.06252035698133396,-0.2548922496287901,-0.25593337413720074,-0.13815033848081715
1885-01-01,1885.01,4.24,0.3042,0.3067,8.277679339,-0.07624244468235442,-0.2466664661022574,-0.24415499572049604,-0.10909897345363428
1885-02-01,1885.02,4.37,0.2983,0.3033,8.372844628,-0.09094262708632139,-0.23852091959324873,-0.23130617500076478,-0.07993281152528575
1885-03-01,1885.03,4.38,0.2925,0.3,8.18251405,-0.10536051565782634,-0.22978809403287848,-0.21887915252775225,-0.05129329438755059
1885-04-01,1885.04,4.37,0.2867,0.2967,8.277679339,-0.12014431184206331,-0.22078147834149398,-0.20611119386193977,-0.022840604316256563
1885-05-01,1885.05,4.32,0.2808,0.2933,8.087381157,-0.13597676209332477,-0.2118284983113241,-0.1921992407133255,0.005779380356414343
1885-06-01,1885.06,4.3,0.275,0.29,7.897091074,-0.15154989812720077,-0.20223686649489614,-0.1786917887433761,0.03390155167568132
1885-07-01,1885.07,4.46,0.2692,0.2867,7.992232066,-0.16753973651747445,-0.19232829211552271,-0.1647940442348228,0.06187540371808753
1885-08-01,1885.08,4.71,0.2633,0.2833,7.992232066,-0.1846608870423303,-0.18243921077373648,-0.1496665089887803,0.09006589064272119
1885-09-01,1885.09,4.65,0.2575,0.28,7.897091074,-0.20155291872184233,-0.17185025692665912,-0.13491931789937062,0.11778303565638337
1885-10-01,1885.1,4.92,0.2517,0.2767,7.897091074,-0.21892329581687608,-0.16089129553685733,-0.11972174329515783,0.14538710900089202
1885-11-01,1885.11,5.24,0.2458,0.2733,7.992232066,-0.23752298964135687,-0.149907725398724,-0.10319308050966858,0.1732550893957152
1885-12-01,1885.12,5.2,0.24,0.27,8.18251405,-0.25593337413720074,-0.13815033848081715,-0.08701137698962969,0.2006706954621511
1886-01-01,1886.01,5.2,0.2383,0.275,7.992232066,-0.24415499572049604,-0.10909897345363428,-0.06860328249840153,0.18986876242933737
1886-02-01,1886.02,5.3,0.2367,0.28,7.992232066,-0.23130617500076478,-0.07993281152528575,-0.05069311431551804,0.17934092865581674
1886-03-01,1886.03,5.19,0.235,0.285,7.897091074,-0.21887915252775225,-0.05129329438755059,-0.03243527575315386,0.1690763300439342
1886-04-01,1886.04,5.12,0.2333,0.29,7.801941983,-0.20611119386193977,-0.022840604316256563,-0.014245870104188985,0.15906469462968764
1886-05-01,1886.05,5.02,0.2317,0.295,7.611651901,-0.1921992407133255,0.005779380356414343,0.00344679358908051,0.1492963013624602
1886-06-01,1886.06,5.25,0.23,0.3,7.51650281,-0.1786917887433761,0.03390155167568132,0.02150620522096358,0.13976194237515882
1886-07-01,1886.07,5.33,0.2283,0.305,7.611651901,-0.1647940442348228,0.06187540371808753,0.03950706993894593,0.13045288839743518
1886-08-01,1886.08,5.37,0.2267,0.31,7.706792893,-0.1496665089887803,0.09006589064272119,0.057011365828507854,0.12136085700426724
1886-09-01,1886.09,5.51,0.225,0.315,7.706792893,-0.13491931789937062,0.11778303565638337,0.0749013081731178,0.11247798342669024
1886-10-01,1886.1,5.65,0.2233,0.32,7.706792893,-0.11972174329515783,0.14538710900089202,0.09274205169861482,0.10379679368164352
1886-11-01,1886.11,5.79,0.2217,0.325,7.706792893,-0.10319308050966858,0.1732550893957152,0.11008546538647912,0.09531017980432477
1886-12-01,1886.12,5.64,0.22,0.33,7.801941983,-0.08701137698962969,0.2006706954621511,0.12783337150988494,0.08701137698962969
1887-01-01,1887.01,5.58,0.2225,0.3325,7.992232066,-0.06860328249840153,0.18986876242933737,0.10971059090782598,0.056138679384027945
1887-02-01,1887.02,5.54,0.225,0.335,8.087381157,-0.05069311431551804,0.17934092865581674,0.09207262133089089,0.024474168638579874
1887-03-01,1887.03,5.67,0.2275,0.3375,8.087381157,-0.03243527575315386,0.1690763300439342,0.07410797215372189,-0.0074349784875180625
1887-04-01,1887.04,5.8,0.23,0.34,8.087381157,-0.014245870104188985,0.15906469462968764,0.056215940866281455,-0.0399032990031829
1887-05-01,1887.05,5.9,0.2325,0.3425,8.087381157,0.00344679358908051,0.1492963013624602,0.03880706268202627,-0.07327732341423276
1887-06-01,1887.06,5.73,0.235,0.345,7.992232066,0.02150620522096358,0.13976194237515882,0.021053409197832273,-0.10697211955216779
1887-07-01,1887.07,5.59,0.2375,0.3475,7.897091074,0.03950706993894593,0.13045288839743518,0.0033627606300006274,-0.14133151883983142
1887-08-01,1887.08,5.45,0.24,0.35,7.992232066,0.057011365828507854,0.12136085700426724,-0.013845406822053041,-0.17673717850005377
1887-09-01,1887.09,5.38,0.2425,0.3525,7.897091074,0.0749013081731178,0.11247798342669024,-0.03141619623337899,-0.212561441983673
1887-10-01,1887.1,5.2,0.245,0.355,7.992232066,0.09274205169861482,0.10379679368164352,-0.04893303151734263,-0.24918390268253554
1887-11-01,1887.11,5.3,0.2475,0.3575,8.087381157,0.11008546538647912,0.09531017980432477,-0.06596715057041447,-0.28702960470248384
1887-12-01,1887.12,5.27,0.25,0.36,8.277679339,0.12783337150988494,0.08701137698962969,-0.08338160893905111,-0.3254224004346278
1888-01-01,1888.01,5.31,0.2483,0.3517,8.372844628,0.10971059090782598,0.056138679384027945,-0.0800427076735366,-0.2894844729776731
1888-02-01,1888.02,5.28,0.2467,0.3433,8.277679339,0.09207262133089089,0.024474168638579874,-0.07751246999956107,-0.2524802692756778
1888-03-01,1888.03,5.08,0.245,0.335,8.277679339,0.07410797215372189,-0.0074349784875180625,-0.07410797215372189,-0.21570857282669165
1888-04-01,1888.04,5.1,0.2433,0.3267,8.18251405,0.056215940866281455,-0.0399032990031829,-0.07066769227599345,-0.17847222567300203
1888-05-01,1888.05,5.17,0.2417,0.3183,8.087381157,0.03880706268202627,-0.07327732341423276,-0.06804763599387553,-0.140060447495167
1888-06-01,1888.06,5.01,0.24,0.31,7.992232066,0.021053409197832273,-0.10697211955216779,-0.06453852113757108,-0.10178269430994225
1888-07-01,1888.07,5.14,0.2383,0.3017,8.087381157,0.0033627606300006274,-0.14133151883983142,-0.06099187346663704,-0.06292673932854465
1888-08-01,1888.08,5.25,0.2367,0.2933,8.087381157,-0.013845406822053041,-0.17673717850005377,-0.058277357673826025,-0.022759603094081315
1888-09-01,1888.09,5.38,0.235,0.285,8.087381157,-0.03141619623337899,-0.212561441983673,-0.054658412537863965,0.017391742711869274
1888-10-01,1888.1,5.35,0.2333,0.2767,8.18251405,-0.04893303151734263,-0.24918390268253554,-0.05100006240511856,0.058262089190525224
1888-11-01,1888.11,5.24,0.2317,0.2683,8.277679339,-0.06596715057041447,-0.28702960470248384,-0.04818611703539011,0.10061576986519771
1888-12-01,1888.12,5.14,0.23,0.26,8.277679339,-0.08338160893905111,-0.3254224004346278,-0.04445176257083383,0.1431008436406731
1889-01-01,1889.01,5.24,0.2292,0.2633,7.992232066,-0.0800427076735366,-0.2894844729776731,-0.04096743848822282,0.12781817959805863
1889-02-01,1889.02,5.3,0.2283,0.2667,7.897091074,-0.07751246999956107,-0.2524802692756778,-0.03703300718338842,0.11197526033273442
1889-03-01,1889.03,5.19,0.2275,0.27,7.801941983,-0.07410797215372189,-0.21570857282669165,-0.03352269203864355,0.09699226598730948
1889-04-01,1889.04,5.18,0.2267,0.2733,7.801941983,-0.07066769227599345,-0.17847222567300203,-0.03000001116112183,0.08215143436275385
1889-05-01,1889.05,5.32,0.2258,0.2767,7.611651901,-0.06804763599387553,-0.140060447495167,-0.026022105363200154,0.06674966348381917
1889-06-01,1889.06,5.41,0.225,0.28,7.611651901,-0.06453852113757108,-0.10178269430994225,-0.022472855852058604,0.05218575317057006
1889-07-01,1889.07,5.3,0.2242,0.2833,7.611651901,-0.06099187346663704,-0.06292673932854465,-0.01891096428569794,0.037753401330866465
1889-08-01,1889.08,5.37,0.2233,0.2867,7.611651901,-0.058277357673826025,-0.022759603094081315,-0.01488861249375062,0.022759603094081315
1889-09-01,1889.09,5.5,0.2225,0.29,7.706792893,-0.054658412537863965,0.017391742711869274,-0.011299555253933447,0.008583743691391588
1889-10-01,1889.1,5.4,0.2217,0.2933,7.706792893,-0.05100006240511856,0.058262089190525224,-0.0076975702699042525,-0.00547009910972962
1889-11-01,1889.11,5.35,0.2208,0.2967,7.706792893,-0.04818611703539011,0.10061576986519771,-0.0036297680505787966,-0.020085781637411815
1889-12-01,1889.12,5.32,0.22,0.3,7.801941983,-0.04445176257083383,0.1431008436406731,0.0,-0.03390155167568132
1890-01-01,1890.01,5.38,0.22,0.2992,7.611651901,-0.04096743848822282,0.12781817959805863,0.0,-0.016852437932985076
1890-02-01,1890.02,5.32,0.22,0.2983,7.611651901,-0.03703300718338842,0.11197526033273442,0.0,0.0
1890-03-01,1890.03,5.28,0.22,0.2975,7.611651901,-0.03352269203864355,0.09699226598730948,0.0,0.01666705248521172
1890-04-01,1890.04,5.39,0.22,0.2967,7.611651901,-0.03000001116112183,0.08215143436275385,0.0,0.03314854382342958
1890-05-01,1890.05,5.62,0.22,0.2958,7.706792893,-0.026022105363200154,0.06674966348381917,0.0,0.04946606821679311
1890-06-01,1890.06,5.58,0.22,0.295,7.706792893,-0.022472855852058604,0.05218575317057006,0.0,0.06559728248581331
1890-07-01,1890.07,5.54,0.22,0.2942,7.706792893,-0.01891096428569794,0.037753401330866465,0.0,0.08155805740831634
1890-08-01,1890.08,5.41,0.22,0.2933,7.992232066,-0.01488861249375062,0.022759603094081315,0.0,0.097384708747982
1890-09-01,1890.09,5.32,0.22,0.2925,8.087381157,-0.011299555253933447,0.008583743691391588,0.0,0.11302338840339554
1890-10-01,1890.1,5.08,0.22,0.2917,8.087381157,-0.0076975702699042525,-0.00547009910972962,0.0,0.128505069079331
1890-11-01,1890.11,4.71,0.22,0.2908,7.897091074,-0.0036297680505787966,-0.020085781637411815,0.0,0.143879998984076
1890-12-01,1890.12,4.6,0.22,0.29,7.897091074,0.0,-0.03390155167568132,0.0,0.15906469462968764
1891-01-01,1891.01,4.84,0.22,0.2942,7.801941983,0.0,-0.016852437932985076,0.0076975702699042525,0.15201184953494273
1891-02-01,1891.02,4.9,0.22,0.2983,7.897091074,0.0,0.0,0.01488861249375062,0.1454447255106568
1891-03-01,1891.03,4.81,0.22,0.3025,7.992232066,0.0,0.01666705248521172,0.022472855852058604,0.13868338753395082
1891-04-01,1891.04,4.97,0.22,0.3067,8.087381157,0.0,0.03314854382342958,0.03000001116112183,0.13206308336325345
1891-05-01,1891.05,4.95,0.22,0.3108,7.992232066,0.0,0.04946606821679311,0.03703300718338842,0.12590100375883084
1891-06-01,1891.06,4.85,0.22,0.315,7.801941983,0.0,0.06559728248581331,0.04445176257083383,0.11954515064978266
1891-07-01,1891.07,4.77,0.22,0.3192,7.706792893,0.0,0.08155805740831634,0.051815885085968905,0.11331749655840873
1891-08-01,1891.08,4.93,0.22,0.3233,7.706792893,0.0,0.097384708747982,0.058697632675022815,0.10752334671876818
1891-09-01,1891.09,5.33,0.22,0.3275,7.611651901,0.0,0.11302338840339554,0.06595796779179741,0.1015364192194228
1891-10-01,1891.1,5.33,0.22,0.3317,7.611651901,0.0,0.128505069079331,0.07316597016757664,0.09566640762948464
1891-11-01,1891.11,5.25,0.22,0.3358,7.51650281,0.0,0.143879998984076,0.07990283775233498,0.09020757400945101
1891-12-01,1891.12,5.41,0.22,0.34,7.51650281,0.0,0.15906469462968764,0.08701137698962969,0.0845573880280629
1892-01-01,1892.01,5.51,0.2217,0.3425,7.326212727,0.0076975702699042525,0.15201184953494273,0.08264159681240013,0.05205213048618873
1892-02-01,1892.02,5.52,0.2233,0.345,7.326212727,0.01488861249375062,0.1454447255106568,0.07918112886332507,0.01923412244857703
1892-03-01,1892.03,5.58,0.225,0.3475,7.135922645,0.022472855852058604,0.13868338753395082,0.0749013081731178,-0.014493007302566863
1892-04-01,1892.04,5.57,0.2267,0.35,7.040773554,0.03000001116112183,0.13206308336325345,0.07066769227599345,-0.048890169169765185
1892-05-01,1892.05,5.57,0.2283,0.3525,7.040773554,0.03703300718338842,0.12590100375883084,0.06732700814085435,-0.08369001295074763
1892-06-01,1892.06,5.54,0.23,0.355,7.040773554,0.04445176257083383,0.11954515064978266,0.06317890162153161,-0.11954515064978266
1892-07-01,1892.07,5.54,0.2317,0.3575,7.231071736,0.051815885085968905,0.11331749655840873,0.059074765693603926,-0.1562040686391004
1892-08-01,1892.08,5.62,0.2333,0.36,7.326212727,0.058697632675022815,0.10752334671876818,0.05584784450792668,-0.19338250415337943
1892-09-01,1892.09,5.48,0.235,0.3625,7.326212727,0.06595796779179741,0.1015364192194228,0.05182506786458596,-0.23180161405732447
1892-10-01,1892.1,5.59,0.2367,0.365,7.326212727,0.07316597016757664,0.09566640762948464,0.04784417599418278,-0.27119768505064634
1892-11-01,1892.11,5.57,0.2383,0.3675,7.51650281,0.07990283775233498,0.09020757400945101,0.04472540280860149,-0.3112687208823186
1892-12-01,1892.12,5.51,0.24,0.37,7.611651901,0.08701137698962969,0.0845573880280629,0.040821994520255256,-0.3528213746227423
1893-01-01,1893.01,5.61,0.2408,0.3608,7.897091074,0.08264159681240013,0.05205213048618873,0.024206310100645112,-0.3600858860471987
1893-02-01,1893.02,5.51,0.2417,0.3517,7.992232066,0.07918112886332507,0.01923412244857703,0.006597962080039599,-0.36848328969045996
1893-03-01,1893.03,5.31,0.2425,0.3425,7.801941983,0.0749013081731178,-0.014493007302566863,-0.010362787035546717,-0.376686143558121
1893-04-01,1893.04,5.31,0.2433,0.3333,7.706792893,0.07066769227599345,-0.048890169169765185,-0.027501733269538642,-0.38541542780021065
1893-05-01,1893.05,4.84,0.2442,0.3242,7.611651901,0.06732700814085435,-0.08369001295074763,-0.04566238264921996,-0.39549034574567754
1893-06-01,1893.06,4.61,0.245,0.315,7.421361818,0.06317890162153161,-0.11954515064978266,-0.06317890162153161,-0.4054651081081644
1893-07-01,1893.07,4.18,0.2458,0.3058,7.231071736,0.059074765693603926,-0.1562040686391004,-0.080890639618451,-0.41614984853479586
1893-08-01,1893.08,4.08,0.2467,0.2967,6.945632562,0.05584784450792668,-0.19338250415337943,-0.09965686468919888,-0.42847814108249094
1893-09-01,1893.09,4.37,0.2475,0.2875,7.231071736,0.05182506786458596,-0.23180161405732447,-0.11778303565638337,-0.4408670351590802
1893-10-01,1893.1,4.5,0.2483,0.2783,7.326212727,0.04784417599418278,-0.27119768505064634,-0.1361237839718077,-0.4542462892061945
1893-11-01,1893.11,4.57,0.2492,0.2692,7.135922645,0.04472540280860149,-0.3112687208823186,-0.15555616143599327,-0.46970649657381247
1893-12-01,1893.12,4.41,0.25,0.26,7.040773554,0.040821994520255256,-0.3528213746227423,-0.17435338714477777,-0.485507815781701
1894-01-01,1894.01,4.32,0.2467,0.2517,6.850483471,0.024206310100645112,-0.3600858860471987,-0.1691936752683847,-0.4072545508761487
1894-02-01,1894.02,4.38,0.2433,0.2433,6.755342479,0.006597962080039599,-0.36848328969045996,-0.16302678310175422,-0.3295092758659628
1894-03-01,1894.03,4.51,0.24,0.235,6.565052397,-0.010362787035546717,-0.376686143558121,-0.1576289442035832,-0.2528353411216129
1894-04-01,1894.04,4.57,0.2367,0.2267,6.565052397,-0.027501733269538642,-0.38541542780021065,-0.15211079588563714,-0.1766034853529972
1894-05-01,1894.05,4.4,0.2333,0.2183,6.565052397,-0.04566238264921996,-0.39549034574567754,-0.14554373406721832,-0.10013167921472155
1894-06-01,1894.06,4.34,0.23,0.21,6.565052397,-0.06317890162153161,-0.4054651081081644,-0.1397619423751586,-0.024097551579060683
1894-07-01,1894.07,4.25,0.2267,0.2017,6.565052397,-0.080890639618451,-0.41614984853479586,-0.13384652198773295,0.05216054340430554
1894-08-01,1894.08,4.41,0.2233,0.1933,6.755342479,-0.09965686468919888,-0.42847814108249094,-0.12683643345109874,0.1293841601380763
1894-09-01,1894.09,4.48,0.22,0.185,6.850483471,-0.11778303565638337,-0.4408670351590802,-0.12062798778861472,0.20679441331268023
1894-10-01,1894.1,4.34,0.2167,0.1767,6.660193388,-0.1361237839718077,-0.4542462892061945,-0.11427052232802803,0.2851321348185083
1894-11-01,1894.11,4.34,0.2133,0.1683,6.660193388,-0.15555616143599327,-0.46970649657381247,-0.10676797542570582,0.36525360918077765
1894-12-01,1894.12,4.3,0.21,0.16,6.565052397,-0.17435338714477777,-0.485507815781701,-0.10008345855698253,0.44628710262841964
1895-01-01,1895.01,4.25,0.2083,0.1675,6.565052397,-0.1691936752683847,-0.4072545508761487,-0.09617469164914838,0.38718967227018974
1895-02-01,1895.02,4.19,0.2067,0.175,6.565052397,-0.16302678310175422,-0.3295092758659628,-0.09323203102461597,0.3295092758659628
1895-03-01,1895.03,4.19,0.205,0.1825,6.565052397,-0.1576289442035832,-0.2528353411216129,-0.08923113372794256,0.27388875031944515
1895-04-01,1895.04,4.37,0.2033,0.19,6.850483471,-0.15211079588563714,-0.1766034853529972,-0.08517967008662408,0.219769444359452
1895-05-01,1895.05,4.61,0.2017,0.1975,6.945632562,-0.14554373406721832,-0.10013167921472155,-0.0821106185804279,0.16658659468620773
1895-06-01,1895.06,4.7,0.2,0.205,7.040773554,-0.1397619423751586,-0.024097551579060683,-0.0779615414697119,0.11506932978478734
1895-07-01,1895.07,4.72,0.1983,0.2125,6.945632562,-0.13384652198773295,0.05216054340430554,-0.07375891170454385,0.0646855691490118
1895-08-01,1895.08,4.79,0.1967,0.22,6.850483471,-0.12683643345109874,0.1293841601380763,-0.07055557054935413,0.01488861249375062
1895-09-01,1895.09,4.82,0.195,0.2275,6.850483471,-0.12062798778861472,0.20679441331268023,-0.06624938554120074,-0.03352269203864355
1895-10-01,1895.1,4.75,0.1933,0.235,6.850483471,-0.11427052232802803,0.2851321348185083,-0.06188641081215973,-0.08107160560184568
1895-11-01,1895.11,4.59,0.1917,0.2425,6.850483471,-0.10676797542570582,0.36525360918077765,-0.05854020209352284,-0.1283020849002332
1895-12-01,1895.12,4.32,0.19,0.25,6.755342479,-0.10008345855698253,0.44628710262841964,-0.054067221270275745,-0.17435338714477777
1896-01-01,1896.01,4.27,0.1892,0.2467,6.660193388,-0.09617469164914838,0.38718967227018974,-0.04984780572756753,-0.12230275997941287
1896-02-01,1896.02,4.45,0.1883,0.2433,6.565052397,-0.09323203102461597,0.3295092758659628,-0.0450795847728962,-0.07066769227599345
1896-03-01,1896.03,4.38,0.1875,0.24,6.565052397,-0.08923113372794256,0.27388875031944515,-0.040821994520255034,-0.021053409197832273
1896-04-01,1896.04,4.42,0.1867,0.2367,6.469903306,-0.08517967008662408,0.219769444359452,-0.03654619965746653,0.027501733269538642
1896-05-01,1896.05,4.4,0.1858,0.2333,6.374754215,-0.0821106185804279,0.16658659468620773,-0.0317139754895277,0.07591272311388564
1896-06-01,1896.06,4.32,0.185,0.23,6.279613223,-0.0779615414697119,0.11506932978478734,-0.027398974188114433,0.12260232209233246
1896-07-01,1896.07,4.04,0.1842,0.2267,6.279613223,-0.07375891170454385,0.0646855691490118,-0.02306527293099614,0.1684781999180951
1896-08-01,1896.08,3.81,0.1833,0.2233,6.279613223,-0.07055557054935413,0.01488861249375062,-0.018167303955448855,0.21441772794676806
1896-09-01,1896.09,4.01,0.1825,0.22,6.279613223,-0.06624938554120074,-0.03352269203864355,-0.01379332213233564,0.2588616339162888
1896-10-01,1896.1,4.1,0.1817,0.2167,6.469903306,-0.06188641081215973,-0.08107160560184568,-0.009400124511915076,0.30268206744109216
1896-11-01,1896.11,4.38,0.1808,0.2133,6.660193388,-0.05854020209352284,-0.1283020849002332,-0.004434597067865642,0.3467335206877107
1896-12-01,1896.12,4.22,0.18,0.21,6.660193388,-0.054067221270275745,-0.17435338714477777,0.0,0.38946476676172326
1897-01-01,1897.01,4.22,0.18,0.2183,6.469903306,-0.04984780572756753,-0.12230275997941287,0.009400124511915076,0.3612909344022479
1897-02-01,1897.02,4.18,0.18,0.2267,6.469903306,-0.0450795847728962,-0.07066769227599345,0.018167303955448855,0.3343273960311106
1897-03-01,1897.03,4.19,0.18,0.235,6.469903306,-0.040821994520255034,-0.021053409197832273,0.027398974188114433,0.3087354816496133
1897-04-01,1897.04,4.06,0.18,0.2433,6.374754215,-0.03654619965746653,0.027501733269538642,0.03654619965746653,0.2842854349419106
1897-05-01,1897.05,4.08,0.18,0.2517,6.279613223,-0.0317139754895277,0.07591272311388564,0.0450795847728962,0.26080441646575436
1897-06-01,1897.06,4.27,0.18,0.26,6.279613223,-0.027398974188114433,0.12260232209233246,0.054067221270275745,0.2384110234449981
1897-07-01,1897.07,4.46,0.18,0.2683,6.279613223,-0.02306527293099614,0.1684781999180951,0.06297479916138848,0.21693722788211556
1897-08-01,1897.08,4.75,0.18,0.2767,6.565052397,-0.018167303955448855,0.21441772794676806,0.0712865353240748,0.19625843937414866
1897-09-01,1897.09,4.98,0.18,0.285,6.755342479,-0.01379332213233564,0.2588616339162888,0.08004270767353638,0.17645643734155692
1897-10-01,1897.1,4.82,0.18,0.2933,6.660193388,-0.009400124511915076,0.30268206744109216,0.08872287450480298,0.1574087244802409
1897-11-01,1897.11,4.65,0.18,0.3017,6.660193388,-0.004434597067865642,0.3467335206877107,0.09682418463553999,0.13902670652596227
1897-12-01,1897.12,4.75,0.18,0.31,6.660193388,0.0,0.38946476676172326,0.10536051565782634,0.12136085700426724
1898-01-01,1898.01,4.88,0.1817,0.3133,6.660193388,0.009400124511915076,0.3612909344022479,0.09995241241544872,0.14116259023032263
1898-02-01,1898.02,4.87,0.1833,0.3167,6.755342479,0.018167303955448855,0.3343273960311106,0.09565729011450674,0.1601321237586124
1898-03-01,1898.03,4.65,0.185,0.32,6.755342479,0.027398974188114433,0.3087354816496133,0.09038406146826894,0.17840765747281828
1898-04-01,1898.04,4.57,0.1867,0.3233,6.755342479,0.03654619965746653,0.2842854349419106,0.08517967008662408,0.1959919947063764
1898-05-01,1898.05,4.87,0.1883,0.3267,7.231071736,0.0450795847728962,0.26080441646575436,0.08106347006745862,0.2128674863624963
1898-06-01,1898.06,5.06,0.19,0.33,6.755342479,0.054067221270275745,0.2384110234449981,0.07598590697792185,0.2291858657701723
1898-07-01,1898.07,5.08,0.1917,0.3333,6.660193388,0.06297479916138848,0.21693722788211556,0.0709731733483503,0.24492676714568506
1898-08-01,1898.08,5.27,0.1933,0.3367,6.660193388,0.0712865353240748,0.19625843937414866,0.06702508047343736,0.2600541343244863
1898-09-01,1898.09,5.26,0.195,0.34,6.660193388,0.08004270767353638,0.17645643734155692,0.06213178110700612,0.2747309201047028
1898-10-01,1898.1,5.15,0.1967,0.3433,6.660193388,0.08872287450480298,0.1574087244802409,0.057299622871912925,0.288919291051432
1898-11-01,1898.11,5.32,0.1983,0.3467,6.660193388,0.09682418463553999,0.13902670652596227,0.05350969666501748,0.3025692640883427
1898-12-01,1898.12,5.65,0.2,0.35,6.755342479,0.10536051565782634,0.12136085700426724,0.04879016416943194,0.3158529494184774
1899-01-01,1899.01,6.08,0.2008,0.3608,6.755342479,0.09995241241544872,0.14116259023032263,0.0798894627111646,0.2854623157134679
1899-02-01,1899.02,6.31,0.2017,0.3717,6.945632562,0.09565729011450674,0.1601321237586124,0.10931895724425411,0.25569902659873023
1899-03-01,1899.03,6.4,0.2025,0.3825,6.945632562,0.09038406146826894,0.17840765747281828,0.13815033848081715,0.2270574506353461
1899-04-01,1899.04,6.48,0.2033,0.3933,7.040773554,0.08517967008662408,0.1959919947063764,0.16595620270769018,0.19921342446417278
1899-05-01,1899.05,6.21,0.2042,0.4042,7.040773554,0.08106347006745862,0.2128674863624963,0.19231067627817966,0.17187629893241596
1899-06-01,1899.06,6.07,0.205,0.415,7.135922645,0.07598590697792185,0.2291858657701723,0.21825356602001822,0.1455075836712384
1899-07-01,1899.07,6.28,0.2058,0.4258,7.231071736,0.0709731733483503,0.24492676714568506,0.2433462586317292,0.11981635144255753
1899-08-01,1899.08,6.44,0.2067,0.4367,7.326212727,0.06702508047343736,0.2600541343244863,0.2671534923106522,0.09453964341042143
1899-09-01,1899.09,6.37,0.2075,0.4475,7.611651901,0.06213178110700612,0.2747309201047028,0.2906895935157363,0.07010956618702657
1899-10-01,1899.1,6.34,0.2083,0.4583,7.706792893,0.057299622871912925,0.288919291051432,0.313509832001724,0.04626211238685829
1899-11-01,1899.11,6.46,0.2092,0.4692,7.801941983,0.05350969666501748,0.3025692640883427,0.3351739344811433,0.0227569871226162
1899-12-01,1899.12,6.02,0.21,0.48,7.897091074,0.04879016416943194,0.3158529494184774,0.3566749439387322,0.0
1900-01-01,1900.01,6.1,0.2175,0.48,7.897091074,0.0798894627111646,0.2854623157134679,0.3272342956362766,0.0035354097342384927
1900-02-01,1900.02,6.21,0.225,0.48,7.992232066,0.10931895724425411,0.25569902659873023,0.29862201249011533,0.006851474949101766
1900-03-01,1900.03,6.26,0.2325,0.48,7.992232066,0.13815033848081715,0.2270574506353461,0.2714215515800007,0.010362787035546495
1900-04-01,1900.04,6.34,0.24,0.48,7.992232066,0.16595620270769018,0.19921342446417278,0.24523114777821453,0.013861812937472018
1900-05-01,1900.05,6.04,0.2475,0.48,7.801941983,0.19231067627817966,0.17187629893241596,0.2196627528833599,0.01714386716567795
1900-06-01,1900.06,5.86,0.255,0.48,7.706792893,0.21825356602001822,0.1455075836712384,0.19530875232076572,0.020619287202735648
1900-07-01,1900.07,5.86,0.2625,0.48,7.801941983,0.2433462586317292,0.11981635144255753,0.17179010474161283,0.02408267051595714
1900-08-01,1900.08,5.94,0.27,0.48,7.706792893,0.2671534923106522,0.09453964341042143,0.14873923895977126,0.027331404337755938
1900-09-01,1900.09,5.8,0.2775,0.48,7.801941983,0.2906895935157363,0.07010956618702657,0.12675170563914384,0.030771658666753687
1900-10-01,1900.1,6.01,0.285,0.48,7.706792893,0.313509832001724,0.04626211238685829,0.10546577327594364,0.03420011821136815
1900-11-01,1900.11,6.48,0.2925,0.48,7.706792893,0.3351739344811433,0.0227569871226162,0.084529667616136,0.03741620138542234
1900-12-01,1900.12,6.87,0.3,0.48,7.611651901,0.3566749439387322,0.0,0.0645385211375713,0.040821994520255145
1901-01-01,1901.01,7.07,0.3017,0.4817,7.706792893,0.3272342956362766,0.0035354097342384927,0.061384729827344,0.05865661052220916
1901-02-01,1901.02,7.25,0.3033,0.4833,7.611651901,0.29862201249011533,0.006851474949101766,0.05889701955044524,0.07645513117730873
1901-03-01,1901.03,7.51,0.305,0.485,7.611651901,0.2714215515800007,0.010362787035546495,0.05579135962841564,0.09343400664609702
1901-04-01,1901.04,8.14,0.3067,0.4867,7.51650281,0.24523114777821453,0.013861812937472018,0.05271061361118168,0.1100137367180688
1901-05-01,1901.05,7.73,0.3083,0.4883,7.51650281,0.2196627528833599,0.01714386716567795,0.050287274409470895,0.12659566136126355
1901-06-01,1901.06,8.5,0.31,0.49,7.51650281,0.19530875232076572,0.020619287202735648,0.04725288485054557,0.14242034004176862
1901-07-01,1901.07,7.93,0.3117,0.4917,7.611651901,0.17179010474161283,0.02408267051595714,0.04424250939465346,0.15789160376018174
1901-08-01,1901.08,8.04,0.3133,0.4933,7.706792893,0.14873923895977126,0.027331404337755938,0.04188112064887828,0.17339610769212166
1901-09-01,1901.09,8.0,0.315,0.495,7.801941983,0.12675170563914384,0.030771658666753687,0.03891541624967365,0.1881965212369755
1901-10-01,1901.1,7.91,0.3167,0.4967,7.801941983,0.10546577327594364,0.03420011821136815,0.035972870962952985,0.2026819592133548
1901-11-01,1901.11,8.08,0.3183,0.4983,7.897091074,0.084529667616136,0.03741620138542234,0.03367113451486747,0.21722601698815835
1901-12-01,1901.12,7.95,0.32,0.5,7.992232066,0.0645385211375713,0.040821994520255145,0.030771658666753687,0.2311117209633866
1902-01-01,1902.01,8.12,0.3208,0.5108,7.897091074,0.061384729827344,0.05865661052220916,0.03341306996064741,0.19647953711690763
1902-02-01,1902.02,8.19,0.3217,0.5217,7.897091074,0.05889701955044524,0.07645513117730873,0.03542355106871331,0.16176150260359085
1902-03-01,1902.03,8.2,0.3225,0.5325,7.897091074,0.05579135962841564,0.09343400664609702,0.03802739558923918,0.12764556044726127
1902-04-01,1902.04,8.48,0.3233,0.5433,7.992232066,0.05271061361118168,0.1100137367180688,0.04061164143564144,0.09375282097055881
1902-05-01,1902.05,8.46,0.3242,0.5542,8.087381157,0.050287274409470895,0.12659566136126355,0.04257246648508706,0.0597113894415322
1902-06-01,1902.06,8.41,0.325,0.565,8.18251405,0.04725288485054557,0.14242034004176862,0.04512043528046972,0.02620237239402401
1902-07-01,1902.07,8.6,0.3258,0.5758,8.18251405,0.04424250939465346,0.15789160376018174,0.047649462953301525,-0.007145999908149903
1902-08-01,1902.08,8.83,0.3267,0.5867,8.087381157,0.04188112064887828,0.17339610769212166,0.049562381856621984,-0.040701270031145875
1902-09-01,1902.09,8.85,0.3275,0.5975,8.18251405,0.03891541624967365,0.1881965212369755,0.05205636195605301,-0.07378617005923116
1902-10-01,1902.1,8.57,0.3283,0.6083,8.753424793,0.035972870962952985,0.2026819592133548,0.054532028183430725,-0.1067679754257061
1902-11-01,1902.11,8.24,0.3292,0.6192,8.467928926,0.03367113451486747,0.21722601698815835,0.05639870856904072,-0.1400122967086057
1902-12-01,1902.12,8.05,0.33,0.63,8.563094215,0.030771658666753687,0.2311117209633866,0.058840500022933284,-0.17284281283941083
1903-01-01,1903.01,8.46,0.3317,0.6217,8.658259504,0.03341306996064741,0.19647953711690763,0.04422890673797086,-0.1658265347859484
1903-02-01,1903.02,8.41,0.3333,0.6133,8.658259504,0.03542355106871331,0.16176150260359085,0.029561715149952317,-0.15869929925377585
1903-03-01,1903.03,8.08,0.335,0.605,8.372844628,0.03802739558923918,0.12764556044726127,0.014815085785140791,-0.1513996464553683
1903-04-01,1903.04,7.75,0.3367,0.5967,8.372844628,0.04061164143564144,0.09375282097055881,0.0,-0.1439520392348972
1903-05-01,1903.05,7.6,0.3383,0.5883,8.18251405,0.04257246648508706,0.0597113894415322,-0.014890090472968742,-0.1363765523041529
1903-06-01,1903.06,7.18,0.34,0.58,8.18251405,0.04512043528046972,0.02620237239402401,-0.029852963149681333,-0.12861737782209348
1903-07-01,1903.07,6.85,0.3417,0.5717,8.18251405,0.047649462953301525,-0.007145999908149903,-0.044890840514221875,-0.12069526578806145
1903-08-01,1903.08,6.63,0.3433,0.5633,8.18251405,0.049562381856621984,-0.040701270031145875,-0.060024015732258906,-0.11262593211835414
1903-09-01,1903.09,6.47,0.345,0.555,8.277679339,0.05205636195605301,-0.07378617005923116,-0.07522342123758752,-0.10436001532424288
1903-10-01,1903.1,6.26,0.3467,0.5467,8.18251405,0.054532028183430725,-0.1067679754257061,-0.09050489914638371,-0.0959139837876487
1903-11-01,1903.11,6.28,0.3483,0.5383,8.087381157,0.05639870856904072,-0.1400122967086057,-0.10590297941380933,-0.08729851732721905
1903-12-01,1903.12,6.57,0.35,0.53,8.087381157,0.058840500022933284,-0.17284281283941083,-0.12136085700426724,-0.07847161544149528
1904-01-01,1904.01,6.68,0.3467,0.5267,8.277679339,0.04422890673797086,-0.1658265347859484,-0.10641866591768645,-0.042072697213983656
1904-02-01,1904.02,6.5,0.3433,0.5233,8.467928926,0.029561715149952317,-0.15869929925377585,-0.09144350250550026,-0.006326101802688999
1904-03-01,1904.03,6.48,0.34,0.52,8.372844628,0.014815085785140791,-0.1513996464553683,-0.07637297878457416,0.028437935320533514
1904-04-01,1904.04,6.64,0.3367,0.5167,8.277679339,0.0,-0.1439520392348972,-0.061237372622434894,0.06245584293337758
1904-05-01,1904.05,6.5,0.3333,0.5133,8.087381157,-0.014890090472968742,-0.1363765523041529,-0.046048651025646814,0.09596526158018348
1904-06-01,1904.06,6.51,0.33,0.51,8.087381157,-0.029852963149681333,-0.12861737782209348,-0.030771658666753687,0.12861737782209348
1904-07-01,1904.07,6.78,0.3267,0.5067,8.087381157,-0.044890840514221875,-0.12069526578806145,-0.015422884362043643,0.16064229306376554
1904-08-01,1904.08,7.01,0.3233,0.5033,8.18251405,-0.060024015732258906,-0.11262593211835414,0.0,0.19227254338504274
1904-09-01,1904.09,7.32,0.32,0.5,8.277679339,-0.07522342123758752,-0.10436001532424288,0.015504186535965303,0.2231435513142097
1904-10-01,1904.1,7.75,0.3167,0.4967,8.277679339,-0.09050489914638371,-0.0959139837876487,0.031087365062430372,0.2534819542404128
1904-11-01,1904.11,8.17,0.3133,0.4933,8.467928926,-0.10590297941380933,-0.08729851732721905,0.04676662654940089,0.2835177273955594
1904-12-01,1904.12,8.25,0.31,0.49,8.467928926,-0.12136085700426724,-0.07847161544149528,0.06252035698133396,0.31287232128033954
1905-01-01,1905.01,8.43,0.3117,0.505,8.467928926,-0.10641866591768645,-0.042072697213983656,0.07447455787014912,0.29385112347849607
1905-02-01,1905.02,8.8,0.3133,0.52,8.467928926,-0.09144350250550026,-0.006326101802688999,0.08677196116310015,0.27559002668675225
1905-03-01,1905.03,9.05,0.315,0.535,8.372844628,-0.07637297878457416,0.028437935320533514,0.09819202617921374,0.25804149116548697
1905-04-01,1905.04,8.94,0.3167,0.55,8.372844628,-0.061237372622434894,0.06245584293337758,0.10936260082050553,0.24116205681688796
1905-05-01,1905.05,8.5,0.3183,0.565,8.277679339,-0.046048651025646814,0.09596526158018348,0.12088500213999742,0.22491189837095182
1905-06-01,1905.06,8.6,0.32,0.58,8.277679339,-0.030771658666753687,0.12861737782209348,0.13157635778871923,0.2092544391535427
1905-07-01,1905.07,8.87,0.3217,0.595,8.277679339,-0.015422884362043643,0.16064229306376554,0.1420433994467194,0.1941560144409576
1905-08-01,1905.08,9.2,0.3233,0.61,8.372844628,0.0,0.19227254338504274,0.15286842996660788,0.17958557697507987
1905-09-01,1905.09,9.23,0.325,0.625,8.277679339,0.015504186535965303,0.2231435513142097,0.16290347093685298,0.16551443847757347
1905-10-01,1905.1,9.36,0.3267,0.64,8.277679339,0.031087365062430372,0.2534819542404128,0.1727359181305972,0.1519160420258419
1905-11-01,1905.11,9.31,0.3283,0.655,8.372844628,0.04676662654940089,0.2835177273955594,0.18293057021107284,0.13876576098777876
1905-12-01,1905.12,9.54,0.33,0.67,8.467928926,0.06252035698133396,0.31287232128033954,0.19237189264745613,0.12604072089536494
1906-01-01,1906.01,9.87,0.3358,0.6775,8.467928926,0.07447455787014912,0.29385112347849607,0.1831649572358821,0.10392775542956734
1906-02-01,1906.02,9.8,0.3417,0.685,8.467928926,0.08677196116310015,0.27559002668675225,0.1741426537919326,0.08168089346902235
1906-03-01,1906.03,9.56,0.3475,0.6925,8.467928926,0.09819202617921374,0.25804149116548697,0.1653924946935066,0.059562261151343054
1906-04-01,1906.04,9.43,0.3533,0.7,8.467928926,0.10936260082050553,0.24116205681688796,0.1568561671525872,0.03743340257918565
1906-05-01,1906.05,9.18,0.3592,0.7075,8.563094215,0.12088500213999742,0.22491189837095182,0.14848720200036314,0.015149679563363272
1906-06-01,1906.06,9.3,0.365,0.715,8.563094215,0.13157635778871923,0.2092544391535427,0.14035735769492252,-0.007017572658646554
1906-07-01,1906.07,9.06,0.3708,0.7225,8.277679339,0.1420433994467194,0.1941560144409576,0.13241831383517788,-0.02921145772834427
1906-08-01,1906.08,9.73,0.3767,0.73,8.467928926,0.15286842996660788,0.17958557697507987,0.124632075495959,-0.05158172819399204
1906-09-01,1906.09,10.03,0.3825,0.7375,8.563094215,0.16290347093685298,0.16551443847757347,0.11705655542101756,-0.07384724995174957
1906-10-01,1906.1,9.73,0.3883,0.745,8.753424793,0.1727359181305972,0.1519160420258419,0.10965209200824222,-0.0961561751413797
1906-11-01,1906.11,9.93,0.3942,0.7525,8.848509091,0.18293057021107284,0.13876576098777876,0.10238806577289539,-0.11866382210600629
1906-12-01,1906.12,9.84,0.4,0.76,8.94367438,0.19237189264745613,0.12604072089536494,0.09531017980432477,-0.14107859825990549
1907-01-01,1907.01,9.56,0.4033,0.7517,8.848509091,0.1831649572358821,0.10392775542956734,0.07956575861219273,-0.14030086633671862
1907-02-01,1907.02,9.26,0.4067,0.7433,9.038839669,0.1741426537919326,0.08168089346902235,0.06335451583268492,-0.13921722327870056
1907-03-01,1907.03,8.35,0.41,0.735,8.94367438,0.1653924946935066,0.059562261151343054,0.04762804898925466,-0.13840232285911908
1907-04-01,1907.04,8.39,0.4133,0.7267,8.94367438,0.1568561671525872,0.03743340257918565,0.03190746867626759,-0.1375694941002057
1907-05-01,1907.05,8.1,0.4167,0.7183,9.134004959,0.14848720200036314,0.015149679563363272,0.015714609098470222,-0.13641935185012616
1907-06-01,1907.06,7.84,0.42,0.71,9.229089256,0.14035735769492252,-0.007017572658646554,0.0,-0.1355454919962238
1907-07-01,1907.07,8.14,0.4233,0.7017,9.229089256,0.13241831383517788,-0.02921145772834427,-0.015714609098470222,-0.13465174962630505
1907-08-01,1907.08,7.53,0.4267,0.6933,9.229089256,0.124632075495959,-0.05158172819399204,-0.03190746867626759,-0.1334283710001926
1907-09-01,1907.09,7.45,0.43,0.685,9.229089256,0.11705655542101756,-0.07384724995174957,-0.04762804898925466,-0.13248918304607904
1907-10-01,1907.1,6.64,0.4333,0.6767,9.324254545,0.10965209200824222,-0.0961561751413797,-0.06335451583268492,-0.13152786997358218
1907-11-01,1907.11,6.25,0.4367,0.6683,8.94367438,0.10238806577289539,-0.11866382210600629,-0.07956575861219273,-0.13022355858521023
1907-12-01,1907.12,6.57,0.44,0.66,8.753424793,0.09531017980432477,-0.14107859825990549,-0.09531017980432477,-0.12921173148000636
1908-01-01,1908.01,6.85,0.4367,0.6533,8.658259504,0.07956575861219273,-0.14030086633671862,-0.07956575861219273,-0.09347503630107495
1908-02-01,1908.02,6.6,0.4333,0.6467,8.563094215,0.06335451583268492,-0.13921722327870056,-0.06335451583268492,-0.05842355128519022
1908-03-01,1908.03,6.87,0.43,0.64,8.563094215,0.04762804898925466,-0.13840232285911908,-0.04762804898925466,-0.023716526617316103
1908-04-01,1908.04,7.24,0.4267,0.6333,8.658259504,0.03190746867626759,-0.1375694941002057,-0.03190746867626759,0.010523932831333016
1908-05-01,1908.05,7.63,0.4233,0.6267,8.658259504,0.015714609098470222,-0.13641935185012616,-0.015714609098470222,0.044167278404622146
1908-06-01,1908.06,7.64,0.42,0.62,8.658259504,0.0,-0.1355454919962238,0.0,0.07755823434587455
1908-07-01,1908.07,7.92,0.4167,0.6133,8.753424793,-0.015714609098470222,-0.13465174962630505,0.015714609098470222,0.1105646256302874
1908-08-01,1908.08,8.26,0.4133,0.6067,8.753424793,-0.03190746867626759,-0.1334283710001926,0.03190746867626759,0.14304590009515245
1908-09-01,1908.09,8.17,0.41,0.6,8.753424793,-0.04762804898925466,-0.13248918304607904,0.04762804898925466,0.17535288747786126
1908-10-01,1908.1,8.27,0.4067,0.5933,8.848509091,-0.06335451583268492,-0.13152786997358218,0.06335451583268492,0.2073443608778392
1908-11-01,1908.11,8.83,0.4033,0.5867,8.94367438,-0.07956575861219273,-0.13022355858521023,0.07956575861219273,0.23887060244774527
1908-12-01,1908.12,9.03,0.4,0.58,9.038839669,-0.09531017980432477,-0.12921173148000636,0.09531017980432477,0.27029032973991185
1909-01-01,1909.01,9.06,0.4033,0.595,8.94367438,-0.07956575861219273,-0.09347503630107495,0.0927597625686617,0.24146213183789444
1909-02-01,1909.02,8.8,0.4067,0.61,9.038839669,-0.06335451583268492,-0.05842355128519022,0.08999846925306143,0.21325879208166776
1909-03-01,1909.03,8.92,0.41,0.625,9.038839669,-0.04762804898925466,-0.023716526617316103,0.08751937801655663,0.18564934688662926
1909-04-01,1909.04,9.32,0.4133,0.64,9.229089256,-0.03190746867626759,0.010523932831333016,0.0850738612466787,0.15860503017663857
1909-05-01,1909.05,9.63,0.4167,0.655,9.324254545,-0.015714609098470222,0.044167278404622146,0.0824212247115731,0.13209906962958962
1909-06-01,1909.06,9.8,0.42,0.67,9.419419835,0.0,0.07755823434587455,0.0800427076735365,0.10610650599454768
1909-07-01,1909.07,9.94,0.4233,0.685,9.419419835,0.015714609098470222,0.1105646256302874,0.07769573718869804,0.08060403241462938
1909-08-01,1909.08,10.18,0.4267,0.7,9.514585124,0.03190746867626759,0.14304590009515245,0.07514529928918645,0.055569851154810834
1909-09-01,1909.09,10.19,0.43,0.715,9.609669421,0.04762804898925466,0.17535288747786126,0.0728613482648719,0.030983545519967348
1909-10-01,1909.1,10.23,0.4333,0.73,9.8,0.06335451583268492,0.2073443608778392,0.07060707684149259,0.006825965070399842
1909-11-01,1909.11,10.18,0.4367,0.745,9.895165289,0.07956575861219273,0.23887060244774527,0.06815288823722654,-0.01692087748833704
1909-12-01,1909.12,10.3,0.44,0.76,9.990330579,0.09531017980432477,0.27029032973991185,0.06595796779179741,-0.04027389913793994
1910-01-01,1910.01,10.08,0.4425,0.7575,9.895165289,0.0927597625686617,0.24146213183789444,0.06029223025612007,-0.05313622830276815
1910-02-01,1910.02,9.72,0.445,0.755,9.895165289,0.08999846925306143,0.21325879208166776,0.054658412537863965,-0.06611150155221607
1910-03-01,1910.03,9.96,0.4475,0.7525,10.08541488,0.08751937801655663,0.18564934688662926,0.04905615698919419,-0.07948915105823867
1910-04-01,1910.04,9.72,0.45,0.75,10.18058017,0.0850738612466787,0.15860503017663857,0.04348511193973881,-0.09313920474362353
1910-05-01,1910.05,9.56,0.4525,0.7475,9.990330579,0.0824212247115731,0.13209906962958962,0.037944931564123374,-0.10692249299202283
1910-06-01,1910.06,9.1,0.455,0.745,9.895165289,0.0800427076735365,0.10610650599454768,0.03243527575315375,-0.12114438335908823
1910-07-01,1910.07,8.64,0.4575,0.7425,9.895165289,0.07769573718869804,0.08060403241462938,0.0269558099885282,-0.1356693184959048
1910-08-01,1910.08,8.85,0.46,0.74,9.8,0.07514529928918645,0.055569851154810834,0.02150620522096347,-0.15035159917523572
1910-09-01,1910.09,8.91,0.4625,0.7375,9.704834711,0.0728613482648719,0.030983545519967348,0.016086137751624263,-0.16551443847757347
1910-10-01,1910.1,9.32,0.465,0.735,9.419419835,0.07060707684149259,0.006825965070399842,0.010695289116747886,-0.1810162865808987
1910-11-01,1910.11,9.31,0.4675,0.7325,9.229089256,0.06815288823722654,-0.01692087748833704,0.005333345975362502,-0.1967043586649163
1910-12-01,1910.12,9.05,0.47,0.73,9.229089256,0.06595796779179741,-0.04027389913793994,0.0,-0.21292199724267175
1911-01-01,1911.01,9.27,0.47,0.7183,9.229089256,0.06029223025612007,-0.05313622830276815,0.0017006806820174525,-0.18129187687774634
1911-02-01,1911.02,9.43,0.47,0.7067,8.94367438,0.054658412537863965,-0.06611150155221607,0.003610495586111817,-0.14993806637014906
1911-03-01,1911.03,9.32,0.47,0.695,9.038839669,0.04905615698919419,-0.07948915105823867,0.00530505222969313,-0.11823277706265972
1911-04-01,1911.04,9.28,0.47,0.6833,8.753424793,0.04348511193973881,-0.09313920474362353,0.0069967422080980946,-0.0864660445561028
1911-05-01,1911.05,9.48,0.47,0.6717,8.753424793,0.037944931564123374,-0.10692249299202283,0.008896478927200913,-0.05492776379611636
1911-06-01,1911.06,9.67,0.47,0.66,8.753424793,0.03243527575315375,-0.12114438335908823,0.010582109330536937,-0.022989518224698746
1911-07-01,1911.07,9.63,0.47,0.6483,8.848509091,0.0269558099885282,-0.1356693184959048,0.012264903164753038,0.009059562923333597
1911-08-01,1911.08,9.17,0.47,0.6367,9.134004959,0.02150620522096347,-0.15035159917523572,0.014154667506675822,0.04092878950853057
1911-09-01,1911.09,8.67,0.47,0.625,9.229089256,0.016086137751624263,-0.16551443847757347,0.015831465216680662,0.07325046173959265
1911-10-01,1911.1,8.72,0.47,0.6133,9.229089256,0.010695289116747886,-0.1810162865808987,0.017505455982146922,0.10573546573680159
1911-11-01,1911.11,9.07,0.47,0.6017,9.134004959,0.005333345975362502,-0.1967043586649163,0.019385352097135433,0.13809136404621736
1911-12-01,1911.12,9.11,0.47,0.59,9.038839669,0.0,-0.21292199724267175,0.021053409197832385,0.17095779814363954
1912-01-01,1912.01,9.12,0.4708,0.5992,9.134004959,0.0017006806820174525,-0.18129187687774634,0.019352728515814932,0.1471646712246763
1912-02-01,1912.02,9.04,0.4717,0.6083,9.229089256,0.003610495586111817,-0.14993806637014906,0.017442913611720567,0.12355660807765895
1912-03-01,1912.03,9.3,0.4725,0.6175,9.419419835,0.00530505222969313,-0.11823277706265972,0.015748356968139254,0.10008345855698247
1912-04-01,1912.04,9.59,0.4733,0.6267,9.704834711,0.0069967422080980946,-0.0864660445561028,0.01405666698973429,0.07676008600754997
1912-05-01,1912.05,9.58,0.4742,0.6358,9.704834711,0.008896478927200913,-0.05492776379611636,0.012156930270631472,0.0535869814723513
1912-06-01,1912.06,9.58,0.475,0.645,9.609669421,0.010582109330536937,-0.022989518224698746,0.010471299867295447,0.03053672386008166
1912-07-01,1912.07,9.59,0.4758,0.6542,9.609669421,0.012264903164753038,0.009059562923333597,0.008788506033079346,0.007613863490978423
1912-08-01,1912.08,9.81,0.4767,0.6633,9.704834711,0.014154667506675822,0.04092878950853057,0.0068987416911565624,-0.015190934684805646
1912-09-01,1912.09,9.86,0.4775,0.6725,9.8,0.015831465216680662,0.07325046173959265,0.005221943981151722,-0.03788331790230137
1912-10-01,1912.1,9.84,0.4783,0.6817,9.8,0.017505455982146922,0.10573546573680159,0.003547953215685462,-0.06046877361226982
1912-11-01,1912.11,9.73,0.4792,0.6908,9.8,0.019385352097135433,0.13809136404621736,0.0016680571006969513,-0.0829662977958211
1912-12-01,1912.12,9.38,0.48,0.7,9.704834711,0.021053409197832385,0.17095779814363954,0.0,-0.10536051565782623
1913-01-01,1913.01,9.3,0.48,0.6942,9.8,0.019352728515814932,0.1471646712246763,-0.010471299867295447,-0.11175113455867691
1913-02-01,1913.02,8.97,0.48,0.6883,9.8,0.017442913611720567,0.12355660807765895,-0.021053409197832385,-0.11798282315579928
1913-03-01,1913.03,8.8,0.48,0.6825,9.8,0.015748356968139254,0.10008345855698247,-0.03174869831458027,-0.1246748616943047
1913-04-01,1913.04,8.79,0.48,0.6767,9.8,0.01405666698973429,0.07676008600754997,-0.042559614418795855,-0.13152786997358218
1913-05-01,1913.05,8.55,0.48,0.6708,9.7,0.012156930270631472,0.0535869814723513,-0.05348868495098613,-0.138227639995413
1913-06-01,1913.06,8.12,0.48,0.665,9.8,0.010471299867295447,0.03053672386008166,-0.06453852113757119,-0.14541699985850381
1913-07-01,1913.07,8.23,0.48,0.6592,9.9,0.008788506033079346,0.007613863490978423,-0.07571182173569635,-0.15278631972779516
1913-08-01,1913.08,8.45,0.48,0.6533,9.9,0.0068987416911565624,-0.015190934684805646,-0.0870113769896298,-0.1600099466572426
1913-09-01,1913.09,8.53,0.48,0.6475,10.0,0.005221943981151722,-0.03788331790230137,-0.09844007281325251,-0.1677563318830369
1913-10-01,1913.1,8.26,0.48,0.6417,10.0,0.003547953215685462,-0.06046877361226982,-0.11000089521432854,-0.17570487918955813
1913-11-01,1913.11,8.05,0.48,0.6358,10.1,0.0016680571006969513,-0.0829662977958211,-0.12169693497751977,-0.1835176162359018
1913-12-01,1913.12,8.04,0.48,0.63,10.0,0.0,-0.10536051565782623,-0.13353139262452263,-0.19189100781010526
1914-01-01,1914.01,8.37,0.475,0.6208,10.0,-0.010471299867295447,-0.11175113455867691,-0.12115714261114108,-0.1210906906424924
1914-02-01,1914.02,8.48,0.47,0.6117,9.9,-0.021053409197832385,-0.11798282315579928,-0.10843853395158998,-0.05321386270805434
1914-03-01,1914.03,8.32,0.465,0.6025,9.9,-0.03174869831458027,-0.1246748616943047,-0.09584795879012786,0.012371291802546813
1914-04-01,1914.04,8.12,0.46,0.5933,9.8,-0.042559614418795855,-0.13152786997358218,-0.08314534195626277,0.07576800308911996
1914-05-01,1914.05,8.17,0.455,0.5842,9.9,-0.05348868495098613,-0.138227639995413,-0.0700923768203684,0.1370343224313711
1914-06-01,1914.06,8.13,0.45,0.575,9.9,-0.06453852113757119,-0.14541699985850381,-0.057158413839948574,0.19671029424605424
1914-07-01,1914.07,7.68,0.445,0.5658,10.0,-0.07571182173569635,-0.15278631972779516,-0.044104529706861184,0.25480387527497
1914-08-01,1914.08,7.68,0.44,0.5567,10.2,-0.0870113769896298,-0.1600099466572426,-0.03069353671835251,0.3112919380909147
1914-09-01,1914.09,7.68,0.435,0.5475,10.2,-0.09844007281325251,-0.1677563318830369,-0.017391742711869274,0.36667048377041134
1914-10-01,1914.1,7.68,0.43,0.5383,10.1,-0.11000089521432854,-0.17570487918955813,-0.003961324066282801,0.4208883146913871
1914-11-01,1914.11,7.68,0.425,0.5292,10.2,-0.12169693497751977,-0.1835176162359018,0.009833841832126655,0.47386991724356153
1914-12-01,1914.12,7.35,0.42,0.52,10.1,-0.13353139262452263,-0.19189100781010526,0.023530497410194084,0.5260930958967791
1915-01-01,1915.01,7.48,0.4208,0.55,10.1,-0.12115714261114108,-0.1210906906424924,0.046433596415204725,0.5297722698414911
1915-02-01,1915.02,7.38,0.4217,0.58,10.0,-0.10843853395158998,-0.05321386270805434,0.06872408190804424,0.5329581918416733
1915-03-01,1915.03,7.57,0.4225,0.61,9.9,-0.09584795879012786,0.012371291802546813,0.09045711015525149,0.5354382651459553
1915-04-01,1915.04,8.14,0.4233,0.64,10.0,-0.08314534195626277,0.07576800308911996,0.11164828938532434,0.5388662839215126
1915-05-01,1915.05,7.95,0.4242,0.67,10.1,-0.0700923768203684,0.1370343224313711,0.13229300237337605,0.5411086963368709
1915-06-01,1915.06,8.04,0.425,0.7,10.1,-0.057158413839948574,0.19671029424605424,0.15246859364427345,0.5431545108813508
1915-07-01,1915.07,8.01,0.4258,0.73,10.1,-0.044104529706861184,0.25480387527497,0.17217158177648573,0.5450284999019103
1915-08-01,1915.08,8.35,0.4267,0.76,10.1,-0.03069353671835251,0.3112919380909147,0.19138124509918475,0.5467514410224195
1915-09-01,1915.09,8.66,0.4275,0.79,10.1,-0.017391742711869274,0.36667048377041134,0.2101945769734067,0.5490721527214286
1915-10-01,1915.1,9.14,0.4283,0.82,10.2,-0.003961324066282801,0.4208883146913871,0.22859214094558633,0.5505152701048874
1915-11-01,1915.11,9.46,0.4292,0.85,10.3,0.009833841832126655,0.47386991724356153,0.2465396631372725,0.5518546556760556
1915-12-01,1915.12,9.48,0.43,0.88,10.3,0.023530497410194084,0.5260930958967791,0.26415157504158693,0.553101106914229
1916-01-01,1916.01,9.33,0.4408,0.9342,10.4,0.046433596415204725,0.5297722698414911,0.25844762776397645,0.4795119106998411
1916-02-01,1916.02,9.2,0.4517,0.9883,10.4,0.06872408190804424,0.5329581918416733,0.25293660825615727,0.409201920010899
1916-03-01,1916.03,9.17,0.4625,1.042,10.5,0.09045711015525149,0.5354382651459553,0.24770431605680632,0.3427589868611486
1916-04-01,1916.04,9.07,0.4733,1.097,10.6,0.11164828938532434,0.5388662839215126,0.24268514853451362,0.2769132663562537
1916-05-01,1916.05,9.27,0.4842,1.151,10.7,0.13229300237337605,0.5411086963368709,0.23782256350276382,0.21424219225235852
1916-06-01,1916.06,9.36,0.495,1.205,10.8,0.15246859364427345,0.5431545108813508,0.23319388716771117,0.1535577358430907
1916-07-01,1916.07,9.23,0.5058,1.259,10.8,0.17217158177648573,0.5450284999019103,0.22874271424083759,0.0946601021332677
1916-08-01,1916.08,9.3,0.5167,1.313,10.9,0.19138124509918475,0.5467514410224195,0.2244200731594081,0.037373557393736434
1916-09-01,1916.09,9.68,0.5275,1.368,11.1,0.2101945769734067,0.5490721527214286,0.22029589870169802,-0.0184439016592583
1916-10-01,1916.1,9.98,0.5383,1.422,11.3,0.22859214094558633,0.5505152701048874,0.21632114895011284,-0.07291858995155448
1916-11-01,1916.11,10.21,0.5492,1.476,11.5,0.2465396631372725,0.5518546556760556,0.21245296110332162,-0.12620252664791254
1916-12-01,1916.12,9.8,0.56,1.53,11.6,0.26415157504158693,0.553101106914229,0.20875481386210998,-0.17840765747281828
1917-01-01,1917.01,9.57,0.5708,1.509,11.7,0.25844762776397645,0.4795119106998411,0.17505391256747116,-0.18351511173970483
1917-02-01,1917.02,9.03,0.5817,1.488,12.0,0.25293660825615727,0.409201920010899,0.14132286146829603,-0.1887940712995721
1917-03-01,1917.03,9.31,0.5925,1.468,12.0,0.24770431605680632,0.3427589868611486,0.10788896201118497,-0.19493483067970063
1917-04-01,1917.04,9.17,0.6033,1.447,12.6,0.24268514853451362,0.2769132663562537,0.07455777744296688,-0.2014388626530971
1917-05-01,1917.05,8.86,0.6142,1.426,12.8,0.23782256350276382,0.21424219225235852,0.04114756834699562,-0.20731575763448945
1917-06-01,1917.06,9.04,0.625,1.405,13.0,0.23319388716771117,0.1535577358430907,0.007968169649176904,-0.21340465185234309
1917-07-01,1917.07,8.79,0.6358,1.384,12.8,0.22874271424083759,0.0946601021332677,-0.025164570437565148,-0.2197173465379848
1917-08-01,1917.08,8.53,0.6467,1.363,13.0,0.2244200731594081,0.037373557393736434,-0.05842355128519022,-0.2262665445753232
1917-09-01,1917.09,8.12,0.6575,1.343,13.3,0.22029589870169802,-0.0184439016592583,-0.09151510883577324,-0.23381081818128968
1917-10-01,1917.1,7.68,0.6683,1.322,13.5,0.21632114895011284,-0.07291858995155448,-0.12461463761725938,-0.24184995668579767
1917-11-01,1917.11,7.04,0.6792,1.301,13.5,0.21245296110332162,-0.12620252664791254,-0.15788753145667273,-0.24923029436137675
1917-12-01,1917.12,6.8,0.69,1.28,13.7,0.20875481386210998,-0.17840765747281828,-0.19105523676270925,-0.25691041378502727
1918-01-01,1918.01,7.21,0.68,1.256,14.0,0.17505391256747116,-0.18351511173970483,-0.1822627349945789,-0.24304570585605512
1918-02-01,1918.02,7.43,0.67,1.232,14.1,0.14132286146829603,-0.1887940712995721,-0.17346536648434346,-0.22884157242884748
1918-03-01,1918.03,7.28,0.66,1.208,14.0,0.10788896201118497,-0.19493483067970063,-0.16430305129127626,-0.21428390749691306
1918-04-01,1918.04,7.21,0.65,1.183,14.2,0.07455777744296688,-0.2014388626530971,-0.15494586770022079,-0.19851279248095832
1918-05-01,1918.05,7.44,0.64,1.159,14.5,0.04114756834699562,-0.20731575763448945,-0.14556782644965344,-0.18318474200076584
1918-06-01,1918.06,7.45,0.63,1.135,14.7,0.007968169649176904,-0.21340465185234309,-0.13580154115906173,-0.16745464545362118
1918-07-01,1918.07,7.51,0.62,1.111,15.1,-0.025164570437565148,-0.2197173465379848,-0.12581927213818378,-0.1513044491588998
1918-08-01,1918.08,7.58,0.61,1.087,15.4,-0.05842355128519022,-0.2262665445753232,-0.1157973036098795,-0.13471490252662294
1918-09-01,1918.09,7.54,0.6,1.063,15.7,-0.09151510883577324,-0.23381081818128968,-0.10536051565782623,-0.11766545084820518
1918-10-01,1918.1,7.86,0.59,1.038,16.0,-0.12461463761725938,-0.24184995668579767,-0.09468325771698194,-0.09917118846178447
1918-11-01,1918.11,8.06,0.58,1.014,16.3,-0.15788753145667273,-0.24923029436137675,-0.0839439859339084,-0.08111165486244143
1918-12-01,1918.12,7.9,0.57,0.99,16.5,-0.19105523676270925,-0.25691041378502727,-0.07275935428242819,-0.06252035698133393
1919-01-01,1919.01,7.85,0.5667,0.985,16.5,-0.1822627349945789,-0.24304570585605512,-0.07016575900530342,-0.06913791463754293
1919-02-01,1919.02,7.88,0.5633,0.98,16.2,-0.17346536648434346,-0.22884157242884748,-0.06718121941132482,-0.07597785115644971
1919-03-01,1919.03,8.12,0.56,0.975,16.4,-0.16430305129127626,-0.21428390749691306,-0.06453852113757119,-0.08282435063541325
1919-04-01,1919.04,8.39,0.5567,0.97,16.7,-0.15494586770022079,-0.19851279248095832,-0.061871581811299925,-0.0897893651114671
1919-05-01,1919.05,8.97,0.5533,0.965,16.9,-0.14556782644965344,-0.18318474200076584,-0.05880763987571702,-0.0969903469716879
1919-06-01,1919.06,9.21,0.55,0.96,16.9,-0.13580154115906173,-0.16745464545362118,-0.05608946665104353,-0.10420377753000257
1919-07-01,1919.07,9.51,0.5467,0.955,17.4,-0.12581927213818378,-0.1513044491588998,-0.05334598070529262,-0.11154598207336414
1919-08-01,1919.08,8.87,0.5433,0.95,17.7,-0.1157973036098795,-0.13471490252662294,-0.050199218264338374,-0.11913921801399054
1919-09-01,1919.09,9.01,0.54,0.945,17.8,-0.10536051565782623,-0.11766545084820518,-0.04740223889458395,-0.12675170563914379
1919-10-01,1919.1,9.47,0.5367,0.94,18.1,-0.09468325771698194,-0.09917118846178447,-0.044578809616525716,-0.13450451032690738
1919-11-01,1919.11,9.19,0.5333,0.935,18.5,-0.0839439859339084,-0.08111165486244143,-0.04134560179551028,-0.14252511471084212
1919-12-01,1919.12,8.92,0.53,0.93,18.9,-0.07275935428242819,-0.06252035698133393,-0.03846628082779613,-0.15057285847937435
1920-01-01,1920.01,8.83,0.5283,0.9192,19.3,-0.07016575900530342,-0.06913791463754293,-0.0435229699344053,-0.1934801891510218
1920-02-01,1920.02,8.1,0.5267,0.9083,19.5,-0.06718121941132482,-0.07597785115644971,-0.04862879499913619,-0.2392921778141603
1920-03-01,1920.03,8.67,0.525,0.8975,19.7,-0.06453852113757119,-0.08282435063541325,-0.05380270599297632,-0.28861100888643976
1920-04-01,1920.04,8.6,0.5233,0.8867,20.3,-0.061871581811299925,-0.0897893651114671,-0.059037405138469556,-0.341786887000383
1920-05-01,1920.05,8.06,0.5217,0.8758,20.6,-0.05880763987571702,-0.0969903469716879,-0.06432130621532983,-0.39926150834898394
1920-06-01,1920.06,7.92,0.52,0.865,20.9,-0.05608946665104353,-0.10420377753000257,-0.06967992063799,-0.4619437122686351
1920-07-01,1920.07,7.91,0.5183,0.8542,20.8,-0.05334598070529262,-0.11154598207336414,-0.07510284197466299,-0.5305697184741354
1920-08-01,1920.08,7.6,0.5167,0.8433,20.3,-0.050199218264338374,-0.11913921801399054,-0.080575073082359,-0.6060962770974552
1920-09-01,1920.09,7.87,0.515,0.8325,20.0,-0.04740223889458395,-0.12675170563914379,-0.08612915372993879,-0.6901486775636888
1920-10-01,1920.1,7.88,0.5133,0.8217,19.9,-0.044578809616525716,-0.13450451032690738,-0.09175135337676132,-0.7844493389667313
1920-11-01,1920.11,7.48,0.5117,0.8108,19.8,-0.04134560179551028,-0.14252511471084212,-0.09742302197070951,-0.8913815544819361
1920-12-01,1920.12,6.81,0.51,0.8,19.4,-0.03846628082779613,-0.15057285847937435,-0.10318423623523065,-1.0147308046874077
1921-01-01,1921.01,7.11,0.5058,0.7575,19.0,-0.0435229699344053,-0.1934801891510218,-0.0858258403955281,-0.8514428526521367
1921-02-01,1921.02,7.06,0.5017,0.715,18.4,-0.04862879499913619,-0.2392921778141603,-0.06889321530071124,-0.6953874503291616
1921-03-01,1921.03,6.88,0.4975,0.6725,18.3,-0.05380270599297632,-0.28861100888643976,-0.05155780966485013,-0.544855372352302
1921-04-01,1921.04,6.91,0.4933,0.63,18.1,-0.059037405138469556,-0.341786887000383,-0.0342301460289125,-0.3976386718587004
1921-05-01,1921.05,7.12,0.4892,0.5875,17.7,-0.06432130621532983,-0.39926150834898394,-0.017320020592019425,-0.25184952582736075
1921-06-01,1921.06,6.55,0.485,0.545,17.6,-0.06967992063799,-0.4619437122686351,0.0,-0.10638040355857192
1921-07-01,1921.07,6.53,0.4808,0.5025,17.7,-0.07510284197466299,-0.5305697184741354,0.017320020592019425,0.040559273444931376
1921-08-01,1921.08,6.45,0.4767,0.46,17.7,-0.080575073082359,-0.6060962770974552,0.0342301460289125,0.19080000570632127
1921-09-01,1921.09,6.61,0.4725,0.4175,17.5,-0.08612915372993879,-0.6901486775636888,0.05155780966485013,0.34583799260885495
1921-10-01,1921.1,6.7,0.4683,0.375,17.5,-0.09175135337676132,-0.7844493389667313,0.06889321530071124,0.508101917844394
1921-11-01,1921.11,7.06,0.4642,0.3325,17.4,-0.09742302197070951,-0.8913815544819361,0.0858258403955281,0.680587433101018
1921-12-01,1921.12,7.31,0.46,0.29,17.3,-0.10318423623523065,-1.0147308046874077,0.10318423623523065,0.8668106746107853
1922-01-01,1922.01,7.3,0.4642,0.3233,16.9,-0.0858258403955281,-0.8514428526521367,0.09742302197070951,0.7925823504289606
1922-02-01,1922.02,7.46,0.4683,0.3567,16.9,-0.06889321530071124,-0.6953874503291616,0.09175135337676132,0.7274551537002738
1922-03-01,1922.03,7.74,0.4725,0.39,16.7,-0.05155780966485013,-0.544855372352302,0.08612915372993879,0.6704557693578745
1922-04-01,1922.04,8.21,0.4767,0.4233,16.7,-0.0342301460289125,-0.3976386718587004,0.080575073082359,0.6197658338083187
1922-05-01,1922.05,8.53,0.4808,0.4567,16.7,-0.017320020592019425,-0.25184952582736075,0.07510284197466299,0.5739946943868917
1922-06-01,1922.06,8.45,0.485,0.49,16.7,0.0,-0.10638040355857192,0.06967992063799,0.5330263337461831
1922-07-01,1922.07,8.51,0.4892,0.5233,16.8,0.017320020592019425,0.040559273444931376,0.06432130621532983,0.4958468103764381
1922-08-01,1922.08,8.83,0.4933,0.5567,16.6,0.0342301460289125,0.19080000570632127,0.059037405138469556,0.4616383985616245
1922-09-01,1922.09,9.06,0.4975,0.59,16.6,0.05155780966485013,0.34583799260885495,0.05380270599297632,0.43057102923924073
1922-10-01,1922.1,9.26,0.5017,0.6233,16.7,0.06889321530071124,0.508101917844394,0.04862879499913619,0.40198293064157437
1922-11-01,1922.11,8.8,0.5058,0.6567,16.8,0.0858258403955281,0.680587433101018,0.0435229699344053,0.37532139294713096
1922-12-01,1922.12,8.78,0.51,0.69,16.9,0.10318423623523065,0.8668106746107853,0.03846628082779613,0.3508609740733126
1923-01-01,1923.01,8.9,0.5117,0.7142,16.8,0.09742302197070951,0.7925823504289606,0.03834090469924645,0.3120946122213888
1923-02-01,1923.02,9.28,0.5133,0.7383,16.8,0.09175135337676132,0.7274551537002738,0.038223648040299096,0.2746968687802735
1923-03-01,1923.03,9.43,0.515,0.7625,16.8,0.08612915372993879,0.6704557693578745,0.03809984623227047,0.23811291642237026
1923-04-01,1923.04,9.1,0.5167,0.7867,16.9,0.080575073082359,0.6197658338083187,0.03797684388964406,0.20251790842838124
1923-05-01,1923.05,8.67,0.5183,0.8108,16.9,0.07510284197466299,0.5739946943868917,0.03786180037125075,0.1680781891354596
1923-06-01,1923.06,8.34,0.52,0.835,17.0,0.06967992063799,0.5330263337461831,0.03774032798284699,0.13427961562987478
1923-07-01,1923.07,8.06,0.5217,0.8592,17.2,0.06432130621532983,0.4958468103764381,0.03761963263550594,0.10130201173143864
1923-08-01,1923.08,8.1,0.5233,0.8833,17.1,0.059037405138469556,0.4616383985616245,0.03750674017931532,0.06931735938375902
1923-09-01,1923.09,8.15,0.525,0.9075,17.2,0.05380270599297632,0.43057102923924073,0.03738753207162038,0.037842353183160024
1923-10-01,1923.1,8.03,0.5267,0.9317,17.3,0.04862879499913619,0.40198293064157437,0.03726907941160995,0.007058852839624777
1923-11-01,1923.11,8.27,0.5283,0.9558,17.3,0.0435229699344053,0.37532139294713096,0.03715827823973272,-0.022858138076050145
1923-12-01,1923.12,8.55,0.53,0.98,17.3,0.03846628082779613,0.3508609740733126,0.0370412716803491,-0.052367985517315904
1924-01-01,1924.01,8.83,0.5317,0.9758,17.3,0.03834090469924645,0.3120946122213888,0.04144621191858544,-0.0197677846976152
1924-02-01,1924.02,8.87,0.5333,0.9717,17.2,0.038223648040299096,0.2746968687802735,0.04581233470975832,0.011867146940717183
1924-03-01,1924.03,8.7,0.535,0.9675,17.1,0.03809984623227047,0.23811291642237026,0.05012438718256862,0.04299018493136825
1924-04-01,1924.04,8.5,0.5367,0.9633,17.0,0.03797684388964406,0.20251790842838124,0.054390783992790404,0.07372231846594926
1924-05-01,1924.05,8.47,0.5383,0.9592,17.0,0.03786180037125075,0.1680781891354596,0.058622860035769664,0.10275077462864333
1924-06-01,1924.06,8.63,0.54,0.955,17.0,0.03774032798284699,0.13427961562987478,0.06280090123903026,0.13222163474245927
1924-07-01,1924.07,9.03,0.5417,0.9508,17.1,0.03761963263550594,0.10130201173143864,0.06693549840765367,0.16109806358316187
1924-08-01,1924.08,9.34,0.5433,0.9467,17.0,0.03750674017931532,0.06931735938375902,0.07103998020211455,0.18842941065996516
1924-09-01,1924.09,9.25,0.545,0.9425,17.1,0.03738753207162038,0.037842353183160024,0.07509045135506986,0.2162231084696359
1924-10-01,1924.1,9.13,0.5467,0.9383,17.2,0.03726907941160995,0.007058852839624777,0.07909954378169493,0.2435039782619692
1924-11-01,1924.11,9.64,0.5483,0.9342,17.2,0.03715827823973272,-0.022858138076050145,0.08308245786917912,0.26937158761916474
1924-12-01,1924.12,10.16,0.55,0.93,17.3,0.0370412716803491,-0.052367985517315904,0.08701137698962969,0.2957142441490451
1925-01-01,1925.01,10.58,0.5542,0.9567,17.3,0.04144621191858544,-0.0197677846976152,0.09182654278582547,0.2666086474414561
1925-02-01,1925.02,10.67,0.5583,0.9833,17.2,0.04581233470975832,0.011867146940717183,0.09672581549020304,0.23838328714326246
1925-03-01,1925.03,10.39,0.5625,1.01,17.3,0.05012438718256862,0.04299018493136825,0.10135249426028753,0.21159193909406782
1925-04-01,1925.04,10.28,0.5667,1.037,17.2,0.054390783992790404,0.07372231846594926,0.10588975621000485,0.18440873745050929
1925-05-01,1925.05,10.61,0.5708,1.063,17.3,0.058622860035769664,0.10275077462864333,0.11051539142989986,0.15884332100545057
1925-06-01,1925.06,10.8,0.575,1.09,17.5,0.06280090123903026,0.13222163474245927,0.11488027599842215,0.1329578336756186
1925-07-01,1925.07,11.1,0.5792,1.117,17.7,0.06693549840765367,0.16109806358316187,0.11916329812534171,0.10768547422992404
1925-08-01,1925.08,11.25,0.5833,1.143,17.7,0.07103998020211455,0.18842941065996516,0.12353820126087928,0.08387142771590053
1925-09-01,1925.09,11.51,0.5875,1.17,17.7,0.07509045135506986,0.2162231084696359,0.1276631442560905,0.059719234701622326
1925-10-01,1925.1,11.89,0.5917,1.197,17.7,0.07909954378169493,0.2435039782619692,0.13171294118988147,0.03690455693545086
1925-11-01,1925.11,12.26,0.5958,1.223,18.0,0.08308245786917912,0.26937158761916474,0.13585748677993287,0.014610649517434876
1925-12-01,1925.12,12.46,0.6,1.25,17.9,0.08701137698962969,0.2957142441490451,0.13976194237515865,-0.008032171697264279
1926-01-01,1926.01,12.65,0.6075,1.249,17.9,0.09182654278582547,0.2666086474414561,0.1370027268213696,-0.016142400559542858
1926-02-01,1926.02,12.67,0.615,1.248,17.9,0.09672581549020304,0.23838328714326246,0.13416127550745477,-0.024332100659530648
1926-03-01,1926.03,11.81,0.6225,1.248,17.8,0.10135249426028753,0.21159193909406782,0.13152134169649826,-0.03257617043461275
1926-04-01,1926.04,11.48,0.63,1.247,17.9,0.10588975621000485,0.18440873745050929,0.12893752361429517,-0.04092224012206333
1926-05-01,1926.05,11.56,0.6375,1.246,17.8,0.11051539142989986,0.15884332100545057,0.126269796822654,-0.04935211978972773
1926-06-01,1926.06,12.11,0.645,1.245,17.7,0.11488027599842215,0.1329578336756186,0.12379421734666429,-0.057867382320548694
1926-07-01,1926.07,12.62,0.6525,1.244,17.5,0.11916329812534171,0.10768547422992404,0.12136961449191952,-0.06646964500774166
1926-08-01,1926.08,13.12,0.66,1.243,17.4,0.12353820126087928,0.08387142771590053,0.11885989671077646,-0.07516057124165215
1926-09-01,1926.09,13.32,0.6675,1.242,17.5,0.1276631442560905,0.059719234701622326,0.1165338162559516,-0.08306659869861341
1926-10-01,1926.1,13.02,0.675,1.242,17.6,0.13171294118988147,0.03690455693545086,0.11425418282794608,-0.09273700373029592
1926-11-01,1926.11,13.19,0.6825,1.241,17.7,0.13585748677993287,0.014610649517434876,0.11188861174530984,-0.10169636213244738
1926-12-01,1926.12,13.49,0.69,1.24,17.7,0.13976194237515865,-0.008032171697264279,0.10969891725642456,-0.11075136429270263
1927-01-01,1927.01,13.4,0.6967,1.229,17.5,0.1370027268213696,-0.016142400559542858,0.1086992733895284,-0.08133184853802858
1927-02-01,1927.02,13.66,0.7033,1.218,17.4,0.13416127550745477,-0.024332100659530648,0.10773222105922023,-0.053109825313948394
1927-03-01,1927.03,13.87,0.71,1.208,17.3,0.13152134169649826,-0.03257617043461275,0.10676797542570618,-0.02599727123448345
1927-04-01,1927.04,14.21,0.7167,1.197,17.3,0.12893752361429517,-0.04092224012206333,0.10582085338644676,0.0025031302181184323
1927-05-01,1927.05,14.7,0.7233,1.186,17.4,0.126269796822654,-0.04935211978972773,0.10490416932453175,0.029902560173869885
1927-06-01,1927.06,14.89,0.73,1.175,17.6,0.12379421734666429,-0.057867382320548694,0.1039897135240477,0.057867382320548694
1927-07-01,1927.07,15.22,0.7367,1.164,17.3,0.12136961449191952,-0.06646964500774166,0.10309107667546202,0.08557850670578818
1927-08-01,1927.08,16.03,0.7433,1.153,17.2,0.11885989671077646,-0.07516057124165215,0.10222092257313264,0.11227497708665876
1927-09-01,1927.09,16.94,0.75,1.143,17.3,0.1165338162559516,-0.08306659869861341,0.10135249426028742,0.13789630570922373
1927-10-01,1927.1,16.68,0.7567,1.132,17.4,0.11425418282794608,-0.09273700373029592,0.10049870960107701,0.16494531207122173
1927-11-01,1927.11,17.06,0.7633,1.121,17.3,0.11188861174530984,-0.10169636213244738,0.09967162777617128,0.1910552367627092
1927-12-01,1927.12,17.46,0.77,1.11,17.3,0.10969891725642456,-0.11075136429270263,0.09884583463663257,0.21772348384487036
1928-01-01,1928.01,17.53,0.7767,1.133,17.3,0.1086992733895284,-0.08133184853802858,0.10187821382195181,0.21088871363747486
1928-02-01,1928.02,17.32,0.7833,1.155,17.1,0.10773222105922023,-0.053109825313948394,0.10497744727543654,0.20514708413617883
1928-03-01,1928.03,18.25,0.79,1.177,17.1,0.10676797542570618,-0.02599727123448345,0.10788896201118495,0.20028443102071516
1928-04-01,1928.04,19.4,0.7967,1.2,17.1,0.10582085338644676,0.0025031302181184323,0.11074326633986524,0.19405797041911324
1928-05-01,1928.05,20.0,0.8033,1.222,17.2,0.10490416932453175,0.029902560173869885,0.1136665201445439,0.18884686542887716
1928-06-01,1928.06,19.02,0.81,1.245,17.1,0.1039897135240477,0.057867382320548694,0.11641035184441124,0.1829906769259788
1928-07-01,1928.07,19.16,0.8167,1.268,17.1,0.10309107667546202,0.08557850670578818,0.11910183967885606,0.17731429900022286
1928-08-01,1928.08,19.78,0.8233,1.29,17.1,0.10222092257313264,0.11227497708665876,0.12186393184292131,0.17258438151609629
1928-09-01,1928.09,21.17,0.83,1.312,17.3,0.10135249426028742,0.13789630570922373,0.12445417447340595,0.1679917312391297
1928-10-01,1928.1,21.6,0.8367,1.335,17.2,0.10049870960107701,0.16494531207122173,0.12699640129303352,0.163417402154802
1928-11-01,1928.11,23.06,0.8433,1.357,17.2,0.09967162777617128,0.1910552367627092,0.12961051788128594,0.15908636850291774
1928-12-01,1928.12,23.15,0.85,1.38,17.1,0.09884583463663257,0.21772348384487036,0.13205972201306637,0.1541506798272585
1929-01-01,1929.01,24.86,0.86,1.399,17.1,0.10187821382195181,0.21088871363747486,0.12118808460489292,0.10700319716851714
1929-02-01,1929.02,24.99,0.87,1.418,17.1,0.10497744727543654,0.20514708413617883,0.11055390319676392,0.05821568266090166
1929-03-01,1929.03,25.43,0.88,1.438,17.0,0.10788896201118495,0.20028443102071516,0.09994816802034923,0.00831029713362813
1929-04-01,1929.04,25.28,0.89,1.457,16.9,0.11074326633986524,0.19405797041911324,0.08947089670626243,-0.04205244693824306
1929-05-01,1929.05,25.66,0.9,1.476,17.0,0.1136665201445439,0.18884686542887716,0.07922185804813148,-0.0944298086371802
1929-06-01,1929.06,26.15,0.91,1.495,17.1,0.11641035184441124,0.1829906769259788,0.0689928714869514,-0.14748398846906907
1929-07-01,1929.07,28.48,0.92,1.514,17.3,0.11910183967885606,0.17731429900022286,0.05888397733865078,-0.20206606160490614
1929-08-01,1929.08,30.1,0.93,1.533,17.3,0.12186393184292131,0.17258438151609629,0.04899495630612968,-0.25917301489342726
1929-09-01,1929.09,31.3,0.94,1.552,17.3,0.12445417447340595,0.1679917312391297,0.03911841659547135,-0.3173267890367779
1929-10-01,1929.1,27.99,0.95,1.572,17.3,0.12699640129303352,0.163417402154802,0.029354386868796614,-0.3781692958327634
1929-11-01,1929.11,20.58,0.96,1.591,17.3,0.12961051788128594,0.15908636850291774,0.01980262729617971,-0.44162326238616045
1929-12-01,1929.12,21.4,0.97,1.61,17.2,0.13205972201306637,0.1541506798272585,0.010256500167189108,-0.5066933864810803
1930-01-01,1930.01,21.71,0.9708,1.557,17.1,0.12118808460489292,0.10700319716851714,-0.004232264381886567,-0.5046362965699488
1930-02-01,1930.02,23.07,0.9717,1.503,17.0,0.11055390319676392,0.05821568266090166,-0.01911746534586081,-0.5017737902420787
1930-03-01,1930.03,23.94,0.9725,1.45,16.9,0.09994816802034923,0.00831029713362813,-0.03399020022855187,-0.4993969279423679
1930-04-01,1930.04,25.46,0.9733,1.397,17.0,0.08947089670626243,-0.04205244693824306,-0.049062470839802294,-0.49684600977259974
1930-05-01,1930.05,23.94,0.9742,1.343,16.9,0.07922185804813148,-0.0944298086371802,-0.06455220767480899,-0.49335685626493886
1930-06-01,1930.06,21.52,0.975,1.29,16.8,0.0689928714869514,-0.14748398846906907,-0.08004270767353638,-0.49036455189465056
1930-07-01,1930.07,21.06,0.9758,1.237,16.6,0.05888397733865078,-0.20206606160490614,-0.09575094099577544,-0.4871259391121112
1930-08-01,1930.08,20.79,0.9767,1.183,16.5,0.04899495630612968,-0.25917301489342726,-0.11190040303374417,-0.48276432983594997
1930-09-01,1930.09,20.78,0.9775,1.13,16.6,0.03911841659547135,-0.3173267890367779,-0.12806590261196749,-0.4788925766629816
1930-10-01,1930.1,17.92,0.9783,1.077,16.5,0.029354386868796614,-0.3781692958327634,-0.14446993081515155,-0.4746569647713767
1930-11-01,1930.11,16.62,0.9792,1.023,16.4,0.01980262729617971,-0.44162326238616045,-0.16134219036990044,-0.4690265895979088
1930-12-01,1930.12,15.51,0.98,0.97,16.1,0.010256500167189108,-0.5066933864810803,-0.17824823140631885,-0.4638371143300715
1931-01-01,1931.01,15.98,0.9667,0.94,15.9,-0.004232264381886567,-0.5046362965699488,-0.19768674916260248,-0.4601797019994519
1931-02-01,1931.02,17.2,0.9533,0.91,15.7,-0.01911746534586081,-0.5017737902420787,-0.21783405893468372,-0.4561223988895289
1931-03-01,1931.03,17.53,0.94,0.88,15.6,-0.03399020022855187,-0.4993969279423679,-0.23922968906583408,-0.45198512374305716
1931-04-01,1931.04,15.86,0.9267,0.85,15.5,-0.049062470839802294,-0.49684600977259974,-0.2617277993086532,-0.4475746959268847
1931-05-01,1931.05,14.33,0.9133,0.82,15.3,-0.06455220767480899,-0.49335685626493886,-0.2851668980710026,-0.4426732137689552
1931-06-01,1931.06,13.87,0.9,0.79,15.1,-0.08004270767353638,-0.49036455189465056,-0.3101549283038395,-0.4376222197426958
1931-07-01,1931.07,14.33,0.8867,0.76,15.1,-0.09575094099577544,-0.4871259391121112,-0.33656246286357683,-0.4322009250406842
1931-08-01,1931.08,13.9,0.8733,0.73,15.1,-0.11190040303374417,-0.48276432983594997,-0.36424470447143503,-0.42615717193165675
1931-09-01,1931.09,11.83,0.86,0.7,15.0,-0.12806590261196749,-0.4788925766629816,-0.39390428570708846,-0.41985384556026384
1931-10-01,1931.1,10.25,0.8467,0.67,14.9,-0.14446993081515155,-0.4746569647713767,-0.4254460907441674,-0.4130309706340039
1931-11-01,1931.11,10.39,0.8333,0.64,14.7,-0.16134219036990044,-0.4690265895979088,-0.45876259489881765,-0.40538698615976326
1931-12-01,1931.12,8.44,0.82,0.61,14.6,-0.17824823140631885,-0.4638371143300715,-0.49469624183610694,-0.3973017974690035
1932-01-01,1932.01,8.3,0.7933,0.5933,14.3,-0.19768674916260248,-0.4601797019994519,-0.47164369773926695,-0.363463967489862
1932-02-01,1932.02,8.23,0.7667,0.5767,14.1,-0.21783405893468372,-0.4561223988895289,-0.4476901994601765,-0.32904368039066867
1932-03-01,1932.03,8.26,0.74,0.56,14.0,-0.23922968906583408,-0.45198512374305716,-0.4225012952607323,-0.2936522394382849
1932-04-01,1932.04,6.28,0.7133,0.5433,13.9,-0.2617277993086532,-0.4475746959268847,-0.3961159853820559,-0.25740694228006344
1932-05-01,1932.05,5.51,0.6867,0.5267,13.7,-0.2851668980710026,-0.4426732137689552,-0.3685827115919895,-0.22044167969211503
1932-06-01,1932.06,4.77,0.66,0.51,13.6,-0.3101549283038395,-0.4376222197426958,-0.33950714031636703,-0.18232155679395456
1932-07-01,1932.07,5.01,0.6333,0.4933,13.6,-0.33656246286357683,-0.4322009250406842,-0.3089068379350282,-0.14316321986287772
1932-08-01,1932.08,7.53,0.6067,0.4767,13.5,-0.36424470447143503,-0.42615717193165675,-0.2768079454651114,-0.10310215352317198
1932-09-01,1932.09,8.26,0.58,0.46,13.4,-0.39390428570708846,-0.41985384556026384,-0.2427306845895144,-0.061644163111206796
1932-10-01,1932.1,7.12,0.5533,0.4433,13.3,-0.4254460907441674,-0.4130309706340039,-0.2066527671396987,-0.018900710662323794
1932-11-01,1932.11,7.05,0.5267,0.4267,13.2,-0.45876259489881765,-0.40538698615976326,-0.16855684432310325,0.024995515603714824
1932-12-01,1932.12,6.82,0.5,0.41,13.1,-0.49469624183610694,-0.3973017974690035,-0.12783337150988494,0.0706175672139534
1933-01-01,1933.01,7.09,0.495,0.4125,12.9,-0.47164369773926695,-0.363463967489862,-0.11596650472998549,0.07403870568559134
1933-02-01,1933.02,6.25,0.49,0.415,12.7,-0.4476901994601765,-0.32904368039066867,-0.10377447250219152,0.07718413093069554
1933-03-01,1933.03,6.23,0.485,0.4175,12.6,-0.4225012952607323,-0.2936522394382849,-0.09170842648949895,0.08050321884907075
1933-04-01,1933.04,6.89,0.48,0.42,12.6,-0.3961159853820559,-0.25740694228006344,-0.07953936215092872,0.08377200891353931
1933-05-01,1933.05,8.87,0.475,0.4225,12.6,-0.3685827115919895,-0.22044167969211503,-0.0670398925743142,0.08677466258445299
1933-06-01,1933.06,10.39,0.47,0.425,12.7,-0.33950714031636703,-0.18232155679395456,-0.054658412537863965,0.0899482366629395
1933-07-01,1933.07,11.23,0.465,0.4275,13.1,-0.3089068379350282,-0.14316321986287772,-0.04216698463558788,0.09307482840250558
1933-08-01,1933.08,10.67,0.46,0.43,13.2,-0.2768079454651114,-0.10310215352317198,-0.029339261125067795,0.09594422822459425
1933-09-01,1933.09,10.58,0.455,0.4325,13.2,-0.2427306845895144,-0.061644163111206796,-0.01662088123604044,0.09898183354885093
1933-10-01,1933.1,9.55,0.45,0.435,13.2,-0.2066527671396987,-0.018900710662323794,-0.003784931602971664,0.101975482547491
1933-11-01,1933.11,9.78,0.445,0.4375,13.2,-0.16855684432310325,0.024995515603714824,0.009393940698047776,0.104720310770403
1933-12-01,1933.12,9.97,0.44,0.44,13.2,-0.12783337150988494,0.0706175672139534,0.022472855852058604,0.10763066419236544
1934-01-01,1934.01,10.54,0.4408,0.4442,13.2,-0.11596650472998549,0.07403870568559134,0.020656324925660607,0.24936144936826876
1934-02-01,1934.02,11.32,0.4417,0.4483,13.3,-0.10377447250219152,0.07718413093069554,0.018616664161884677,0.37150971172828906
1934-03-01,1934.03,10.74,0.4425,0.4525,13.3,-0.09170842648949895,0.08050321884907075,0.016807118316381264,0.47825677100245595
1934-04-01,1934.04,10.92,0.4433,0.4567,13.3,-0.07953936215092872,0.08377200891353931,0.007566608794217666,0.5048965421449227
1934-05-01,1934.05,9.81,0.4442,0.4608,13.3,-0.0670398925743142,0.08677466258445299,-0.0019537307926191794,0.530593783556408
1934-06-01,1934.06,9.94,0.445,0.465,13.4,-0.054658412537863965,0.0899482366629395,-0.011299555253933447,0.5549968420791281
1934-07-01,1934.07,9.47,0.4458,0.4692,13.4,-0.04216698463558788,0.09307482840250558,-0.013095694039461647,0.5252139410499347
1934-08-01,1934.08,9.1,0.4467,0.4733,13.4,-0.029339261125067795,0.09594422822459425,-0.015112501445766147,0.4952822501638915
1934-09-01,1934.09,8.88,0.4475,0.4775,13.6,-0.01662088123604044,0.09898183354885093,-0.016901810802603223,0.46475427335959185
1934-10-01,1934.1,8.95,0.4483,0.4817,13.5,-0.003784931602971664,0.101975482547491,0.003784931602971664,0.45599691964420164
1934-11-01,1934.11,9.2,0.4492,0.4858,13.5,0.009393940698047776,0.104720310770403,0.02375826661885272,0.4475214167123046
1934-12-01,1934.12,9.26,0.45,0.49,13.4,0.022472855852058604,0.10763066419236544,0.04348511193973881,0.4389130421757045
1935-01-01,1935.01,9.26,0.45,0.57,13.6,0.020656324925660607,0.24936144936826876,0.06453852113757119,0.3007541540191338
1935-02-01,1935.02,8.98,0.45,0.65,13.7,0.018616664161884677,0.37150971172828906,0.08515780834030684,0.18232155679395462
1935-03-01,1935.03,8.41,0.45,0.73,13.7,0.016807118316381264,0.47825677100245595,0.10536051565782634,0.07898841131863041
1935-04-01,1935.04,9.04,0.446667,0.756667,13.8,0.007566608794217666,0.5048965421449227,0.14558521586103923,0.08038107792242274
1935-05-01,1935.05,9.75,0.443333,0.783333,13.8,-0.0019537307926191794,0.530593783556408,0.18482481389185967,0.08167845654627265
1935-06-01,1935.06,10.12,0.44,0.81,13.7,-0.011299555253933447,0.5549968420791281,0.22314355131420982,0.08288765980576765
1935-07-01,1935.07,10.65,0.44,0.793333,13.7,-0.013095694039461647,0.5252139410499347,0.2588616339162889,0.12615170549505564
1935-08-01,1935.08,11.37,0.44,0.776667,13.7,-0.015112501445766147,0.4952822501638915,0.29334780998745824,0.16936198296699223
1935-09-01,1935.09,11.61,0.44,0.76,13.7,-0.016901810802603223,0.46475427335959185,0.3266842302550501,0.21256144198367277
1935-10-01,1935.1,11.92,0.45,0.76,13.7,0.003784931602971664,0.45599691964420164,0.36258389608868336,0.24053563885360577
1935-11-01,1935.11,13.04,0.46,0.76,13.8,0.02375826661885272,0.4475214167123046,0.3957558061762063,0.2677475219804376
1935-12-01,1935.12,13.04,0.47,0.76,13.8,0.04348511193973881,0.4389130421757045,0.4265185173059967,0.29423947299794
1936-01-01,1936.01,13.76,0.48,0.77,13.8,0.06453852113757119,0.3007541540191338,0.4192584302405002,0.31015492830383956
1936-02-01,1936.02,14.55,0.49,0.78,13.8,0.08515780834030684,0.18232155679395462,0.41224479509354317,0.325422400434628
1936-03-01,1936.03,14.86,0.5,0.79,13.7,0.10536051565782634,0.07898841131863041,0.4054651081081644,0.3400823488453127
1936-04-01,1936.04,14.88,0.516667,0.82,13.7,0.14558521586103923,0.08038107792242274,0.41189535327737264,0.3206685714480874
1936-05-01,1936.05,14.09,0.533333,0.85,13.7,0.18482481389185967,0.08167845654627265,0.417888253106917,0.30228087187293357
1936-06-01,1936.06,14.69,0.55,0.88,13.8,0.22314355131420982,0.08288765980576765,0.42348361361084264,0.28483712031954955
1936-07-01,1936.07,15.56,0.57,0.9,13.9,0.2588616339162889,0.12615170549505564,0.3595950622052493,0.27651158083847444
1936-08-01,1936.08,15.87,0.59,0.92,14.0,0.29334780998745824,0.16936198296699223,0.29612052092949004,0.2684743225287917
1936-09-01,1936.09,16.05,0.61,0.94,14.0,0.3266842302550501,0.21256144198367277,0.2329315576803726,0.2607262624632527
1936-10-01,1936.1,16.89,0.646667,0.966667,14.0,0.36258389608868336,0.24053563885360577,0.18746244083058866,0.20785451397159252
1936-11-01,1936.11,17.36,0.683333,0.993333,14.0,0.3957558061762063,0.2677475219804376,0.14505064980172014,0.1551093288395959
1936-12-01,1936.12,17.06,0.72,1.02,14.0,0.4265185173059967,0.29423947299794,0.10536051565782639,0.10241500542806939
1937-01-01,1937.01,17.59,0.73,1.05,14.1,0.4192584302405002,0.31015492830383956,0.08319852368681832,0.02508278036746313
1937-02-01,1937.02,18.11,0.74,1.08,14.1,0.41224479509354317,0.325422400434628,0.061154846882054414,-0.05389902553942756
1937-03-01,1937.03,18.09,0.75,1.11,14.2,0.4054651081081644,0.3400823488453127,0.039220713153281295,-0.13481922280895142
1937-04-01,1937.04,17.01,0.78,1.13,14.3,0.41189535327737264,0.3206685714480874,-0.01724137165199191,-0.22388165550450734
1937-05-01,1937.05,16.25,0.81,1.15,14.4,0.417888253106917,0.30228087187293357,-0.0725268865462366,-0.31809107949328064
1937-06-01,1937.06,15.64,0.84,1.17,14.4,0.42348361361084264,0.28483712031954955,-0.1267517056391438,-0.4183685129440722
1937-07-01,1937.07,16.57,0.816667,1.18667,14.5,0.3595950622052493,0.27651158083847444,-0.13528307097588638,-0.49965513215268426
1937-08-01,1937.08,16.74,0.793333,1.20333,14.5,0.29612052092949004,0.2684743225287917,-0.14439359927696263,-0.585570280186866
1937-09-01,1937.09,14.37,0.77,1.22,14.6,0.2329315576803726,0.2607262624632527,-0.15415067982725827,-0.676886659688165
1937-10-01,1937.1,12.28,0.78,1.19,14.6,0.18746244083058866,0.20785451397159252,-0.2458349625162805,-0.6412932870349377
1937-11-01,1937.11,11.2,0.79,1.16,14.5,0.14505064980172014,0.1551093288395959,-0.3440961617318722,-0.6051789339299161
1937-12-01,1937.12,11.02,0.8,1.13,14.4,0.10536051565782639,0.10241500542806939,-0.4502010019495559,-0.5685047353526685
1938-01-01,1938.01,11.31,0.793333,1.07667,14.2,0.08319852368681832,0.02508278036746313,-0.4353183004405501,-0.48435109698129303
1938-02-01,1938.02,11.04,0.786667,1.02333,14.1,0.061154846882054414,-0.05389902553942756,-0.42040646667400505,-0.3989678360265454
1938-03-01,1938.03,10.31,0.78,0.97,14.1,0.039220713153281295,-0.13481922280895142,-0.40546510810816433,-0.3120311014620674
1938-04-01,1938.04,9.89,0.766667,0.903333,14.2,-0.01724137165199191,-0.22388165550450734,-0.38183457530027937,-0.21762293037136277
1938-05-01,1938.05,9.98,0.753333,0.836667,14.1,-0.0725268865462366,-0.31809107949328064,-0.357938890856153,-0.11828201450855413
1938-06-01,1938.06,10.21,0.74,0.77,14.1,-0.1267517056391438,-0.4183685129440722,-0.3337731796520479,-0.013072081567352789
1938-07-01,1938.07,12.24,0.713333,0.72,14.1,-0.13528307097588638,-0.49965513215268426,-0.27837921249963854,0.07576047506599287
1938-08-01,1938.08,12.31,0.686667,0.67,14.1,-0.14439359927696263,-0.585570280186866,-0.22193118032577586,0.16896534544424333
1938-09-01,1938.09,11.75,0.66,0.62,14.1,-0.15415067982725827,-0.676886659688165,-0.16430305129127626,0.26731476962734724
1938-10-01,1938.1,13.06,0.61,0.626667,14.0,-0.2458349625162805,-0.6412932870349377,-0.050430853626892036,0.2929865927667219
1938-11-01,1938.11,13.07,0.56,0.633333,14.0,-0.3440961617318722,-0.6051789339299161,0.06899287148695132,0.31749686147813516
1938-12-01,1938.12,12.69,0.51,0.64,14.0,-0.4502010019495559,-0.5685047353526685,0.19530875232076583,0.3409265869705932
1939-01-01,1939.01,12.5,0.513333,0.663333,14.0,-0.4353183004405501,-0.48435109698129303,0.19415612903231638,0.3379074596095625
1939-02-01,1939.02,12.4,0.516667,0.686667,13.9,-0.42040646667400505,-0.3989678360265454,0.19301673266437253,0.3350838259095894
1939-03-01,1939.03,12.39,0.52,0.71,13.9,-0.40546510810816433,-0.3120311014620674,0.19189100781010526,0.33243997309327455
1939-04-01,1939.04,10.83,0.523333,0.726667,13.8,-0.38183457530027937,-0.21762293037136277,0.19602878320127204,0.3259348071230855
1939-05-01,1939.05,11.23,0.526667,0.743333,13.8,-0.357938890856153,-0.11828201450855413,0.20009400483187745,0.31967316722337696
1939-06-01,1939.06,11.43,0.53,0.76,13.8,-0.3337731796520479,-0.013072081567352789,0.20409535634351528,0.31365755885504165
1939-07-01,1939.07,11.71,0.54,0.776667,13.8,-0.27837921249963854,0.07576047506599287,0.19560790111968873,0.30470016627478513
1939-08-01,1939.08,11.54,0.55,0.793333,13.8,-0.22193118032577586,0.16896534544424333,0.18735884831122257,0.2960538672855703
1939-09-01,1939.09,12.77,0.56,0.81,14.1,-0.16430305129127626,0.26731476962734724,0.1793409286558168,0.2876820724517809
1939-10-01,1939.1,12.9,0.58,0.84,14.0,-0.050430853626892036,0.2929865927667219,0.1442496088445469,0.24201203561859266
1939-11-01,1939.11,12.67,0.6,0.87,14.0,0.06899287148695132,0.31749686147813516,0.11034805716886548,0.1975309754574835
1939-12-01,1939.12,12.37,0.62,0.9,14.0,0.19530875232076583,0.3409265869705932,0.07755823434587455,0.15415067982725833
1940-01-01,1940.01,12.3,0.623333,0.93,13.9,0.19415612903231638,0.3379074596095625,0.0771591202564918,0.12452726720357728
1940-02-01,1940.02,12.22,0.626667,0.96,14.0,0.19301673266437253,0.3350838259095894,0.07676397690780212,0.09594444831049155
1940-03-01,1940.03,12.15,0.63,0.99,14.0,0.19189100781010526,0.33243997309327455,0.07637297878457405,0.06831924397747727
1940-04-01,1940.04,12.27,0.636667,1.00667,14.0,0.19602878320127204,0.3259348071230855,0.07073553972670887,0.06101079450235039
1940-05-01,1940.05,10.58,0.643333,1.02333,14.0,0.20009400483187745,0.31967316722337696,0.06518698345632012,0.05389902553942756
1940-06-01,1940.06,9.67,0.65,1.04,14.1,0.20409535634351528,0.31365755885504165,0.05971923470162216,0.04695698308777108
1940-07-01,1940.07,9.99,0.656667,1.05333,14.0,0.19560790111968873,0.30470016627478513,0.054333362579898736,0.06434091396396564
1940-08-01,1940.08,10.2,0.663333,1.06667,14.0,0.18735884831122257,0.2960538672855703,0.04903040822179289,0.08100354099819772
1940-09-01,1940.09,10.63,0.67,1.08,14.0,0.1793409286558168,0.2876820724517809,0.0438026226583928,0.09699226598730959
1940-10-01,1940.1,10.73,0.67,1.07,14.0,0.1442496088445469,0.24201203561859266,0.04855275148322907,0.09785579000375846
1940-11-01,1940.11,10.98,0.67,1.06,14.0,0.11034805716886548,0.1975309754574835,0.053281838310938634,0.09873484068568887
1940-12-01,1940.12,10.53,0.67,1.05,14.1,0.07755823434587455,0.15415067982725833,0.05798725765034923,0.09962984094884117
1941-01-01,1941.01,10.55,0.673333,1.05333,14.1,0.0771591202564918,0.12452726720357728,0.04359045719072768,0.061372110938261365
1941-02-01,1941.02,9.89,0.676667,1.05667,14.1,0.07676397690780212,0.09594444831049155,0.029128258781092653,0.02183858734589201
1941-03-01,1941.03,9.95,0.68,1.06,14.2,0.07637297878457405,0.06831924397747727,0.014598799421152553,-0.019048194970694494
1941-04-01,1941.04,9.64,0.683333,1.07,14.3,0.07073553972670887,0.06101079450235039,-0.00488949748919465,-0.047856021177635134
1941-05-01,1941.05,9.43,0.686667,1.08,14.4,0.06518698345632012,0.05389902553942756,-0.024571746167280695,-0.0769610411361284
1941-06-01,1941.06,9.76,0.69,1.09,14.7,0.05971923470162216,0.04695698308777108,-0.04445176257083372,-0.10638040355857188
1941-07-01,1941.07,10.26,0.693333,1.12333,14.7,0.054333362579898736,0.06434091396396564,-0.06967892440485879,-0.1501986951808621
1941-08-01,1941.08,10.21,0.696667,1.15667,14.9,0.04903040822179289,0.08100354099819772,-0.09531118458903787,-0.19333620061764537
1941-09-01,1941.09,10.24,0.7,1.19,15.1,0.0438026226583928,0.09699226598730959,-0.12136085700426735,-0.2358287108415255
1941-10-01,1941.1,9.83,0.703333,1.18,15.3,0.04855275148322907,0.09785579000375846,-0.14237150670088394,-0.1959736459622819
1941-11-01,1941.11,9.37,0.706667,1.17,15.4,0.053281838310938634,0.09873484068568887,-0.1636298954798041,-0.1570037488096647
1941-12-01,1941.12,8.76,0.71,1.16,15.5,0.05798725765034923,0.09962984094884117,-0.18514243313559597,-0.11886120287672879
1942-01-01,1942.01,8.93,0.703333,1.12,15.7,0.04359045719072768,0.061372110938261365,-0.1757079269684758,-0.0709111643163336
1942-02-01,1942.02,8.65,0.696667,1.08,15.8,0.029128258781092653,0.02183858734589201,-0.16618499785976704,-0.02183858734589201
1942-03-01,1942.03,8.18,0.69,1.04,16.0,0.014598799421152553,-0.019048194970694494,-0.15656906069153992,0.028437935320533535
1942-04-01,1942.04,7.84,0.68,1.02,16.1,-0.00488949748919465,-0.047856021177635134,-0.14197026127038737,0.057158413839948664
1942-05-01,1942.05,7.93,0.67,1.0,16.3,-0.024571746167280695,-0.0769610411361284,-0.12715517548524674,0.08617769624105241
1942-06-01,1942.06,8.33,0.66,0.98,16.3,-0.04445176257083372,-0.10638040355857188,-0.1121172981207062,0.1155128871218444
1942-07-01,1942.07,8.64,0.646667,0.966667,16.4,-0.06967892440485879,-0.1501986951808621,-0.08607568603293825,0.12312929179096178
1942-08-01,1942.08,8.59,0.633333,0.953333,16.5,-0.09531118458903787,-0.19333620061764537,-0.0596371813447415,0.13090898767722373
1942-09-01,1942.09,8.68,0.62,0.94,16.5,-0.12136085700426735,-0.2358287108415255,-0.03278982282299092,0.13883644485421592
1942-10-01,1942.1,9.32,0.61,0.97,16.7,-0.14237150670088394,-0.1959736459622819,-0.010989674061935628,0.06324580449604499
1942-11-01,1942.11,9.47,0.6,1.0,16.8,-0.1636298954798041,-0.1570037488096647,0.011050385636983462,-0.013422682494359956
1942-12-01,1942.12,9.52,0.59,1.03,16.9,-0.18514243313559597,-0.11886120287672879,0.03333642026759187,-0.09143420595963196
1943-01-01,1943.01,10.09,0.59,1.04333,16.9,-0.1757079269684758,-0.0709111643163336,0.03878548155674805,-0.10784497044130212
1943-02-01,1943.02,10.69,0.59,1.05667,16.9,-0.16618499785976704,-0.02183858734589201,0.04420663304489014,-0.12411568242010879
1943-03-01,1943.03,11.07,0.59,1.07,17.2,-0.15656906069153992,0.028437935320533535,0.049596941139372186,-0.14022934130865022
1943-04-01,1943.04,11.44,0.59,1.08,17.4,-0.14197026127038737,0.057158413839948664,0.05495834952125633,-0.15312204238952684
1943-05-01,1943.05,11.89,0.59,1.09,17.5,-0.12715517548524674,0.08617769624105241,0.06029276217087226,-0.1659430257208105
1943-06-01,1943.06,12.1,0.59,1.1,17.5,-0.1121172981207062,0.1155128871218444,0.06559728248581331,-0.17869178874337593
1943-07-01,1943.07,12.35,0.593333,1.09333,17.4,-0.08607568603293825,0.12312929179096178,0.0652405573503837,-0.17988281817450838
1943-08-01,1943.08,11.74,0.596667,1.08667,17.3,-0.0596371813447415,0.13090898767722373,0.06488758710688547,-0.18109801490367694
1943-09-01,1943.09,11.99,0.6,1.08,17.4,-0.03278982282299092,0.13883644485421592,0.06453852113757125,-0.18232155679395468
1943-10-01,1943.1,11.88,0.603333,1.03333,17.4,-0.010989674061935628,0.06324580449604499,0.05899889324829627,-0.1270972764825777
1943-11-01,1943.11,11.33,0.606667,0.986667,17.4,0.011050385636983462,-0.013422682494359956,0.053488135500587786,-0.06995892644469105
1943-12-01,1943.12,11.48,0.61,0.94,17.4,0.03333642026759187,-0.09143420595963196,0.04800921918636064,-0.010695289116747844
1944-01-01,1944.01,11.85,0.613333,0.936667,17.4,0.03878548155674805,-0.10784497044130212,0.047754456639459264,0.003552045732544931
1944-02-01,1944.02,11.77,0.616667,0.933333,17.4,0.04420663304489014,-0.12411568242010879,0.047502308908393576,0.01769993424232183
1944-03-01,1944.03,12.1,0.62,0.93,17.4,0.049596941139372186,-0.14022934130865022,0.04725288485054557,0.03174869831458021
1944-04-01,1944.04,11.89,0.623333,0.926667,17.5,0.05495834952125633,-0.15312204238952684,0.041891476468661426,0.04913198639966707
1944-05-01,1944.05,12.1,0.626667,0.923333,17.5,0.06029276217087226,-0.1659430257208105,0.0365570638190455,0.06634264698539813
1944-06-01,1944.06,12.67,0.63,0.92,17.6,0.06559728248581331,-0.17869178874337593,0.031252543504104446,0.08338160893905101
1944-07-01,1944.07,13.0,0.633333,0.913333,17.7,0.0652405573503837,-0.17988281817450838,0.03109060318174728,0.08731616641429107
1944-08-01,1944.08,12.81,0.636667,0.906667,17.7,0.06488758710688547,-0.18109801490367694,0.03093028474537063,0.0912907169918898
1944-09-01,1944.09,12.6,0.64,0.9,17.7,0.06453852113757125,-0.18232155679395468,0.030771658666753687,0.09531017980432482
1944-10-01,1944.1,12.91,0.64,0.91,17.7,0.05899889324829627,-0.1270972764825777,0.030771658666753687,0.07410797215372182
1944-11-01,1944.11,12.82,0.64,0.92,17.7,0.053488135500587786,-0.06995892644469105,0.030771658666753687,0.05292240145434244
1944-12-01,1944.12,13.1,0.64,0.93,17.8,0.04800921918636064,-0.010695289116747844,0.030771658666753687,0.03174869831458021
1945-01-01,1945.01,13.49,0.643333,0.94,17.8,0.047754456639459264,0.003552045732544931,0.03562819577787529,0.0
1945-02-01,1945.02,13.94,0.646667,0.95,17.8,0.047502308908393576,0.01769993424232183,0.04040852782446441,-0.032088314551500435
1945-03-01,1945.03,13.93,0.65,0.96,17.8,0.04725288485054557,0.03174869831458021,0.045120435280469606,-0.06453852113757111
1945-04-01,1945.04,14.28,0.65,0.973333,17.8,0.041891476468661426,0.04913198639966707,0.045120435280469606,-0.1008043566561535
1945-05-01,1945.05,14.82,0.65,0.986667,17.9,0.0365570638190455,0.06634264698539813,0.045120435280469606,-0.1374002072402237
1945-06-01,1945.06,15.09,0.65,1.0,18.1,0.031252543504104446,0.08338160893905101,0.045120435280469606,-0.1743533871447778
1945-07-01,1945.07,14.78,0.653333,0.996667,18.1,0.03109060318174728,0.08731616641429107,0.04489534230710557,-0.1513674338385886
1945-08-01,1945.08,14.83,0.656667,0.993333,18.1,0.03093028474537063,0.0912907169918898,0.044672417874283665,-0.12874902885324363
1945-09-01,1945.09,15.84,0.66,0.99,18.1,0.030771658666753687,0.09531017980432482,0.04445176257083372,-0.10648348040245006
1945-10-01,1945.1,16.5,0.66,0.98,18.1,0.030771658666753687,0.07410797215372182,0.05406769973906084,-0.03460517706486145
1945-11-01,1945.11,17.04,0.66,0.97,18.1,0.030771658666753687,0.05292240145434244,0.06359062884776961,0.03378367531272837
1945-12-01,1945.12,17.33,0.66,0.96,18.2,0.030771658666753687,0.03174869831458021,0.07302513501488977,0.09909090264423098
1946-01-01,1946.01,18.02,0.666667,0.94,18.2,0.03562819577787529,0.0,0.06765768118411097,0.18409303644233665
1946-02-01,1946.02,18.07,0.673333,0.92,18.1,0.04040852782446441,-0.032088314551500435,0.06237129089225657,0.2657031657330056
1946-03-01,1946.03,17.53,0.68,0.9,18.3,0.045120435280469606,-0.06453852113757111,0.05715841383994852,0.3443774161283262
1946-04-01,1946.04,18.66,0.68,0.88,18.4,0.045120435280469606,-0.1008043566561535,0.07550709796258726,0.4105054146977791
1946-05-01,1946.05,18.7,0.68,0.86,18.5,0.045120435280469606,-0.1374002072402237,0.09352650443929517,0.4753165256676235
1946-06-01,1946.06,18.58,0.68,0.84,18.7,0.045120435280469606,-0.1743533871447778,0.11122563511022432,0.538996500732687
1946-07-01,1946.07,18.05,0.683333,0.856667,19.8,0.04489534230710557,-0.1513674338385886,0.11940821918838246,0.5444955533787286
1946-08-01,1946.08,17.7,0.686667,0.873333,20.2,0.044672417874283665,-0.12874902885324363,0.12744446113134494,0.5497508733141157
1946-09-01,1946.09,15.09,0.69,0.89,20.4,0.04445176257083372,-0.10648348040245006,0.13534134786976224,0.5547887471871068
1946-10-01,1946.1,14.75,0.696667,0.946667,20.8,0.05406769973906084,-0.03460517706486145,0.14660340894614543,0.5058835037425976
1946-11-01,1946.11,14.69,0.703333,1.00333,21.3,0.06359062884776961,0.03378367531272837,0.15753027222729074,0.4604095484041204
1946-12-01,1946.12,15.13,0.71,1.06,21.5,0.07302513501488977,0.09909090264423098,0.1681369218019982,0.4179652708723959
1947-01-01,1947.01,15.21,0.713333,1.13,21.5,0.06765768118411097,0.18409303644233665,0.16741354573850248,0.3745070382626168
1947-02-01,1947.02,15.8,0.716667,1.2,21.5,0.06237129089225657,0.2657031657330056,0.16669616747541266,0.33448812671917805
1947-03-01,1947.03,15.16,0.72,1.27,21.9,0.05715841383994852,0.3443774161283262,0.16598513747426116,0.2974764700440685
1947-04-01,1947.04,14.6,0.733333,1.32667,21.9,0.07550709796258726,0.4105054146977791,0.14763645335162243,0.2826417658621662
1947-05-01,1947.05,14.34,0.746667,1.38333,21.9,0.09352650443929517,0.4753165256676235,0.12961704687491452,0.26883320934469457
1947-06-01,1947.06,14.84,0.76,1.44,22.0,0.11122563511022432,0.538996500732687,0.11191791620398536,0.25593337413720074
1947-07-01,1947.07,15.77,0.77,1.47667,22.2,0.11940821918838246,0.5444955533787286,0.10665876347840886,0.2677304501940643
1947-08-01,1947.08,15.46,0.78,1.51333,22.5,0.12744446113134494,0.5497508733141157,0.10150656024137569,0.27883465982039596
1947-09-01,1947.09,15.06,0.79,1.55,23.0,0.13534134786976224,0.5547887471871068,0.09646026618756218,0.28929367634612235
1947-10-01,1947.1,15.45,0.806667,1.57,23.0,0.14660340894614543,0.5058835037425976,0.09831051902050801,0.31128507501003905
1947-11-01,1947.11,15.27,0.823333,1.59,23.1,0.15753027222729074,0.4604095484041204,0.10008386341536414,0.33227205352578076
1947-12-01,1947.12,15.03,0.84,1.61,23.4,0.1681369218019982,0.4179652708723959,0.10178269430994243,0.35231763856977655
1948-01-01,1948.01,14.83,0.843333,1.64333,23.7,0.16741354573850248,0.3745070382626168,0.11558549680329501,0.34484251469135263
1948-02-01,1948.02,14.1,0.846667,1.67667,23.5,0.16669616747541266,0.33448812671917805,0.1290916813723646,0.33760564464293497
1948-03-01,1948.03,14.3,0.85,1.71,23.4,0.16598513747426116,0.2974764700440685,0.14231622218025547,0.33060711716881486
1948-04-01,1948.04,15.4,0.85,1.76,23.8,0.14763645335162243,0.2826417658621662,0.15582960577645225,0.30458527990145345
1948-05-01,1948.05,16.15,0.85,1.81,23.9,0.12961704687491452,0.26883320934469457,0.1691667834692394,0.2793588563556587
1948-06-01,1948.06,16.82,0.85,1.86,24.1,0.11191791620398536,0.25593337413720074,0.18232155679395468,0.25489224962878987
1948-07-01,1948.07,16.42,0.856667,1.93,24.4,0.10665876347840886,0.2677304501940643,0.1810265557213481,0.2165602709676684
1948-08-01,1948.08,15.94,0.863333,2.0,24.5,0.10150656024137569,0.27883465982039596,0.17974139606846032,0.1795385210734478
1948-09-01,1948.09,15.76,0.87,2.07,24.5,0.09646026618756218,0.28929367634612235,0.17848278048678898,0.14374475866614167
1948-10-01,1948.1,16.19,0.89,2.14333,24.4,0.09831051902050801,0.31128507501003905,0.18729978154927418,0.09912320945861663
1948-11-01,1948.11,15.29,0.91,2.21667,24.2,0.10008386341536414,0.33227205352578076,0.19566618577518538,0.055566924920424365
1948-12-01,1948.12,15.19,0.93,2.29,24.1,0.10178269430994243,0.35231763856977655,0.2035989552412394,0.013015368112070269
1949-01-01,1949.01,15.36,0.946667,2.32,24.0,0.11558549680329501,0.34484251469135263,0.19456982675753953,0.007159653232676422
1949-02-01,1949.02,14.77,0.963333,2.35,23.8,0.1290916813723646,0.33760564464293497,0.18577613768286322,0.001416018249375428
1949-03-01,1949.03,14.91,0.98,2.38,23.8,0.14231622218025547,0.33060711716881486,0.17720645612718416,-0.004210532536343514
1949-04-01,1949.04,14.89,0.993333,2.38667,23.9,0.15582960577645225,0.30458527990145345,0.17220376219889602,0.01662085821440129
1949-05-01,1949.05,14.78,1.00667,2.39333,23.8,0.1691667834692394,0.2793588563556587,0.1673054531519735,0.036914699807185314
1949-06-01,1949.06,13.97,1.02,2.4,23.9,0.18232155679395468,0.25489224962878987,0.16251892949777486,0.056695343676545384
1949-07-01,1949.07,14.76,1.02667,2.39667,23.7,0.1810265557213481,0.2165602709676684,0.19147270895352383,0.08143117114297382
1949-08-01,1949.08,15.29,1.03333,2.39333,23.8,0.17974139606846032,0.1795385210734478,0.21927088846751275,0.10564042116021466
1949-09-01,1949.09,15.49,1.04,2.39,23.9,0.17848278048678898,0.14374475866614167,0.24595822908038115,0.12933851436448662
1949-10-01,1949.1,15.89,1.07333,2.36667,23.7,0.18729978154927418,0.09912320945861663,0.24890157431608373,0.15374677590018604
1949-11-01,1949.11,16.11,1.10667,2.34333,23.8,0.19566618577518538,0.055566924920424365,0.2516436903453624,0.17804642250281277
1949-12-01,1949.12,16.54,1.14,2.32,23.6,0.2035989552412394,0.013015368112070269,0.2542341383842409,0.20223686649489614
1950-01-01,1950.01,16.88,1.15,2.33667,23.5,0.19456982675753953,0.007159653232676422,0.2567767771386571,0.19390399009371928
1950-02-01,1950.02,17.21,1.16,2.35333,23.5,0.18577613768286322,0.001416018249375428,0.25926264243084574,0.1856213519514378
1950-03-01,1950.03,17.35,1.17,2.37,23.6,0.17720645612718416,-0.004210532536343514,0.2617065860485204,0.17738675650810654
1950-04-01,1950.04,17.84,1.18,2.42667,23.6,0.17220376219889602,0.01662085821440129,0.26192740243395995,0.1407144853418324
1950-05-01,1950.05,18.44,1.19,2.48333,23.7,0.1673054531519735,0.036914699807185314,0.2621509256167076,0.10442302811602355
1950-06-01,1950.06,18.74,1.2,2.54,23.8,0.16251892949777486,0.056695343676545384,0.26236426446749117,0.06846779927746072
1950-07-01,1950.07,17.38,1.24333,2.6,24.1,0.19147270895352383,0.08143117114297382,0.2183109687212723,0.019048194970694432
1950-08-01,1950.08,18.43,1.28667,2.66,24.3,0.21927088846751275,0.10564042116021466,0.1753843554326841,-0.03053672386008166
1950-09-01,1950.09,19.08,1.33,2.72,24.4,0.24595822908038115,0.12933851436448662,0.13353139262452257,-0.0803491271642135
1950-10-01,1950.1,19.87,1.37667,2.76,24.6,0.24890157431608373,0.15374677590018604,0.07462202070709661,-0.10428621369982327
1950-11-01,1950.11,19.83,1.42333,2.8,24.7,0.2516436903453624,0.17804642250281277,0.016265166939708142,-0.12810532407004593
1950-12-01,1950.12,19.75,1.47,2.84,25.0,0.2542341383842409,0.20223686649489614,-0.04167269640056803,-0.15180601286800421
1951-01-01,1951.01,21.21,1.48667,2.83667,25.4,0.2567767771386571,0.19390399009371928,-0.0505900974314063,-0.15611088183869903
1951-02-01,1951.02,22.0,1.50333,2.83333,25.7,0.25926264243084574,0.1856213519514378,-0.05937360034249478,-0.16044516184378887
1951-03-01,1951.03,21.63,1.52,2.83,25.8,0.2617065860485204,0.17738675650810654,-0.06805346324501571,-0.1648079743012465
1951-04-01,1951.04,21.92,1.53333,2.79333,25.8,0.26192740243395995,0.1407144853418324,-0.06976739663971737,-0.16013394482436427
1951-05-01,1951.05,21.93,1.54667,2.75667,25.9,0.2621509256167076,0.10442302811602355,-0.07146111915223635,-0.15536181051908327
1951-06-01,1951.06,21.55,1.56,2.72,25.9,0.26236426446749117,0.06846779927746072,-0.07312226482896272,-0.15048095093829594
1951-07-01,1951.07,21.93,1.54667,2.65,25.9,0.2183109687212723,0.019048194970694432,-0.06454067630766258,-0.12156233804275285
1951-08-01,1951.08,22.89,1.53333,2.58,25.9,0.1753843554326841,-0.03053672386008166,-0.055878284479050244,-0.09195805252808309
1951-09-01,1951.09,23.48,1.52,2.51,26.1,0.13353139262452257,-0.0803491271642135,-0.04714677842570203,-0.06162113410617376
1951-10-01,1951.1,23.36,1.48333,2.48667,26.2,0.07462202070709661,-0.10428621369982327,-0.03196162468603314,-0.046650433768828714
1951-11-01,1951.11,22.71,1.44667,2.46333,26.4,0.016265166939708142,-0.12810532407004593,-0.016265166939708142,-0.03161500415959828
1951-12-01,1951.12,23.41,1.41,2.44,26.5,-0.04167269640056803,-0.15180601286800421,0.0,-0.016529301951210607
1952-01-01,1952.01,24.19,1.41333,2.42667,26.5,-0.0505900974314063,-0.15611088183869903,-0.0023589176923325406,-0.006893199663351557
1952-02-01,1952.02,23.75,1.41667,2.41333,26.3,-0.05937360034249478,-0.16044516184378887,-0.0047193428165472895,0.002760003655503107
1952-03-01,1952.03,23.81,1.42,2.4,26.3,-0.06805346324501571,-0.1648079743012465,-0.007067167223092474,0.012422519998557258
1952-04-01,1952.04,23.74,1.43,2.38,26.4,-0.06976739663971737,-0.16013394482436427,-0.011725822189406487,0.03170628670093478
1952-05-01,1952.05,23.73,1.44,2.36,26.4,-0.07146111915223635,-0.15536181051908327,-0.016334066381285095,0.05093878240305971
1952-06-01,1952.06,24.38,1.45,2.34,26.5,-0.07312226482896272,-0.15048095093829594,-0.02090668481931368,0.07013182377408245
1952-07-01,1952.07,25.08,1.45,2.34667,26.7,-0.06454067630766258,-0.12156233804275285,-0.02090668481931368,0.07258215582103433
1952-08-01,1952.08,25.18,1.45,2.35333,26.7,-0.055878284479050244,-0.09195805252808309,-0.02090668481931368,0.07502085085962518
1952-09-01,1952.09,24.78,1.45,2.36,26.7,-0.04714677842570203,-0.06162113410617376,-0.02090668481931368,0.07743174013281606
1952-10-01,1952.1,24.26,1.43667,2.37333,26.7,-0.03196162468603314,-0.046650433768828714,-0.004653491358654005,0.06655816500466172
1952-11-01,1952.11,25.03,1.42333,2.38667,26.7,-0.016265166939708142,-0.03161500415959828,0.011643916938602783,0.05568036882489835
1952-12-01,1952.12,26.04,1.41,2.4,26.7,0.0,-0.016529301951210607,0.027973852042406155,0.044814015789792605
1953-01-01,1953.01,26.18,1.41,2.41,26.6,-0.0023589176923325406,-0.006893199663351557,0.03256330437621341,0.04595271027384862
1953-02-01,1953.02,25.86,1.41,2.42,26.5,-0.0047193428165472895,0.002760003655503107,0.037124956121970976,0.04708465709647314
1953-03-01,1953.03,25.99,1.41,2.43,26.6,-0.007067167223092474,0.012422519998557258,0.04167269640056803,0.04820210181787765
1953-04-01,1953.04,24.71,1.41333,2.45667,26.6,-0.011725822189406487,0.03170628670093478,0.034766038429638435,0.04639400564663043
1953-05-01,1953.05,24.84,1.41667,2.48333,26.7,-0.016334066381285095,0.05093878240305971,0.02784396155966612,0.044629453470192315
1953-06-01,1953.06,23.95,1.42,2.51,26.8,-0.02090668481931368,0.07013182377408245,0.02090668481931368,0.042891564629313095
1953-07-01,1953.07,24.29,1.42,2.52333,26.8,-0.02090668481931368,0.07258215582103433,0.025496137153120935,0.03886504533595225
1953-08-01,1953.08,24.39,1.42,2.53667,26.9,-0.02090668481931368,0.07502085085962518,0.0300577888988785,0.0348646869713376
1953-09-01,1953.09,23.27,1.42,2.55,26.9,-0.02090668481931368,0.07743174013281606,0.03460552917747556,0.030890487019338386
1953-10-01,1953.1,23.97,1.43,2.53667,27.0,-0.004653491358654005,0.06655816500466172,0.04333408134161987,0.053721287354729474
1953-11-01,1953.11,24.5,1.44,2.52333,26.9,0.011643916938602783,0.05568036882489835,0.051874028506622705,0.07627593843643243
1953-12-01,1953.12,24.83,1.45,2.51,26.9,0.027973852042406155,0.044814015789792605,0.06021885999305482,0.09856456705555472
1954-01-01,1954.01,25.46,1.45667,2.52333,26.9,0.03256330437621341,0.04595271027384862,0.05995122397385533,0.11587324058046855
1954-02-01,1954.02,26.02,1.46333,2.53667,26.9,0.037124956121970976,0.04708465709647314,0.05968635303234776,0.13270960409144672
1954-03-01,1954.03,26.57,1.47,2.55,26.9,0.04167269640056803,0.04820210181787765,0.05942342047080085,0.1490959091656342
1954-04-01,1954.04,27.63,1.46333,2.57333,26.8,0.034766038429638435,0.04639400564663043,0.06610350107959534,0.1688484108583057
1954-05-01,1954.05,28.73,1.45667,2.59667,26.9,0.02784396155966612,0.044629453470192315,0.07279933893892393,0.18786648186672472
1954-06-01,1954.06,28.96,1.45,2.62,26.9,0.02090668481931368,0.042891564629313095,0.07951206292773372,0.2062070417833114
1954-07-01,1954.07,30.13,1.45667,2.62333,26.9,0.025496137153120935,0.03886504533595225,0.08548447164705808,0.22745470783304111
1954-08-01,1954.08,30.73,1.46333,2.62667,26.9,0.0300577888988785,0.0348646869713376,0.09136805593327213,0.24820724104121805
1954-09-01,1954.09,31.45,1.47,2.63,26.8,0.03460552917747556,0.030890487019338386,0.09716374845364789,0.26848762519563385
1954-10-01,1954.1,32.18,1.49333,2.67667,26.8,0.04333408134161987,0.053721287354729474,0.0855264547617387,0.2681894838755704
1954-11-01,1954.11,33.44,1.51667,2.72333,26.8,0.051874028506622705,0.07627593843643243,0.07410373353553024,0.2679051486510944
1954-12-01,1954.12,34.97,1.54,2.77,26.7,0.06021885999305482,0.09856456705555472,0.06291382541056917,0.2676267056384325
1955-01-01,1955.01,35.6,1.54667,2.83333,26.7,0.05995122397385533,0.11587324058046855,0.07671939368851816,0.2514454002499549
1955-02-01,1955.02,36.79,1.55333,2.89667,26.7,0.05968635303234776,0.13270960409144672,0.09022723751777478,0.23572209186424176
1955-03-01,1955.03,36.5,1.56,2.96,26.7,0.05942342047080085,0.1490959091656342,0.10343558724824187,0.22043718971646675
1955-04-01,1955.04,37.76,1.56333,3.04667,26.7,0.06610350107959534,0.1688484108583057,0.11469867534737405,0.1834139565240207
1955-05-01,1955.05,37.6,1.56667,3.13333,26.7,0.07279933893892393,0.18786648186672472,0.12578847797527715,0.14713631149926387
1955-06-01,1955.06,39.78,1.57,3.22,26.7,0.07951206292773372,0.2062070417833114,0.13671104554190233,0.11155248590574729
1955-07-01,1955.07,42.69,1.58667,3.29333,26.8,0.08548447164705808,0.22745470783304111,0.1335274535494096,0.07598598103743925
1955-08-01,1955.08,42.43,1.60333,3.36667,26.8,0.09136805593327213,0.24820724104121805,0.13041192066234775,0.04074274393372068
1955-09-01,1955.09,44.34,1.62,3.44,26.9,0.09716374845364789,0.26848762519563385,0.1273394223766015,0.005797117684325892
1955-10-01,1955.1,42.11,1.62667,3.5,26.9,0.0855264547617387,0.2681894838755704,0.10495039142501889,-0.016323942086610144
1955-11-01,1955.11,44.95,1.63333,3.56,26.9,0.07410373353553024,0.2679051486510944,0.08223825935436646,-0.03817160074285697
1955-12-01,1955.12,45.37,1.64,3.62,26.8,0.06291382541056917,0.2676267056384325,0.05918887139033063,-0.05976173454225431
1956-01-01,1956.01,44.15,1.67,3.64333,26.8,0.07671939368851816,0.2514454002499549,0.03914586005245657,-0.06716282402628448
1956-02-01,1956.02,44.43,1.7,3.66667,26.8,0.09022723751777478,0.23572209186424176,0.01941616277832947,-0.07452952914470123
1956-03-01,1956.03,47.49,1.73,3.69,26.8,0.10343558724824187,0.22043718971646675,0.0,-0.08185102643032005
1956-04-01,1956.04,48.05,1.75333,3.66,26.9,0.11469867534737405,0.1834139565240207,-0.013395428429329614,-0.07172787283272375
1956-05-01,1956.05,46.54,1.77667,3.63,27.0,0.12578847797527715,0.14713631149926387,-0.02661941717080374,-0.06154429389648408
1956-06-01,1956.06,46.27,1.8,3.6,27.2,0.13671104554190233,0.11155248590574729,-0.03966525639243146,-0.05129329438755037
1956-07-01,1956.07,48.78,1.81333,3.55333,27.4,0.1335274535494096,0.07598598103743925,-0.041279820736320305,-0.03338221269045172
1956-08-01,1956.08,48.49,1.82667,3.50667,27.3,0.13041192066234775,0.04074274393372068,-0.04287884917224505,-0.015327886299548288
1956-09-01,1956.09,46.84,1.84,3.46,27.4,0.1273394223766015,0.005797117684325892,-0.04445176257083383,0.002886004889135041
1956-10-01,1956.1,46.24,1.80667,3.44333,27.5,0.10495039142501889,-0.016323942086610144,-0.020505825214455542,-0.0019360471163647475
1956-11-01,1956.11,45.76,1.77333,3.42667,27.5,0.08223825935436646,-0.03817160074285697,0.00375422931956515,-0.006834580045026684
1956-12-01,1956.12,46.44,1.74,3.41,27.6,0.05918887139033063,-0.05976173454225431,0.02833050662622605,-0.011799546931154925
1957-01-01,1957.01,45.43,1.73667,3.40667,27.6,0.03914586005245657,-0.06716282402628448,0.026512916598059877,-0.033836063635145575
1957-02-01,1957.02,43.47,1.73333,3.40333,27.7,0.01941616277832947,-0.07452952914470123,0.024696411839991494,-0.05640770112437732
1957-03-01,1957.03,44.03,1.73,3.4,27.8,0.0,-0.08185102643032005,0.022858138076050194,-0.0795526317019537
1957-04-01,1957.04,45.05,1.73,3.40667,27.9,-0.013395428429329614,-0.07172787283272375,0.015298562906880142,-0.1040577129814455
1957-05-01,1957.05,46.78,1.73,3.41333,28.0,-0.02661941717080374,-0.06154429389648408,0.007675668851317208,-0.12907606571216546
1957-06-01,1957.06,47.55,1.73,3.42,28.1,-0.03966525639243146,-0.05129329438755037,0.0,-0.15463812804553778
1957-07-01,1957.07,48.51,1.74,3.43667,28.3,-0.041279820736320305,-0.03338221269045172,-0.005763704716750029,-0.16520622245847294
1957-08-01,1957.08,45.84,1.75,3.45333,28.3,-0.04287884917224505,-0.015327886299548288,-0.011494379425735057,-0.17577718155528133
1957-09-01,1957.09,43.98,1.76,3.47,28.3,-0.04445176257083383,0.002886004889135041,-0.017192400540372854,-0.1863642998109134
1957-10-01,1957.1,41.24,1.77,3.43667,28.3,-0.020505825214455542,-0.0019360471163647475,-0.019010060104617477,-0.17555710308674732
1957-11-01,1957.11,40.35,1.78,3.40333,28.4,0.00375422931956515,-0.006834580045026684,-0.020816286942988982,-0.16465077543607687
1957-12-01,1957.12,40.33,1.79,3.37,28.4,0.02833050662622605,-0.011799546931154925,-0.02259983191724102,-0.15365624223992969
1958-01-01,1958.01,41.12,1.78333,3.29333,28.6,0.026512916598059877,-0.033836063635145575,-0.015062431662612452,-0.10558557494772725
1958-02-01,1958.02,41.26,1.77667,3.21667,28.6,0.024696411839991494,-0.05640770112437732,-0.007536758839347901,-0.05758514265368242
1958-03-01,1958.03,42.11,1.77,3.14,28.8,0.022858138076050194,-0.0795526317019537,0.0,-0.009600073729019165
1958-04-01,1958.04,42.34,1.75667,3.07,28.9,0.015298562906880142,-0.1040577129814455,0.011320854263923597,0.04355545391089888
1958-05-01,1958.05,43.7,1.74333,3.0,28.9,0.007675668851317208,-0.12907606571216546,0.022685325718175386,0.09631876192343247
1958-06-01,1958.06,44.75,1.73,2.93,28.9,0.0,-0.15463812804553778,0.03409421134297608,0.14877300859313958
1958-07-01,1958.07,45.98,1.73,2.91333,29.0,-0.005763704716750029,-0.16520622245847294,0.03781354302895701,0.15741553446150514
1958-08-01,1958.08,47.7,1.73,2.89667,28.9,-0.011494379425735057,-0.17577718155528133,0.04151354725004908,0.16607874971799896
1958-09-01,1958.09,48.96,1.73,2.88,28.9,-0.017192400540372854,-0.1863642998109134,0.04520543676804678,0.17476996702999403
1958-10-01,1958.1,50.95,1.73667,2.88333,28.9,-0.019010060104617477,-0.17555710308674732,0.04503566838662465,0.16972051631994178
1958-11-01,1958.11,52.5,1.74333,2.88667,29.0,-0.020816286942988982,-0.16465077543607687,0.044867422249539324,0.16465077543607687
1958-12-01,1958.12,53.49,1.75,2.89,28.9,-0.02259983191724102,-0.15365624223992969,0.044700178917906896,0.15957341926801827
1959-01-01,1959.01,55.62,1.75667,2.96333,29.0,-0.015062431662612452,-0.10558557494772725,0.06073612336911749,0.13451628539468063
1959-02-01,1959.02,54.77,1.76333,3.03667,28.9,-0.007536758839347901,-0.05758514265368242,0.07640091684364703,0.11006840109436333
1959-03-01,1959.03,56.16,1.77,3.11,28.9,0.0,-0.009600073729019165,0.09170842648949895,0.08620719520121622
1959-04-01,1959.04,57.1,1.77667,3.20667,29.0,0.011320854263923597,0.04355545391089888,0.08966217074646265,0.042732806100909126
1959-05-01,1959.05,57.96,1.78333,3.30333,29.0,0.022685325718175386,0.09631876192343247,0.08763781742014687,0.0
1959-06-01,1959.06,57.46,1.79,3.4,29.1,0.03409421134297608,0.14877300859313958,0.08561375272299176,-0.042048236243499515
1959-07-01,1959.07,59.74,1.79667,3.41,29.2,0.03781354302895701,0.15741553446150514,0.08189442103701083,-0.04396414487209732
1959-08-01,1959.08,59.4,1.80333,3.42,29.2,0.04151354725004908,0.16607874971799896,0.07819441681591877,-0.04586943365845464
1959-09-01,1959.09,57.05,1.81,3.43,29.3,0.04520543676804678,0.17476996702999403,0.07450252729792106,-0.04777027626868646
1959-10-01,1959.1,57.0,1.81667,3.41667,29.4,0.04503566838662465,0.16972051631994178,0.07082421770791048,-0.04387640761642553
1959-11-01,1959.11,57.23,1.82333,3.40333,29.4,0.044867422249539324,0.16465077543607687,0.06716487296511131,-0.03996437916689333
1959-12-01,1959.12,59.06,1.83,3.39,29.4,0.044700178917906896,0.15957341926801827,0.06351340572232589,-0.03603993648319692
1960-01-01,1960.01,58.03,1.86667,3.39,29.3,0.06073612336911749,0.13451628539468063,0.04196412571364183,-0.054558984250434595
1960-02-01,1960.02,55.78,1.90333,3.39,29.4,0.07640091684364703,0.11006840109436333,0.02079801274216353,-0.0734274685548173
1960-03-01,1960.03,55.02,1.94,3.39,29.4,0.09170842648949895,0.08620719520121622,0.0,-0.09265883048270496
1960-04-01,1960.04,55.73,1.94333,3.34667,29.5,0.08966217074646265,0.042732806100909126,-0.0017150233517172486,-0.086288260011808
1960-05-01,1960.05,55.22,1.94667,3.30333,29.5,0.08763781742014687,0.0,-0.003432247424090318,-0.07978945997222198
1960-06-01,1960.06,57.26,1.95,3.26,29.6,0.08561375272299176,-0.042048236243499515,-0.005141399500418697,-0.07316457585733849
1960-07-01,1960.07,55.84,1.95,3.26333,29.6,0.08189442103701083,-0.04396414487209732,-0.0017091520763283796,-0.07198662612533235
1960-08-01,1960.08,56.51,1.95,3.26667,29.6,0.07819441681591877,-0.04586943365845464,0.0017062358590583804,-0.07081880676814345
1960-09-01,1960.09,54.81,1.95,3.27,29.6,0.07450252729792106,-0.04777027626868646,0.005115100666770345,-0.06964839428984182
1960-10-01,1960.1,53.73,1.95,3.27,29.8,0.07082421770791048,-0.04387640761642553,0.015267472130788384,-0.05446264432583914
1960-11-01,1960.11,55.47,1.95,3.27,29.8,0.06716487296511131,-0.03996437916689333,0.025317807984289842,-0.03950723737785489
1960-12-01,1960.12,56.8,1.95,3.27,29.8,0.06351340572232589,-0.03603993648319692,0.03526813883745794,-0.024769068112408865
1961-01-01,1961.01,59.72,1.94667,3.21,29.8,0.04196412571364183,-0.054558984250434595,0.04027383154612851,0.012384059199721742
1961-02-01,1961.02,62.17,1.94333,3.15,29.8,0.02079801274216353,-0.0734274685548173,0.045271846738595745,0.0495457365514298
1961-03-01,1961.03,64.12,1.94,3.09,29.8,0.0,-0.09265883048270496,0.050261834780888304,0.08674165345461637
1961-04-01,1961.04,65.83,1.94,3.07,29.8,-0.0017150233517172486,-0.086288260011808,0.05352610907887356,0.10307680247694972
1961-05-01,1961.05,66.5,1.94,3.05,29.8,-0.003432247424090318,-0.07978945997222198,0.05677489242414091,0.11936138867307289
1961-06-01,1961.06,65.62,1.94,3.03,29.8,-0.005141399500418697,-0.07316457585733849,0.06001800972625304,0.13559197443749027
1961-07-01,1961.07,65.44,1.94667,3.03667,30.0,-0.0017091520763283796,-0.07198662612533235,0.05981839578553405,0.13914021591634018
1961-08-01,1961.08,67.79,1.95333,3.04333,29.9,0.0017062358590583804,-0.07081880676814345,0.059620401929930344,0.1426637268298585
1961-09-01,1961.09,67.26,1.96,3.05,30.0,0.005115100666770345,-0.06964839428984182,0.05942342047080085,0.14615628032588512
1961-10-01,1961.1,68.0,1.98,3.09667,30.0,0.015267472130788384,-0.05446264432583914,0.05725352716165111,0.14410485935718942
1961-11-01,1961.11,71.08,2.0,3.14333,30.0,0.025317807984289842,-0.03950723737785489,0.055117721932769426,0.14211074497007647
1961-12-01,1961.12,71.74,2.02,3.19,30.0,0.03526813883745794,-0.024769068112408865,0.053024468308220274,0.14017074526972562
1962-01-01,1962.01,69.07,2.02667,3.25,30.0,0.04027383154612851,0.012384059199721742,0.05285449028019906,0.12516223797622095
1962-02-01,1962.02,70.22,2.03333,3.31,30.1,0.045271846738595745,0.0495457365514298,0.052685851204706036,0.11048422501804311
1962-03-01,1962.03,70.29,2.04,3.37,30.1,0.050261834780888304,0.08674165345461637,0.05251803428344637,0.0961191322550734
1962-04-01,1962.04,68.05,2.04667,3.40333,30.2,0.05352610907887356,0.10307680247694972,0.05697734453972636,0.09788908186751777
1962-05-01,1962.05,62.99,2.05333,3.43667,30.2,0.05677489242414091,0.11936138867307289,0.06138836876095066,0.09962138746132809
1962-06-01,1962.06,55.63,2.06,3.47,30.2,0.06001800972625304,0.13559197443749027,0.06575137756278049,0.10131777264086761
1962-07-01,1962.07,56.97,2.06667,3.49,30.3,0.05981839578553405,0.13914021591634018,0.06403123605017558,0.10593341742084617
1962-08-01,1962.08,58.52,2.07333,3.51,30.3,0.059620401929930344,0.1426637268298585,0.06232858148904019,0.11047561632459679
1962-09-01,1962.09,58.0,2.08,3.53,30.4,0.05942342047080085,0.14615628032588512,0.0606246218164348,0.11494615432118382
1962-10-01,1962.1,56.17,2.09667,3.57667,30.4,0.05725352716165111,0.14410485935718942,0.06314337332228848,0.10684961935583392
1962-11-01,1962.11,60.04,2.11333,3.62333,30.4,0.055117721932769426,0.14211074497007647,0.06562537286714287,0.09890086861850689
1962-12-01,1962.12,62.64,2.13,3.67,30.4,0.053024468308220274,0.14017074526972562,0.06805346324501571,0.0910902405644507
1963-01-01,1963.01,65.06,2.13667,3.68333,30.4,0.05285449028019906,0.12516223797622095,0.07221170540955957,0.10064361242653219
1963-02-01,1963.02,65.92,2.14333,3.69667,30.4,0.052685851204706036,0.11048422501804311,0.07632735055711937,0.11003837193544208
1963-03-01,1963.03,65.67,2.15,3.71,30.5,0.05251803428344637,0.0961191322550734,0.08040042543803783,0.11927936991732113
1963-04-01,1963.04,68.76,2.16667,3.75333,30.5,0.05697734453972636,0.09788908186751777,0.07980587526154126,0.11955854711461344
1963-05-01,1963.05,70.14,2.18333,3.79667,30.5,0.06138836876095066,0.09962138746132809,0.07922040717736789,0.11982864283998418
1963-06-01,1963.06,70.11,2.2,3.84,30.6,0.06575137756278049,0.10131777264086761,0.07864312731911305,0.120095175414763
1963-07-01,1963.07,69.07,2.20333,3.88,30.7,0.06403123605017558,0.10593341742084617,0.08549888501886316,0.12045300762574596
1963-08-01,1963.08,70.98,2.20667,3.92,30.7,0.06232858148904019,0.11047561632459679,0.09228294831491068,0.1208011522938488
1963-09-01,1963.09,72.85,2.21,3.96,30.7,0.0606246218164348,0.11494615432118382,0.09900552377544902,0.12114438335908817
1963-10-01,1963.1,73.03,2.23333,3.98,30.8,0.06314337332228848,0.10684961935583392,0.09666760475388803,0.122055303544778
1963-11-01,1963.11,72.62,2.25667,4.0,30.8,0.06562537286714287,0.09890086861850689,0.09436828481703319,0.12295408713883016
1963-12-01,1963.12,74.17,2.28,4.02,30.9,0.06805346324501571,0.0910902405644507,0.09211528890780574,0.12384533033192957
1964-01-01,1964.01,76.45,2.29667,4.07333,30.9,0.07221170540955957,0.10064361242653219,0.0914763513600435,0.1201444044833353
1964-02-01,1964.02,77.39,2.31333,4.12667,30.9,0.07632735055711937,0.11003837193544208,0.09084659790646121,0.1165256498317877
1964-03-01,1964.03,78.8,2.33,4.18,30.9,0.08040042543803783,0.11927936991732113,0.09022509159272551,0.11298686339289032
1964-04-01,1964.04,79.94,2.34667,4.23,30.9,0.07980587526154126,0.11955854711461344,0.09090859695175046,0.11242697865531848
1964-05-01,1964.05,80.72,2.36333,4.28,30.9,0.07922040717736789,0.11982864283998418,0.09158623427375012,0.1118819617368505
1964-06-01,1964.06,80.24,2.38,4.33,31.0,0.07864312731911305,0.120095175414763,0.09224973365121869,0.11134717871414179
1964-07-01,1964.07,83.22,2.4,4.37667,31.1,0.08549888501886316,0.12045300762574596,0.09024814688250593,0.11022292865747518
1964-08-01,1964.08,82.0,2.42,4.42333,31.0,0.09228294831491068,0.1208011522938488,0.08827194577520892,0.10912141032983591
1964-09-01,1964.09,83.41,2.44,4.47,31.1,0.09900552377544902,0.12114438335908817,0.0863280834884973,0.10804148241108424
1964-10-01,1964.1,84.85,2.46,4.49667,31.1,0.09666760475388803,0.122055303544778,0.08565544457849394,0.11605112044614407
1964-11-01,1964.11,85.44,2.48,4.52333,31.2,0.09436828481703319,0.12295408713883016,0.08499321283339267,0.1239059907926956
1964-12-01,1964.12,83.96,2.5,4.55,31.2,0.09211528890780574,0.12384533033192957,0.08434114843375085,0.13160646421493816
1965-01-01,1965.01,86.12,2.51667,4.59333,31.2,0.0914763513600435,0.1201444044833353,0.08502132130472118,0.13171624710521623
1965-02-01,1965.02,86.75,2.53333,4.63667,31.2,0.09084659790646121,0.1165256498317877,0.0856960368952221,0.13182180969596358
1965-03-01,1965.03,86.83,2.55,4.68,31.3,0.09022509159272551,0.11298686339289032,0.08635756853221077,0.13192754304254817
1965-04-01,1965.04,87.97,2.57,4.73333,31.4,0.09090859695175046,0.11242697865531848,0.08452352479827974,0.128059402460188
1965-05-01,1965.05,89.28,2.59,4.78667,31.4,0.09158623427375012,0.1118819617368505,0.0827109593934846,0.12426084412099891
1965-06-01,1965.06,85.04,2.61,4.84,31.6,0.09224973365121869,0.11134717871414179,0.08092649032054433,0.12053406902827324
1965-07-01,1965.07,84.91,2.62667,4.88667,31.6,0.09024814688250593,0.11022292865747518,0.08160211004415341,0.1139861621052054
1965-08-01,1965.08,86.49,2.64333,4.93333,31.6,0.08827194577520892,0.10912141032983591,0.08227254382772586,0.10752041259085954
1965-09-01,1965.09,89.38,2.66,4.98,31.6,0.0863280834884973,0.10804148241108424,0.082930379330733,0.1011347321282614
1965-10-01,1965.1,91.39,2.68,5.05,31.7,0.08565544457849394,0.11605112044614407,0.07312908168288046,0.08959269598260944
1965-11-01,1965.11,92.15,2.7,5.12,31.7,0.08499321283339267,0.1239059907926956,0.06338160216482369,0.07823879795245592
1965-12-01,1965.12,91.73,2.72,5.19,31.8,0.08434114843375085,0.13160646421493816,0.05368014946362387,0.06706423058054578
1966-01-01,1966.01,93.32,2.74,5.24,31.8,0.08502132130472118,0.13171624710521623,0.049832373747875636,0.05145291905143612
1966-02-01,1966.02,92.69,2.76,5.29,32.0,0.0856960368952221,0.13182180969596358,0.0460258223952823,0.03589433477014281
1966-03-01,1966.03,88.88,2.78,5.34,32.1,0.08635756853221077,0.13192754304254817,0.04225980928988271,0.020389955703049356
1966-04-01,1966.04,91.6,2.79667,5.38,32.3,0.08452352479827974,0.128059402460188,0.03628131328702011,0.005560718684697097
1966-05-01,1966.05,86.78,2.81333,5.42,32.3,0.0827109593934846,0.12426084412099891,0.030341901887497302,-0.0092679069307815
1966-06-01,1966.06,86.06,2.83,5.46,32.4,0.08092649032054433,0.12053406902827324,0.024434025337281895,-0.02409755157906046
1966-07-01,1966.07,85.84,2.85,5.47667,32.5,0.08160211004415341,0.1139861621052054,0.01968910176055272,-0.02902394867005542
1966-08-01,1966.08,80.65,2.87,5.49333,32.7,0.08227254382772586,0.10752041259085954,0.014984727062390402,-0.03394279376306786
1966-09-01,1966.09,77.81,2.89,5.51,32.7,0.082930379330733,0.1011347321282614,0.010327114155849637,-0.03885780260674698
1966-10-01,1966.1,77.13,2.88333,5.52333,32.9,0.07312908168288046,0.08959269598260944,0.012637740074544546,-0.03938910401603035
1966-11-01,1966.11,80.99,2.87667,5.53667,32.9,0.06338160216482369,0.07823879795245592,0.01495024110508325,-0.039919933650319095
1966-12-01,1966.12,81.33,2.87,5.55,32.9,0.05368014946362387,0.06706423058054578,0.017271586508660564,-0.040446689580589945
1967-01-01,1967.01,84.45,2.88,5.51667,32.9,0.049832373747875636,0.05145291905143612,0.017212128881121558,-0.02756681294425989
1967-02-01,1967.02,87.36,2.89,5.48333,32.9,0.0460258223952823,0.03589433477014281,0.017153079226249535,-0.014697150464212161
1967-03-01,1967.03,89.42,2.9,5.45,33.0,0.04225980928988271,0.020389955703049356,0.017094433359300165,-0.0018365478073014696
1967-04-01,1967.04,90.96,2.9,5.41,33.1,0.03628131328702011,0.005560718684697097,0.021602899005250142,0.013463487781960604
1967-05-01,1967.05,92.59,2.9,5.37,33.2,0.030341901887497302,-0.0092679069307815,0.026094489048071434,0.028757555654392863
1967-06-01,1967.06,91.43,2.9,5.33,33.3,0.024434025337281895,-0.02409755157906046,0.030562650410166814,0.044043815761439564
1967-07-01,1967.07,93.01,2.90667,5.32,33.4,0.01968910176055272,-0.02902394867005542,0.032713577032495555,0.05129329438755037
1967-08-01,1967.08,94.49,2.91333,5.31,33.5,0.014984727062390402,-0.03394279376306786,0.034856817181569966,0.05851760689775154
1967-09-01,1967.09,95.81,2.92,5.3,33.6,0.010327114155849637,-0.03885780260674698,0.03697900324108727,0.06571707165701546
1967-10-01,1967.1,95.66,2.92,5.31,33.7,0.012637740074544546,-0.03938910401603035,0.04136869436772539,0.06970347895820139
1967-11-01,1967.11,92.66,2.92,5.32,33.8,0.01495024110508325,-0.039919933650319095,0.04574247183201963,0.07366090660645397
1967-12-01,1967.12,95.3,2.92,5.33,33.9,0.017271586508660564,-0.040446689580589945,0.05009394531891531,0.07758623653004681
1968-01-01,1968.01,95.04,2.93,5.36667,34.1,0.017212128881121558,-0.02756681294425989,0.04992717395650703,0.07419607824415908
1968-02-01,1968.02,90.75,2.94,5.40333,34.2,0.017153079226249535,-0.014697150464212161,0.04976150955906378,0.070842487376235
1968-03-01,1968.03,89.09,2.95,5.44,34.3,0.017094433359300165,-0.0018365478073014696,0.049596941139372186,0.06752120087549507
1968-04-01,1968.04,95.67,2.96333,5.48333,34.4,0.021602899005250142,0.013463487781960604,0.04830909019346441,0.060733073001145055
1968-05-01,1968.05,97.87,2.97667,5.52667,34.5,0.026094489048071434,0.028757555654392863,0.047027775780891456,0.05400255665745779
1968-06-01,1968.06,100.5,2.99,5.57,34.7,0.030562650410166814,0.044043815761439564,0.04575961714946675,0.04733574290094289
1968-07-01,1968.07,100.3,3.00333,5.6,34.9,0.032713577032495555,0.05129329438755037,0.043440054554262586,0.04481458494159418
1968-08-01,1968.08,98.11,3.01667,5.63,35.0,0.034856817181569966,0.05851760689775154,0.04112917351581702,0.042312322151273785
1968-09-01,1968.09,101.3,3.03,5.66,35.1,0.03697900324108727,0.06571707165701546,0.03883983331626406,0.039832105448403654
1968-10-01,1968.1,103.8,3.04333,5.69333,35.3,0.04136869436772539,0.06970347895820139,0.03550672666475019,0.027715415850567915
1968-11-01,1968.11,105.4,3.05667,5.72667,35.4,0.04574247183201963,0.07366090660645397,0.03219158638331865,0.015593723086057665
1968-12-01,1968.12,106.5,3.07,5.76,35.5,0.05009394531891531,0.07758623653004681,0.028894465999715013,0.003466207976486224
1969-01-01,1969.01,102.0,3.08,5.78,35.6,0.04992717395650703,0.07419607824415908,0.0266956732269088,-0.008688151957637835
1969-02-01,1969.02,101.5,3.09,5.8,35.8,0.04976150955906378,0.070842487376235,0.024509471659756255,-0.020906684819313792
1969-03-01,1969.03,99.3,3.1,5.82,36.1,0.049596941139372186,0.06752120087549507,0.022329476398088577,-0.03319081959174741
1969-04-01,1969.04,101.3,3.11,5.82667,36.3,0.04830909019346441,0.060733073001145055,0.020158783523301693,-0.040870837218279554
1969-05-01,1969.05,104.6,3.12,5.83333,36.4,0.047027775780891456,0.05400255665745779,0.018000476494002715,-0.04858901285818695
1969-06-01,1969.06,99.14,3.13,5.84,36.6,0.04575961714946675,0.04733574290094289,0.015848192240023762,-0.056352936551131716
1969-07-01,1969.07,94.71,3.13667,5.85667,36.8,0.043440054554262586,0.04481458494159418,0.014766091075692156,-0.0689115267647431
1969-08-01,1969.08,94.18,3.14333,5.87333,37.0,0.04112917351581702,0.042312322151273785,0.013693736888450436,-0.08155733400118703
1969-09-01,1969.09,94.51,3.15,5.89,37.1,0.03883983331626406,0.039832105448403654,0.012618463959211512,-0.0942920225807844
1969-10-01,1969.1,95.52,3.15333,5.85333,37.3,0.03550672666475019,0.027715415850567915,0.006322472401778523,-0.10245414932246222
1969-11-01,1969.11,96.21,3.15667,5.81667,37.5,0.03219158638331865,0.015593723086057665,0.0,-0.110787437097974
1969-12-01,1969.12,91.11,3.16,5.78,37.7,0.028894465999715013,0.003466207976486224,-0.006349227678658753,-0.1192980235016079
1970-01-01,1970.01,90.31,3.16333,5.73,37.8,0.0266956732269088,-0.008688151957637835,-0.010592265660330114,-0.10477895123317693
1970-02-01,1970.02,87.16,3.16667,5.68,38.0,0.024509471659756255,-0.020906684819313792,-0.014847560748019184,-0.09021753555526257
1970-03-01,1970.03,88.65,3.17,5.63,38.2,0.022329476398088577,-0.03319081959174741,-0.019108861698046375,-0.0756120402570517
1970-04-01,1970.04,85.95,3.17333,5.59333,38.5,0.020158783523301693,-0.040870837218279554,-0.021230096724256686,-0.0627126551795607
1970-05-01,1970.05,76.06,3.17667,5.55667,38.6,0.018000476494002715,-0.04858901285818695,-0.02335774980896077,-0.04981044991901973
1970-06-01,1970.06,75.59,3.18,5.52,38.8,0.015848192240023762,-0.056352936551131716,-0.02547908530098497,-0.036904556935450694
1970-07-01,1970.07,75.72,3.18333,5.46667,39.0,0.014766091075692156,-0.0689115267647431,-0.027600478120239247,-0.020327142559300793
1970-08-01,1970.08,77.92,3.18667,5.41333,39.0,0.013693736888450436,-0.08155733400118703,-0.02972830387654568,-0.0037014253866123337
1970-09-01,1970.09,82.58,3.19,5.36,39.2,0.012618463959211512,-0.0942920225807844,-0.03184982588709917,0.012975158863133274
1970-10-01,1970.1,84.37,3.17333,5.28333,39.4,0.006322472401778523,-0.10245414932246222,-0.028771327939885794,0.04382127954884929
1970-11-01,1970.11,84.28,3.15667,5.20667,39.6,0.0,-0.110787437097974,-0.025669831225845874,0.07461022358651426
1970-12-01,1970.12,90.05,3.14,5.13,39.8,-0.006349227678658753,-0.1192980235016079,-0.02254523832105626,0.10536051565782634
1971-01-01,1971.01,93.49,3.13,5.16,39.8,-0.010592265660330114,-0.10477895123317693,-0.019355442952956103,0.10594232311922291
1971-02-01,1971.02,97.11,3.12,5.19,39.9,-0.014847560748019184,-0.09021753555526257,-0.016155440222285433,0.10651533992100992
1971-03-01,1971.03,99.6,3.11,5.22,40.0,-0.019108861698046375,-0.0756120402570517,-0.012945164592037095,0.10708316896927239
1971-04-01,1971.04,103.0,3.10667,5.25333,40.1,-0.021230096724256686,-0.0627126551795607,-0.011873851391082102,0.10985554033270772
1971-05-01,1971.05,101.6,3.10333,5.28667,40.3,-0.02335774980896077,-0.04981044991901973,-0.010798166907327378,0.11258523257802078
1971-06-01,1971.06,99.72,3.1,5.32,40.6,-0.02547908530098497,-0.036904556935450694,-0.009724549891994894,0.11527362405095753
1971-07-01,1971.07,99.0,3.09667,5.35667,40.7,-0.027600478120239247,-0.020327142559300793,-0.007565676282216938,0.11785210603445906
1971-08-01,1971.08,97.24,3.09333,5.39333,40.8,-0.02972830387654568,-0.0037014253866123337,-0.005400337273529177,0.12038923849996186
1971-09-01,1971.09,99.4,3.09,5.43,40.8,-0.03184982588709917,0.012975158863133274,-0.003241493924170946,0.12288560821320704
1971-10-01,1971.1,97.29,3.08333,5.52,40.9,-0.028771327939885794,0.04382127954884929,0.006465546731874383,0.12153284014392596
1971-11-01,1971.11,92.78,3.07667,5.61,40.9,-0.025669831225845874,0.07461022358651426,0.016120697177853582,0.12022331184931812
1971-12-01,1971.12,99.17,3.07,5.7,41.1,-0.02254523832105626,0.10536051565782634,0.02572489123843602,0.11895194286136523
1972-01-01,1972.01,103.3,3.07,5.73667,41.1,-0.019355442952956103,0.10594232311922291,0.027840112896422964,0.13207762081035557
1972-02-01,1972.02,105.2,3.07,5.77333,41.3,-0.016155440222285433,0.10651533992100992,0.029947708613286217,0.14486994861953328
1972-03-01,1972.03,107.7,3.07,5.81,41.4,-0.012945164592037095,0.10708316896927239,0.03205402629008347,0.15734204131824137
1972-04-01,1972.04,108.8,3.07,5.86333,41.5,-0.011873851391082102,0.10985554033270772,0.03729892282065195,0.16906378495148
1972-05-01,1972.05,107.7,3.07,5.91667,41.6,-0.010798166907327378,0.11258523257802078,0.04251333213171793,0.18044176397902967
1972-06-01,1972.06,108.0,3.07,5.97,41.7,-0.009724549891994894,0.11527362405095753,0.04770379795721125,0.19149210876616274
1972-07-01,1972.07,107.2,3.07333,6.02667,41.9,-0.007565676282216938,0.11785210603445906,0.05178335919960486,0.20303013696255157
1972-08-01,1972.08,111.0,3.07667,6.08333,42.0,-0.005400337273529177,0.12038923849996186,0.05583124389651983,0.21422819648881175
1972-09-01,1972.09,109.4,3.08,6.14,42.1,-0.003241493924170946,0.12288560821320704,0.05986038792367898,0.22509604135850148
1972-10-01,1972.1,109.6,3.10333,6.23333,42.3,0.006465546731874383,0.12153284014392596,0.06346591218624664,0.23017853753983708
1972-11-01,1972.11,115.1,3.12667,6.32667,42.4,0.016120697177853582,0.12022331184931812,0.06699877584872804,0.23508367368791427
1972-12-01,1972.12,117.5,3.15,6.42,42.5,0.02572489123843602,0.11895194286136523,0.07047325665738557,0.2398260512741457
1973-01-01,1973.01,118.4,3.15667,6.54667,42.6,0.027840112896422964,0.13207762081035557,0.074257757126587,0.22842479213233124
1973-02-01,1973.02,114.2,3.16333,6.67333,42.9,0.029947708613286217,0.14486994861953328,0.07801528086212195,0.21733259155518736
1973-03-01,1973.03,112.4,3.17,6.8,43.3,0.03205402629008347,0.15734204131824137,0.08173988349611783,0.2065358149145493
1973-04-01,1973.04,110.3,3.18667,6.94333,43.6,0.03729892282065195,0.16906378495148,0.08229210464987524,0.20071521070620757
1973-05-01,1973.05,107.2,3.20333,7.08667,43.9,0.04251333213171793,0.18044176397902967,0.08284140005555929,0.19509544863684458
1973-06-01,1973.06,104.8,3.22,7.23,44.2,0.04770379795721125,0.19149210876616274,0.08338160893905111,0.18967115349677055
1973-07-01,1973.07,105.8,3.23667,7.38333,44.3,0.05178335919960486,0.20303013696255157,0.08675284744449452,0.18269778414984983
1973-08-01,1973.08,103.8,3.25333,7.53667,45.1,0.05583124389651983,0.21422819648881175,0.09008145769773646,0.175961928391962
1973-09-01,1973.09,105.6,3.27,7.69,45.2,0.05986038792367898,0.22509604135850148,0.09336221759102536,0.16945192775431428
1973-10-01,1973.1,109.8,3.30667,7.84667,45.6,0.06346591218624664,0.23017853753983708,0.08313770847584667,0.14120150573720602
1973-11-01,1973.11,102.0,3.34333,8.00333,45.9,0.06699877584872804,0.23508367368791427,0.07304110108929907,0.11328410465529748
1973-12-01,1973.12,94.78,3.38,8.16,46.2,0.07047325665738557,0.2398260512741457,0.06305813596713694,0.08568288054979778
1974-01-01,1974.01,96.11,3.4,8.22667,46.6,0.074257757126587,0.22842479213233124,0.06361806087926802,0.06090980841236737
1974-02-01,1974.02,93.45,3.42,8.29333,47.2,0.07801528086212195,0.21733259155518736,0.06417387132757613,0.03592334169872968
1974-03-01,1974.03,97.44,3.44,8.36,47.8,0.08173988349611783,0.2065358149145493,0.06472019068117185,0.01070801427247181
1974-04-01,1974.04,92.46,3.46,8.48667,48.0,0.08229210464987524,0.20071521070620757,0.06254864524823422,-0.023848497567061866
1974-05-01,1974.05,89.67,3.48,8.61333,48.6,0.08284140005555929,0.19509544863684458,0.060400120620631714,-0.05857083462097412
1974-06-01,1974.06,89.79,3.5,8.74,49.0,0.08338160893905111,0.18967115349677055,0.05826890812397578,-0.09348118981115228
1974-07-01,1974.07,79.31,3.53,8.86333,49.4,0.08675284744449452,0.18269778414984983,0.04973400567413844,-0.11590444145520573
1974-08-01,1974.08,76.03,3.56,8.98667,50.0,0.09008145769773646,0.175961928391962,0.04127133175540476,-0.13820523610973545
1974-09-01,1974.09,68.12,3.59,9.11,50.6,0.09336221759102536,0.16945192775431428,0.03287967411915638,-0.16039037707673964
1974-10-01,1974.1,69.44,3.59333,9.03667,51.1,0.08313770847584667,0.14120150573720602,0.0292534704816525,-0.14375361152389932
1974-11-01,1974.11,71.74,3.59667,8.96333,51.5,0.07304110108929907,0.11328410465529748,0.025618040666872233,-0.12712371067682637
1974-12-01,1974.12,67.07,3.6,8.89,51.9,0.06305813596713694,0.08568288054979778,0.02197890671877545,-0.11049804966952159
1975-01-01,1975.01,72.56,3.62333,8.74333,52.1,0.06361806087926802,0.06090980841236737,0.016423741816483428,-0.06497071533287713
1975-02-01,1975.02,80.1,3.64667,8.59667,52.5,0.06417387132757613,0.03592334169872968,0.01090918918271222,-0.01997324279216839
1975-03-01,1975.03,83.78,3.67,8.45,52.7,0.06472019068117185,0.01070801427247181,0.005434795985956864,0.024548281205261535
1975-04-01,1975.04,84.72,3.68333,8.28667,52.9,0.06254864524823422,-0.023848497567061866,0.00811181384669002,0.06652264780087336
1975-05-01,1975.05,90.1,3.69667,8.12333,53.2,0.060400120620631714,-0.05857083462097412,0.010762426069206521,0.10839247720546741
1975-06-01,1975.06,92.4,3.71,7.96,53.6,0.05826890812397578,-0.09348118981115228,0.013387080782459204,0.1501945516680423
1975-07-01,1975.07,92.49,3.71,7.89333,54.2,0.04973400567413844,-0.11590444145520573,0.021334142474991102,0.169358244250287
1975-08-01,1975.08,85.71,3.71,7.82667,54.3,0.04127133175540476,-0.13820523610973545,0.029218545999139867,0.1884776093195777
1975-09-01,1975.09,84.67,3.71,7.76,54.6,0.03287967411915638,-0.16039037707673964,0.037041271680348986,0.20755882029751183
1975-10-01,1975.1,88.57,3.7,7.82667,54.9,0.0292534704816525,-0.14375361152389932,0.056908983335346885,0.21149117727912925
1975-11-01,1975.11,90.07,3.69,7.89333,55.3,0.025618040666872233,-0.12712371067682637,0.07649169483654039,0.21534335749211042
1975-12-01,1975.12,88.7,3.68,7.96,55.5,0.02197890671877545,-0.11049804966952159,0.09580412893760815,0.21911534848560477
1976-01-01,1976.01,96.86,3.68333,8.19333,55.6,0.016423741816483428,-0.06497071533287713,0.10635721426128564,0.19592611754176437
1976-02-01,1976.02,100.6,3.68667,8.42667,55.8,0.01090918918271222,-0.01997324279216839,0.11677620076415485,0.1735107065730479
1976-03-01,1976.03,101.1,3.69,8.66,55.9,0.005434795985956864,0.024548281205261535,0.1270742758816108,0.15183854006887865
1976-04-01,1976.04,101.9,3.71333,8.85667,56.1,0.00811181384669002,0.06652264780087336,0.13420609824039875,0.1405597942484138
1976-05-01,1976.05,101.2,3.73667,9.05333,56.5,0.010762426069206521,0.10839247720546741,0.14119430112058184,0.12966152336472803
1976-06-01,1976.06,101.8,3.76,9.25,56.8,0.013387080782459204,0.1501945516680423,0.14805309995914007,0.11910348480088695
1976-07-01,1976.07,104.2,3.79,9.35,57.1,0.021334142474991102,0.169358244250287,0.15075328309046165,0.11758812658560158
1976-08-01,1976.08,103.3,3.82,9.45,57.4,0.029218545999139867,0.1884776093195777,0.1534017083186321,0.1160931900939719
1976-09-01,1976.09,105.5,3.85,9.55,57.6,0.037041271680348986,0.20755882029751183,0.15600424847658134,0.11463672996701835
1976-10-01,1976.1,101.9,3.91667,9.67,57.9,0.056908983335346885,0.21149117727912925,0.1513502906108506,0.1077361817030944
1976-11-01,1976.11,101.2,3.98333,9.79,58.0,0.07649169483654039,0.21534335749211042,0.1468317860888242,0.10095860447048022
1976-12-01,1976.12,104.7,4.05,9.91,58.2,0.09580412893760815,0.21911534848560477,0.14244219056235807,0.09430058860297263
1977-01-01,1977.01,103.8,4.09667,9.96667,58.5,0.10635721426128564,0.19592611754176437,0.14022021600733559,0.08951626305846228
1977-02-01,1977.02,101.0,4.14333,10.0233,59.1,0.11677620076415485,0.1735107065730479,0.1380480312422807,0.08476741709184221
1977-03-01,1977.03,100.6,4.19,10.08,59.5,0.1270742758816108,0.15183854006887865,0.13591518397979874,0.08004270767353683
1977-04-01,1977.04,99.05,4.24667,10.1933,60.0,0.13420609824039875,0.1405597942484138,0.1300913210026693,0.07828057271602296
1977-05-01,1977.05,98.76,4.30333,10.3067,60.3,0.14119430112058184,0.12966152336472803,0.12438834006195787,0.07655345616842979
1977-06-01,1977.06,99.29,4.36,10.42,60.7,0.14805309995914007,0.11910348480088695,0.11880188444548612,0.07486173242513106
1977-07-01,1977.07,100.2,4.40667,10.5167,61.0,0.15075328309046165,0.11758812658560158,0.11559532074054846,0.07566279137058718
1977-08-01,1977.08,97.75,4.45333,10.6133,61.2,0.1534017083186321,0.1160931900939719,0.11244621133492516,0.07646678010388808
1977-09-01,1977.09,96.23,4.5,10.71,61.4,0.15600424847658134,0.11463672996701835,0.10935253692736358,0.07723765674592764
1977-10-01,1977.1,93.74,4.55667,10.77,61.6,0.1513502906108506,0.1077361817030944,0.10015305583331169,0.0933076696612476
1977-11-01,1977.11,94.28,4.61333,10.83,61.9,0.1468317860888242,0.10095860447048022,0.09109749293749125,0.10895791536569543
1977-12-01,1977.12,93.82,4.67,10.89,62.1,0.14244219056235807,0.09430058860297263,0.082181745922286,0.12419038023138373
1978-01-01,1978.01,90.25,4.71333,10.9,62.5,0.14022021600733559,0.08951626305846228,0.08145619079381738,0.1491552614831
1978-02-01,1978.02,88.98,4.75667,10.91,62.9,0.1380480312422807,0.08476741709184221,0.08074317873782944,0.17347564181905106
1978-03-01,1978.03,88.82,4.8,10.92,63.4,0.13591518397979874,0.08004270767353683,0.08004270767353638,0.19716806491094907
1978-04-01,1978.04,92.71,4.83667,11.0233,63.9,0.1300913210026693,0.07828057271602296,0.08136712223733578,0.20465429556233605
1978-05-01,1978.05,97.41,4.87333,11.1267,64.5,0.12438834006195787,0.07655345616842979,0.082670055768999,0.21193116995022399
1978-06-01,1978.06,97.66,4.91,11.23,65.2,0.11880188444548612,0.07486173242513106,0.08395171116567424,0.2190389680553122
1978-07-01,1978.07,97.19,4.94667,11.3433,65.7,0.11559532074054846,0.07566279137058718,0.08706747376112367,0.22438228197647847
1978-08-01,1978.08,103.9,4.98333,11.4567,66.0,0.11244621133492516,0.07646678010388808,0.09012808898731972,0.2295766797232619
1978-09-01,1978.09,103.9,5.02,11.57,66.5,0.10935253692736358,0.07723765674592764,0.0931346894611853,0.234658673826448
1978-10-01,1978.1,100.6,5.03667,11.8233,67.1,0.10015305583331169,0.0933076696612476,0.098253858544749,0.21823101143086276
1978-11-01,1978.11,94.71,5.05333,12.0767,67.4,0.09109749293749125,0.10895791536569543,0.1033136319529484,0.20222018891491045
1978-12-01,1978.12,96.11,5.07,12.33,67.7,0.082181745922286,0.12419038023138373,0.10831472755525784,0.18663772211336038
1979-01-01,1979.01,99.71,5.11333,12.6533,68.3,0.08145619079381738,0.1491552614831,0.10861531946019887,0.17035212618756068
1979-02-01,1979.02,98.23,5.15667,12.9767,69.1,0.08074317873782944,0.17347564181905106,0.1089088324801919,0.15462724478255963
1979-03-01,1979.03,100.1,5.2,13.3,69.8,0.08004270767353638,0.19716806491094907,0.109199291964992,0.13943498471326254
1979-04-01,1979.04,102.1,5.24667,13.5267,70.6,0.08136712223733578,0.20465429556233605,0.10827867875623132,0.11487179431636196
1979-05-01,1979.05,99.73,5.29333,13.7533,71.5,0.082670055768999,0.21193116995022399,0.10737366550260807,0.09054427953752064
1979-06-01,1979.06,101.7,5.34,13.98,72.3,0.08395171116567424,0.2190389680553122,0.10648348040245015,0.06641444289900722
1979-07-01,1979.07,102.7,5.39667,14.1967,73.1,0.08706747376112367,0.22438228197647847,0.10319517247649013,0.04431669450597164
1979-08-01,1979.08,107.4,5.45333,14.4133,73.8,0.09012808898731972,0.2295766797232619,0.09996818813375219,0.022413495334417277
1979-09-01,1979.09,108.6,5.51,14.63,74.6,0.0931346894611853,0.234658673826448,0.09679398190658395,0.0006832935011327201
1979-10-01,1979.1,104.5,5.55667,14.7067,75.2,0.098253858544749,0.21823101143086276,0.0932897632048284,-0.00045567847571703624
1979-11-01,1979.11,103.7,5.60333,14.7833,75.9,0.1033136319529484,0.20222018891491045,0.08983368607988007,-0.0015773461211785467
1979-12-01,1979.12,107.8,5.65,14.86,76.7,0.10831472755525784,0.18663772211336038,0.08642123238707877,-0.002695419421672174
1980-01-01,1980.01,110.9,5.7,15.0033,77.8,0.10861531946019887,0.17035212618756068,0.0840831172105414,-0.01770529014456823
1980-02-01,1980.02,115.3,5.75,15.1467,78.9,0.1089088324801919,0.15462724478255963,0.0817803275720772,-0.032659989988084615
1980-03-01,1980.03,104.7,5.8,15.29,80.1,0.109199291964992,0.13943498471326254,0.07951206292773372,-0.047548293360458516
1980-04-01,1980.04,103.0,5.84667,15.1733,81.0,0.10827867875623132,0.11487179431636196,0.07731990216347961,-0.03010603135331147
1980-05-01,1980.05,107.7,5.89333,15.0567,81.8,0.10737366550260807,0.09054427953752064,0.07515788196846906,-0.012699262346846485
1980-06-01,1980.06,114.6,5.94,14.94,82.7,0.10648348040245015,0.06641444289900722,0.07302513501488983,0.00467446594069898
1980-07-01,1980.07,119.8,5.98333,14.84,82.7,0.10319517247649013,0.04431669450597164,0.07251501994492204,0.017149939151275273
1980-08-01,1980.08,123.5,6.02667,14.74,83.3,0.09996818813375219,0.022413495334417277,0.07201186999603282,0.029631252884575687
1980-09-01,1980.09,126.5,6.07,14.64,84.0,0.09679398190658395,0.0006832935011327201,0.07151577086715455,0.042132610697375394
1980-10-01,1980.1,130.2,6.1,14.7,84.8,0.0932897632048284,-0.00045567847571703624,0.07219408094187219,0.04000533461369926
1980-11-01,1980.11,135.7,6.13,14.76,85.5,0.08983368607988007,-0.0015773461211785467,0.0728637820170357,0.0378908737113961
1980-12-01,1980.12,133.5,6.16,14.82,86.3,0.08642123238707877,-0.002695419421672174,0.07352802665234259,0.035789107851584845
1981-01-01,1981.01,133.0,6.2,14.74,87.0,0.0840831172105414,-0.01770529014456823,0.07157019250125174,0.02919647026903105
1981-02-01,1981.02,128.4,6.24,14.66,87.9,0.0817803275720772,-0.032659989988084615,0.06963369175880074,0.022480738191767546
1981-03-01,1981.03,133.2,6.28,14.58,88.5,0.07951206292773372,-0.047548293360458516,0.06771817405495084,0.015651901699194948
1981-04-01,1981.04,134.4,6.31667,14.7233,89.1,0.07731990216347961,-0.03010603135331147,0.06635033431976667,-0.008635797188697225
1981-05-01,1981.05,131.7,6.35333,14.8667,89.8,0.07515788196846906,-0.012699262346846485,0.0649980170534672,-0.03305600114632279
1981-06-01,1981.06,132.3,6.39,15.01,90.6,0.07302513501488983,0.00467446594069898,0.06365785177197747,-0.057589591942781126
1981-07-01,1981.07,129.1,6.43333,15.0967,91.6,0.07251501994492204,0.017149939151275273,0.0588553333773032,-0.07780025199853036
1981-08-01,1981.08,129.6,6.47667,15.1833,92.3,0.07201186999603282,0.029631252884575687,0.05409428159395535,-0.09819051031273096
1981-09-01,1981.09,118.3,6.52,15.27,93.2,0.07151577086715455,0.042132610697375394,0.04937427633557223,-0.11876583671829177
1981-10-01,1981.1,119.8,6.55667,15.3,93.4,0.07219408094187219,0.04000533461369926,0.0447390490203714,-0.14360625037183228
1981-11-01,1981.11,122.9,6.59333,15.33,93.7,0.0728637820170357,0.0378908737113961,0.04013421473365808,-0.16897076346672923
1981-12-01,1981.12,123.8,6.63,15.36,94.0,0.07352802665234259,0.035789107851584845,0.03555930203648683,-0.1949003390008146
1982-01-01,1982.01,117.3,6.66,15.1767,94.3,0.07157019250125174,0.02919647026903105,0.032983061925015766,-0.18871089872799018
1982-02-01,1982.02,114.5,6.69,14.9933,94.6,0.06963369175880074,0.022480738191767546,0.030424812274365998,-0.1824109340413682
1982-03-01,1982.03,110.8,6.72,14.81,94.5,0.06771817405495084,0.015651901699194948,0.027881483244520444,-0.1759945517743744
1982-04-01,1982.04,116.3,6.75,14.5967,94.9,0.06635033431976667,-0.008635797188697225,0.024873264745139734,-0.156932570870576
1982-05-01,1982.05,116.4,6.78,14.3833,95.8,0.0649980170534672,-0.03305600114632279,0.02188271124950769,-0.13767870921180458
1982-06-01,1982.06,109.7,6.81,14.17,97.0,0.06365785177197747,-0.057589591942781126,0.018909654357292194,-0.1182242056463334
1982-07-01,1982.07,109.4,6.82333,13.9667,97.5,0.0588553333773032,-0.07780025199853036,0.019831851861144223,-0.08514698901336137
1982-08-01,1982.08,109.7,6.83667,13.7633,97.7,0.05409428159395535,-0.09819051031273096,0.020748145791180228,-0.05219885746420516
1982-09-01,1982.09,122.4,6.85,13.56,97.9,0.04937427633557223,-0.11876583671829177,0.021661496781179457,-0.01936024728454111
1982-10-01,1982.1,132.7,6.85667,13.2533,98.2,0.0447390490203714,-0.14360625037183228,0.024964804681064434,0.021645382066398877
1982-11-01,1982.11,138.1,6.86333,12.9467,98.0,0.04013421473365808,-0.16897076346672923,0.02825230480633678,0.0628634299071189
1982-12-01,1982.12,139.4,6.87,12.64,97.6,0.03555930203648683,-0.1949003390008146,0.03152123430977816,0.10433150539565839
1983-01-01,1983.01,144.3,6.88333,12.5667,97.8,0.032983061925015766,-0.18871089872799018,0.03380517894657098,0.13895167516244866
1983-02-01,1983.02,146.8,6.89667,12.4933,97.9,0.030424812274365998,-0.1824109340413682,0.036073670291413285,0.17280736463980384
1983-03-01,1983.03,151.9,6.91,12.42,97.9,0.027881483244520444,-0.1759945517743744,0.03832974528055422,0.2059269493509781
1983-04-01,1983.04,157.7,6.92,12.4767,98.6,0.024873264745139734,-0.156932570870576,0.04290029578300669,0.22169500454019975
1983-05-01,1983.05,164.1,6.93,12.5333,99.2,0.02188271124950769,-0.13767870921180458,0.04743832664061287,0.2370931790461026
1983-06-01,1983.06,166.4,6.94,12.59,99.5,0.018909654357292194,-0.1182242056463334,0.05194149924297409,0.2521083941820823
1983-07-01,1983.07,167.0,6.96,12.8267,99.9,0.019831851861144223,-0.08514698901336137,0.05225023579832011,0.24086241365734296
1983-08-01,1983.08,162.4,6.98,13.0633,100.2,0.020748145791180228,-0.05219885746420516,0.052558467929912256,0.22991061775920407
1983-09-01,1983.09,167.2,7.0,13.3,100.7,0.021661496781179457,-0.01936024728454111,0.05286348955706788,0.21922611372940537
1983-10-01,1983.1,167.7,7.03,13.5433,101.0,0.024964804681064434,0.021645382066398877,0.05533915290709435,0.20270920931414071
1983-11-01,1983.11,165.2,7.06,13.7867,101.2,0.02825230480633678,0.0628634299071189,0.05778774048123525,0.18649922006441688
1983-12-01,1983.12,164.4,7.09,14.03,101.3,0.03152123430977816,0.10433150539565839,0.060209701267766036,0.17061154127869305
1984-01-01,1984.01,166.4,7.12,14.44,101.9,0.03380517894657098,0.13895167516244866,0.06172513962001469,0.13678872027214162
1984-02-01,1984.02,157.3,7.15,14.85,102.4,0.036073670291413285,0.17280736463980384,0.06322690960285349,0.1037410231693201
1984-03-01,1984.03,157.4,7.18,15.26,102.6,0.03832974528055422,0.2059269493509781,0.06471260069236728,0.07143636689942756
1984-04-01,1984.04,157.6,7.22333,15.5733,103.1,0.04290029578300669,0.22169500454019975,0.06217159441146847,0.03512298269850511
1984-05-01,1984.05,156.6,7.26667,15.8867,103.4,0.04743832664061287,0.2370931790461026,0.0596518611027852,-0.0010517466575192813
1984-06-01,1984.06,153.1,7.31,16.2,103.7,0.05194149924297409,0.2521083941820823,0.057158413839948796,-0.03709950771099768
1984-07-01,1984.07,151.1,7.33333,16.32,104.1,0.05225023579832011,0.24086241365734296,0.058268933852974936,-0.05262932579906998
1984-08-01,1984.08,164.4,7.35667,16.44,104.5,0.052558467929912256,0.22991061775920407,0.059371111782659636,-0.06816552874073256
1984-09-01,1984.09,166.1,7.38,16.56,105.0,0.05286348955706788,0.21922611372940537,0.06046519574993514,-0.08372298205004336
1984-10-01,1984.1,164.8,7.43,16.5867,105.3,0.05533915290709435,0.20270920931414071,0.0562607477114474,-0.09899884014591231
1984-11-01,1984.11,166.3,7.48,16.6133,105.3,0.05778774048123525,0.18649922006441688,0.0520951118834021,-0.11444865638047075
1984-12-01,1984.12,164.5,7.53,16.64,105.3,0.060209701267766036,0.17061154127869305,0.047967717661173914,-0.13010320963045485
1985-01-01,1985.01,171.6,7.57333,16.5567,105.5,0.06172513962001469,0.13678872027214162,0.047280410215145174,-0.1271401271563093
1985-02-01,1985.02,180.9,7.61667,16.4733,106.0,0.06322690960285349,0.1037410231693201,0.046599145152947496,-0.12414989480052707
1985-03-01,1985.03,179.4,7.66,16.39,106.4,0.06471260069236728,0.07143636689942756,0.045926438125922786,-0.12114438335908861
1985-04-01,1985.04,180.6,7.68667,16.13,106.9,0.06217159441146847,0.03512298269850511,0.04577068142734353,-0.10080385371850165
1985-05-01,1985.05,184.9,7.71333,15.87,107.3,0.0596518611027852,-0.0010517466575192813,0.045616035629625795,-0.08021548042187465
1985-06-01,1985.06,188.9,7.74,15.61,107.6,0.057158413839948796,-0.03709950771099768,0.04546237407675724,-0.05938419991399435
1985-07-01,1985.07,192.5,7.77333,15.4833,107.8,0.058268933852974936,-0.05262932579906998,0.04650054327104458,-0.04806480679745295
1985-08-01,1985.08,188.3,7.80667,15.3567,108.0,0.059371111782659636,-0.06816552874073256,0.047528725290019835,-0.036701731999038145
1985-09-01,1985.09,184.1,7.84,15.23,108.3,0.06046519574993514,-0.08372298205004336,0.048547180326662165,-0.025267301658361774
1985-10-01,1985.1,186.2,7.86,15.0233,108.7,0.0562607477114474,-0.09899884014591231,0.048022876058753994,-0.019940156472252557
1985-11-01,1985.11,197.5,7.88,14.8167,109.0,0.0520951118834021,-0.11444865638047075,0.04749975012065688,-0.014507392436851063
1985-12-01,1985.12,207.3,7.9,14.61,109.3,0.047967717661173914,-0.13010320963045485,0.04698020892419219,-0.008937838805037401
1986-01-01,1986.01,208.2,7.94,14.58,109.6,0.047280410215145174,-0.1271401271563093,0.04434223954350802,0.007291595755319236
1986-02-01,1986.02,219.4,7.98,14.55,109.3,0.046599145152947496,-0.12414989480052707,0.041723843371400005,0.023320453775014904
1986-03-01,1986.03,232.3,8.02,14.52,108.8,0.045926438125922786,-0.12114438335908861,0.039124794492232606,0.03916773442422894
1986-04-01,1986.04,238.0,8.04667,14.5833,108.6,0.04577068142734353,-0.10080385371850165,0.04297336459787093,0.019690620767682354
1986-05-01,1986.05,238.5,8.07333,14.6467,108.9,0.045616035629625795,-0.08021548042187465,0.046783137043296286,0.0
1986-06-01,1986.06,245.3,8.1,14.71,109.5,0.04546237407675724,-0.05938419991399435,0.050552279162831226,-0.01991140275654324
1986-07-01,1986.07,240.2,8.14333,14.7567,109.5,0.04650054327104458,-0.04806480679745295,0.05067990506937914,0.009663996011975318
1986-08-01,1986.08,245.0,8.18667,14.8033,109.7,0.047528725290019835,-0.036701731999038145,0.05080378147243936,0.038217835189234606
1986-09-01,1986.09,238.3,8.23,14.85,110.2,0.048547180326662165,-0.025267301658361774,0.0509287078853653,0.06580035095799319
1986-10-01,1986.1,237.4,8.24667,14.7267,110.3,0.048022876058753994,-0.019940156472252557,0.054662308364542334,0.10802761519823711
1986-11-01,1986.11,245.1,8.26333,14.6033,110.4,0.04749975012065688,-0.014507392436851063,0.05836825095785514,0.1492149745710485
1986-12-01,1986.12,248.6,8.28,14.48,110.5,0.04698020892419219,-0.008937838805037401,0.062044471550919855,0.1894324939718981
1987-01-01,1987.01,264.5,8.3,14.6867,111.2,0.04434223954350802,0.007291595755319236,0.06491533266531002,0.19580600648129698
1987-02-01,1987.02,280.9,8.32,14.8933,111.6,0.041723843371400005,0.023320453775014904,0.067763109228959,0.2019761046156887
1987-03-01,1987.03,292.5,8.34,15.1,112.1,0.039124794492232606,0.03916773442422894,0.07059031591610854,0.20792905791247396
1987-04-01,1987.04,289.3,8.4,14.8733,112.7,0.04297336459787093,0.019690620767682354,0.0737957635577442,0.27681358508577825
1987-05-01,1987.05,289.1,8.46,14.6467,113.1,0.046783137043296286,0.0,0.07694681285874028,0.34317575743780937
1987-06-01,1987.06,301.4,8.52,14.42,113.5,0.050552279162831226,-0.01991140275654324,0.08004270767353638,0.4073126836914649
1987-07-01,1987.07,310.1,8.56667,14.9,113.8,0.05067990506937914,0.009663996011975318,0.08285225505413996,0.390739770874887
1987-08-01,1987.08,329.4,8.61333,15.38,114.4,0.05080378147243936,0.038217835189234606,0.0856237074284274,0.37495227485089666
1987-09-01,1987.09,318.7,8.66,15.86,115.0,0.0509287078853653,0.06580035095799319,0.08835766048944338,0.3598854216577503
1987-10-01,1987.1,280.2,8.71,16.4067,115.3,0.054662308364542334,0.10802761519823711,0.09206936362822749,0.3409863168817049
1987-11-01,1987.11,245.0,8.76,16.9533,115.4,0.05836825095785514,0.1492149745710485,0.09572520367415427,0.322986937890021
1987-12-01,1987.12,241.0,8.81,17.5,115.4,0.062044471550919855,0.1894324939718981,0.10137984506166786,0.30538164955118186
1988-01-01,1988.01,250.5,8.85667,17.8633,115.7,0.06491533266531002,0.19580600648129698,0.10257081805073254,0.30195004424948557
1988-02-01,1988.02,258.1,8.90333,18.2267,116.0,0.067763109228959,0.2019761046156887,0.10577297285916787,0.29823155127073653
1988-03-01,1988.03,265.7,8.95,18.59,116.5,0.07059031591610854,0.20792905791247396,0.11193106104036499,0.2946507417678741
1988-04-01,1988.04,262.6,9.04333,19.6167,117.1,0.0737957635577442,0.27681358508577825,0.10919025497229118,0.2443608380538329
1988-05-01,1988.05,256.1,9.13667,20.6433,117.5,0.07694681285874028,0.34317575743780937,0.10943465523940388,0.19680284853072205
1988-06-01,1988.06,270.7,9.23,21.67,118.0,0.08004270767353638,0.4073126836914649,0.11645797372667488,0.1517085149885058
1988-07-01,1988.07,269.1,9.30667,22.0233,118.5,0.08285225505413996,0.390739770874887,0.11331233745102987,0.11510703617421836
1988-08-01,1988.08,263.7,9.38333,22.3767,119.0,0.0856237074284274,0.37495227485089666,0.11687830410486688,0.0783323942342462
1988-09-01,1988.09,268.0,9.46,22.73,119.8,0.08835766048944338,0.3598854216577503,0.12597117357882004,0.04136738030624221
1988-10-01,1988.1,277.4,9.55,23.0733,120.2,0.09206936362822749,0.3409863168817049,0.12269937739036907,0.015200292660809023
1988-11-01,1988.11,271.0,9.64,23.4167,120.3,0.09572520367415427,0.322986937890021,0.12497701384394366,-0.010880313431165245
1988-12-01,1988.12,276.5,9.75,23.75,120.5,0.10137984506166786,0.30538164955118186,0.12606771108443304,-0.037756522445960616
1989-01-01,1989.01,285.4,9.81333,24.16,121.1,0.10257081805073254,0.30195004424948557,0.12680056898054293,-0.07162760709538984
1989-02-01,1989.02,294.0,9.89667,24.56,121.6,0.10577297285916787,0.29823155127073653,0.1263904318291078,-0.10644688187004725
1989-03-01,1989.03,292.7,10.01,24.96,122.3,0.11193106104036499,0.2946507417678741,0.12298647944790764,-0.14134572795295908
1989-04-01,1989.04,302.3,10.0867,25.0467,123.1,0.10919025497229118,0.2443608380538329,0.12560975842085487,-0.15114150819427685
1989-05-01,1989.05,313.9,10.1933,25.1333,123.8,0.10943465523940388,0.19680284853072205,0.12524046872868722,-0.16095695555555212
1989-06-01,1989.06,323.7,10.37,25.22,124.1,0.11645797372667488,0.1517085149885058,0.11724715868091051,-0.1708099576229718
1989-07-01,1989.07,331.9,10.4233,24.71,124.4,0.11331233745102987,0.11510703617421836,0.11782460831820707,-0.14288295498091586
1989-08-01,1989.08,346.6,10.5467,24.2,124.6,0.11687830410486688,0.0783323942342462,0.11087026003355005,-0.11458567333265224
1989-09-01,1989.09,347.3,10.73,23.69,125.0,0.12597117357882004,0.04136738030624221,0.09759512134768844,-0.08589913647763092
1989-10-01,1989.1,347.4,10.7967,23.4267,125.6,0.12269937739036907,0.015200292660809023,0.0995390523830122,-0.08087294575185755
1989-11-01,1989.11,340.2,10.9233,23.1633,125.9,0.12497701384394366,-0.010880313431165245,0.0951162469069966,-0.07575882668031975
1989-12-01,1989.12,348.6,11.06,22.87,126.1,0.12606771108443304,-0.037756522445960616,0.08904366853251222,-0.06924276216108272
1990-01-01,1990.01,339.97,11.14,22.49,127.4,0.12680056898054293,-0.07162760709538984,0.08321678386601938,-0.059857630569231546
1990-02-01,1990.02,330.45,11.23,22.08,128.0,0.1263904318291078,-0.10644688187004725,0.07571525375711463,-0.04887916269490056
1990-03-01,1990.03,338.46,11.32,21.67,128.7,0.12298647944790764,-0.14134572795295908,0.06746048478996425,-0.034267610105876756
1990-04-01,1990.04,338.18,11.4367,21.5333,128.9,0.12560975842085487,-0.15114150819427685,0.05885424015580076,-0.055866313068527074
1990-05-01,1990.05,350.25,11.5533,21.3967,129.2,0.12524046872868722,-0.16095695555555212,0.04953467518638899,-0.07469522286101382
1990-06-01,1990.06,360.39,11.66,21.26,129.9,0.11724715868091051,-0.1708099576229718,0.04116498886421116,-0.09103897573288311
1990-07-01,1990.07,360.03,11.7267,21.42,130.4,0.11782460831820707,-0.14288295498091586,0.039018327395168306,-0.12834279587138564
1990-08-01,1990.08,330.75,11.7833,21.58,131.6,0.11087026003355005,-0.11458567333265224,0.03775635807415778,-0.16322789797837522
1990-09-01,1990.09,315.41,11.83,21.74,132.7,0.09759512134768844,-0.08589913647763092,0.0373332447287007,-0.19883245965039986
1990-10-01,1990.1,307.12,11.9267,21.6067,133.5,0.0995390523830122,-0.08087294575185755,0.027015704201451385,-0.22790222589616738
1990-11-01,1990.11,315.29,12.0133,21.4733,133.8,0.0951162469069966,-0.07575882668031975,0.01760771562439567,-0.2582091335136947
1990-12-01,1990.12,328.75,12.09,21.34,133.8,0.08904366853251222,-0.06924276216108272,0.009057287112509638,-0.2898712836466859
1991-01-01,1991.01,325.49,12.1067,21.1833,134.6,0.08321678386601938,-0.059857630569231546,0.010950258719022887,-0.2777099144427182
1991-02-01,1991.02,362.26,12.1133,21.0267,134.8,0.07571525375711463,-0.04887916269490056,0.013667900211529638,-0.26552762794649576
1991-03-01,1991.03,372.28,12.11,20.94,135.0,0.06746048478996425,-0.034267610105876756,0.017192400540372965,-0.257267437752847
1991-04-01,1991.04,379.68,12.13,20.3633,135.2,0.05885424015580076,-0.055866313068527074,0.015542235149414996,-0.21138651390923036
1991-05-01,1991.05,377.99,12.14,19.8567,135.6,0.04953467518638899,-0.07469522286101382,0.014718172474021518,-0.16914670516123032
1991-06-01,1991.06,378.29,12.15,19.41,136.0,0.04116498886421116,-0.09103897573288311,0.01389478831881652,-0.12963819345139305
1991-07-01,1991.07,380.23,12.1933,18.84,136.2,0.039018327395168306,-0.12834279587138564,0.012226785184075606,-0.08066214931097138
1991-08-01,1991.08,389.4,12.2367,18.33,136.6,0.03775635807415778,-0.16322789797837522,0.01056774346912226,-0.03440961005687093
1991-09-01,1991.09,387.2,12.28,17.82,137.2,0.0373332447287007,-0.19883245965039986,0.009724549891994894,0.012270092591814219
1991-10-01,1991.1,386.88,12.2533,17.2033,137.4,0.027015704201451385,-0.22790222589616738,0.010828027872097579,0.06670581273457143
1991-11-01,1991.11,385.92,12.2267,16.5867,137.8,0.01760771562439567,-0.2582091335136947,0.012726705704205088,0.12205910740317893
1991-12-01,1991.12,388.51,12.2,15.97,137.9,0.009057287112509638,-0.2898712836466859,0.015453743901840067,0.17845267551073496
1992-01-01,1992.01,416.08,12.24,16.0467,138.1,0.010950258719022887,-0.2777099144427182,0.014059201368330942,0.18667226906587375
1992-02-01,1992.02,412.56,12.28,16.1233,138.6,0.013667900211529638,-0.26552762794649576,0.013483604816082018,0.19475380118895114
1992-03-01,1992.03,407.36,12.32,16.19,139.3,0.017192400540372965,-0.257267437752847,0.012903404835907573,0.2033063341671828
1992-04-01,1992.04,407.41,12.32,16.4833,139.5,0.015542235149414996,-0.21138651390923036,0.013968542503530745,0.17674688524709303
1992-05-01,1992.05,414.81,12.32,16.7667,139.7,0.014718172474021518,-0.16914670516123032,0.015040542606191032,0.15101968906252283
1992-06-01,1992.06,408.27,12.32,17.05,140.2,0.01389478831881652,-0.12963819345139305,0.016103407566578465,0.1255080894907139
1992-07-01,1992.07,415.05,12.3433,17.38,140.5,0.012226785184075606,-0.08066214931097138,0.014213959931284492,0.12479077281378848
1992-08-01,1992.08,417.93,12.3667,17.71,140.9,0.01056774346912226,-0.03440961005687093,0.012319989312515656,0.1240997019578356
1992-09-01,1992.09,418.48,12.4,18.04,141.3,0.009724549891994894,0.012270092591814219,0.00963089306096121,0.12343346218727591
1992-10-01,1992.1,412.5,12.3867,18.39,141.8,0.010828027872097579,0.06670581273457143,0.01230021886520527,0.12794212035453523
1992-11-01,1992.11,422.84,12.3833,18.74,142.0,0.012726705704205088,0.12205910740317893,0.01416837033805729,0.13226324628403807
1992-12-01,1992.12,435.64,12.39,19.09,141.9,0.015453743901840067,0.17845267551073496,0.015218555631243635,0.13686527379711544
1993-01-01,1993.01,435.23,12.4133,19.34,142.6,0.014059201368330942,0.18667226906587375,0.016775834176974147,0.1359644437971932
1993-02-01,1993.02,441.7,12.4467,19.59,143.1,0.013483604816082018,0.19475380118895114,0.017520975098682445,0.13552723014091805
1993-03-01,1993.03,450.16,12.48,19.84,143.6,0.012903404835907573,0.2033063341671828,0.01826172226008138,0.13510525426074027
1993-04-01,1993.04,443.08,12.4933,19.67,144.0,0.013968542503530745,0.17674688524709303,0.02059756103591104,0.17960646943116254
1993-05-01,1993.05,445.25,12.5067,19.5,144.2,0.015040542606191032,0.15101968906252283,0.02292282447465066,0.2229384020674141
1993-06-01,1993.06,448.06,12.52,19.33,144.4,0.016103407566578465,0.1255080894907139,0.025237932589862844,0.2651857012971379
1993-07-01,1993.07,447.29,12.52,19.69,144.4,0.014213959931284492,0.12479077281378848,0.027571655936082795,0.2745181019229843
1993-08-01,1993.08,454.13,12.52,20.05,144.8,0.012319989312515656,0.1240997019578356,0.029899945695674113,0.28343365921438757
1993-09-01,1993.09,459.24,12.52,20.41,145.1,0.00963089306096121,0.12343346218727591,0.03144913268250349,0.2919600231182229
1993-10-01,1993.1,463.9,12.54,20.9,145.7,0.01230021886520527,0.12794212035453523,0.03704837619331691,0.3073439636981896
1993-11-01,1993.11,462.89,12.56,21.39,145.8,0.01416837033805729,0.13226324628403807,0.041843129035857185,0.32180566586053416
1993-12-01,1993.12,465.95,12.58,21.89,145.8,0.015218555631243635,0.13686527379711544,0.04583326448289515,0.33497009742356365
1994-01-01,1994.01,472.99,12.6233,22.1567,146.2,0.016775834176974147,0.1359644437971932,0.043156216444875994,0.3438794423600693
1994-02-01,1994.02,471.58,12.6667,22.4333,146.7,0.017520975098682445,0.13552723014091805,0.03972402644060047,0.3520595476934316
1994-03-01,1994.03,463.81,12.71,22.71,147.2,0.01826172226008138,0.13510525426074027,0.03555243055382684,0.35997201253711086
1994-04-01,1994.04,447.23,12.7533,23.54,147.4,0.02059756103591104,0.17960646943116254,0.03770170252073424,0.3431467204794214
1994-05-01,1994.05,450.9,12.7967,24.37,147.5,0.02292282447465066,0.2229384020674141,0.03908034259582038,0.3272055632221482
1994-06-01,1994.06,454.83,12.84,25.2,148.0,0.025237932589862844,0.2651857012971379,0.03969986984668461,0.3120842828330548
1994-07-01,1994.07,451.4,12.87,25.91,148.4,0.027571655936082795,0.2745181019229843,0.043336313486968425,0.29153415733832233
1994-08-01,1994.08,464.24,12.9,26.62,149.0,0.029899945695674113,0.28343365921438757,0.046202840604480766,0.27168324585177483
1994-09-01,1994.09,466.96,12.92,27.33,149.4,0.03144913268250349,0.2919600231182229,0.049821623776094004,0.2524927393694356
1994-10-01,1994.1,463.81,13.0133,28.42,149.5,0.03704837619331691,0.3073439636981896,0.047767610232877455,0.20175672825186197
1994-11-01,1994.11,461.01,13.0967,29.51,149.7,0.041843129035857185,0.32180566586053416,0.04649433222182964,0.15235888333159053
1994-12-01,1994.12,455.19,13.17,30.6,149.7,0.04583326448289515,0.33497009742356365,0.04600217605002088,0.10418335248481148
1995-01-01,1995.01,465.25,13.18,31.25,150.3,0.043156216444875994,0.3438794423600693,0.05270618046751663,0.08394989543368858
1995-02-01,1995.02,481.92,13.18,31.9,150.9,0.03972402644060047,0.3520595476934316,0.06012105847020477,0.0641456148063817
1995-03-01,1995.03,493.15,13.17,32.55,151.4,0.03555243055382684,0.35997201253711086,0.06823328162893283,0.04475893505059547
1995-04-01,1995.04,507.91,13.2433,33.1767,151.9,0.03770170252073424,0.3431467204794214,0.06669624609199731,0.03417178515804853
1995-05-01,1995.05,523.81,13.3067,33.8033,152.2,0.03908034259582038,0.3272055632221482,0.06591047818893347,0.023873118888799727
1995-06-01,1995.06,539.35,13.36,34.43,152.5,0.03969986984668461,0.3120842828330548,0.06589426338024529,0.013845043766512521
1995-07-01,1995.07,557.37,13.44,34.68,152.5,0.043336313486968425,0.29153415733832233,0.06899287148695121,0.016963151894143547
1995-08-01,1995.08,559.11,13.51,34.93,152.9,0.046202840604480766,0.27168324585177483,0.07278532561008433,0.02002994690431681
1995-09-01,1995.09,578.77,13.58,35.18,153.2,0.049821623776094004,0.2524927393694356,0.07652457432795545,0.02304119914669789
1995-10-01,1995.1,582.92,13.65,34.7733,153.7,0.047767610232877455,0.20175672825186197,0.07682536513022153,0.059632666121090416
1995-11-01,1995.11,595.53,13.72,34.3667,153.6,0.04649433222182964,0.15235888333159053,0.07712299757020169,0.09574999094387282
1995-12-01,1995.12,614.57,13.79,33.96,153.5,0.04600217605002088,0.10418335248481148,0.0774175211462027,0.13143113208351398
1996-01-01,1996.01,614.42,13.8933,33.9867,154.4,0.05270618046751663,0.08394989543368858,0.07352530172221172,0.14355660436398887
1996-02-01,1996.02,649.54,13.9967,34.0133,154.9,0.06012105847020477,0.0641456148063817,0.06967518049845012,0.15552356932006894
1996-03-01,1996.03,647.07,14.1,34.04,155.7,0.06823328162893283,0.04475893505059547,0.06586742498762499,0.16732522208631018
1996-04-01,1996.04,647.17,14.1567,34.33,156.3,0.06669624609199731,0.03417178515804853,0.06406292648626666,0.16140572637103334
1996-05-01,1996.05,661.23,14.2133,34.62,156.6,0.06591047818893347,0.023873118888799727,0.06228324832411536,0.1555535082281816
1996-06-01,1996.06,668.5,14.27,34.91,156.7,0.06589426338024529,0.013845043766512521,0.06050094872548062,0.14976245944447708
1996-07-01,1996.07,644.07,14.4,35.2733,157.0,0.06899287148695121,0.016963151894143547,0.05516530236901751,0.14014903059118433
1996-08-01,1996.08,662.68,14.53,35.6367,157.3,0.07278532561008433,0.02002994690431681,0.04989072831958952,0.1306383359751493
1996-09-01,1996.09,674.88,14.66,36.0,157.8,0.07652457432795545,0.02304119914669789,0.04468899642521729,0.12123386481411647
1996-10-01,1996.1,701.46,14.74,36.91,158.3,0.07682536513022153,0.059632666121090416,0.04293861314601344,0.08869491344010205
1996-11-01,1996.11,735.67,14.82,37.82,158.6,0.07712299757020169,0.09574999094387282,0.04119763246151287,0.05670866820458631
1996-12-01,1996.12,743.25,14.9,38.73,158.6,0.0774175211462027,0.13143113208351398,0.03947881097378758,0.02524034565031119
1997-01-01,1997.01,766.22,14.9533,39.2333,159.1,0.07352530172221172,0.14355660436398887,0.03912862736115352,0.010817247111561734
1997-02-01,1997.02,798.39,15.0067,39.7367,159.6,0.06967518049845012,0.15552356932006894,0.0387741462124751,-0.003446075656814873
1997-03-01,1997.03,792.16,15.06,40.24,160.0,0.06586742498762499,0.16732522208631018,0.03778951274541775,-0.017548708049012873
1997-04-01,1997.04,763.93,15.0933,40.3433,160.2,0.06406292648626666,0.16140572637103334,0.04258942852782832,-0.024929358977221483
1997-05-01,1997.05,833.09,15.1267,40.4467,160.1,0.06228324832411536,0.1555535082281816,0.04670810602820463,-0.032329240313934804
1997-06-01,1997.06,876.29,15.16,40.55,160.3,0.06050094872548062,0.14976245944447708,0.05079844901662778,-0.03974366121080397
1997-07-01,1997.07,925.29,15.2167,40.58,160.5,0.05516530236901751,0.14014903059118433,0.051238418960506404,-0.048037982860621664
1997-08-01,1997.08,927.24,15.2733,40.61,160.8,0.04989072831958952,0.1306383359751493,0.051675260674096446,-0.05639187253247835
1997-09-01,1997.09,937.02,15.33,40.64,161.2,0.04468899642521729,0.12123386481411647,0.051488969958080055,-0.06480102277971378
1997-10-01,1997.1,951.16,15.3867,40.3333,161.6,0.04293861314601344,0.08869491344010205,0.049450071221668335,-0.060557526904458925
1997-11-01,1997.11,938.92,15.4433,40.0267,161.5,0.04119763246151287,0.05670866820458631,0.046804594005414035,-0.056267200356498126
1997-12-01,1997.12,962.37,15.5,39.72,161.3,0.03947881097378758,0.02524034565031119,0.044171218313137306,-0.05192952790670624
1998-01-01,1998.01,963.36,15.55,39.66,161.6,0.03912862736115352,0.010817247111561734,0.04608145099073058,-0.044512890155402385
1998-02-01,1998.02,1023.74,15.6,39.6,161.9,0.0387741462124751,-0.003446075656814873,0.047975832080540126,-0.03712862691080021
1998-03-01,1998.03,1076.83,15.64,39.54,162.2,0.03778951274541775,-0.017548708049012873,0.050493742094215754,-0.029776327162916782
1998-04-01,1998.04,1112.2,15.75,39.35,162.5,0.04258942852782832,-0.024929358977221483,0.04348511193973881,-0.002289786015097217
1998-05-01,1998.05,1108.42,15.85,39.16,162.8,0.04670810602820463,-0.032329240313934804,0.03715597688809158,0.02471752570588226
1998-06-01,1998.06,1108.39,15.95,38.97,163.0,0.05079844901662778,-0.03974366121080397,0.030866647980527517,0.05126763329361683
1998-07-01,1998.07,1156.58,16.0167,38.6767,163.2,0.051238418960506404,-0.048037982860621664,0.030536207481625333,0.08243226674632131
1998-08-01,1998.08,1074.62,16.0833,38.3833,163.4,0.051675260674096446,-0.05639187253247835,0.030214617482660078,0.11311242204863614
1998-09-01,1998.09,1020.64,16.14,38.09,163.6,0.051488969958080055,-0.06480102277971378,0.030508772551260055,0.143328349044908
1998-10-01,1998.1,1032.47,16.1667,37.9633,164.0,0.049450071221668335,-0.060557526904458925,0.029856965559131865,0.17808423932656625
1998-11-01,1998.11,1144.43,16.1833,37.8367,164.0,0.046804594005414035,-0.056267200356498126,0.029830790446495392,0.21189116736190572
1998-12-01,1998.12,1190.05,16.2,37.71,163.9,0.044171218313137306,-0.05192952790670624,0.02979849543540558,0.2448111093718639
1999-01-01,1999.01,1248.77,16.28333333,37.93333333,164.3,0.04608145099073058,-0.044512890155402385,0.026064714446063952,0.2579609108970944
1999-02-01,1999.02,1246.58,16.36666667,38.15666667,164.5,0.047975832080540126,-0.03712862691080021,0.022355175042473086,0.270789071890154
1999-03-01,1999.03,1281.66,16.45,38.38,165.0,0.050493742094215754,-0.029776327162916782,0.01866961784255583,0.2833082690891797
1999-04-01,1999.04,1334.76,16.45,39.26,166.2,0.04348511193973881,-0.002289786015097217,0.017475587849948404,0.26696461011248296
1999-05-01,1999.05,1332.07,16.45,40.14,166.2,0.03715597688809158,0.02471752570588226,0.01628013044517429,0.2510837275494846
1999-06-01,1999.06,1322.55,16.45,41.02,166.2,0.030866647980527517,0.05126763329361683,0.015083242211328507,0.23564431975160005
1999-07-01,1999.07,1380.99,16.513333333333335,42.0,166.7,0.030536207481625333,0.08243226674632131,0.0042300395433878535,0.22339748732370035
1999-08-01,1999.08,1327.49,16.576666666666668,42.98,167.1,0.030214617482660078,0.11311242204863614,-0.0066579485327702415,0.2115675784309694
1999-09-01,1999.09,1318.17,16.64,43.96,167.9,0.030508772551260055,0.143328349044908,-0.017581538049800116,0.20013287197939844
1999-10-01,1999.1,1300.01,16.656666666666666,45.36333333333334,168.2,0.029856965559131865,0.17808423932656625,-0.02021495964188791,0.14547390441107666
1999-11-01,1999.11,1391.0,16.673333333333332,46.76666666666667,168.3,0.029830790446495392,0.21189116736190572,-0.022850048858918726,0.09121966343613463
1999-12-01,1999.12,1428.68,16.69,48.17,168.3,0.02979849543540558,0.2448111093718639,-0.025486816442797267,0.03728658478601643
2000-01-01,2000.01,1425.59,16.713333333333335,49.09666666666667,168.8,0.026064714446063952,0.2579609108970944,-0.03304913047302227,-0.01263980207228288
2000-02-01,2000.02,1388.87,16.736666666666668,50.02333333333333,169.8,0.022355175042473086,0.270789071890154,-0.040647741629083356,-0.06319338771994731
2000-03-01,2000.03,1442.21,16.76,50.95,171.2,0.01866961784255583,0.2833082690891797,-0.048283132827015685,-0.11445198525583766
2000-04-01,2000.04,1461.36,16.740000000000002,51.27333333333333,171.3,0.017475587849948404,0.26696461011248296,-0.05295053891667001,-0.18633427779664835
2000-05-01,2000.05,1418.48,16.72,51.59666666666667,171.5,0.01628013044517429,0.2510837275494846,-0.05765107669257796,-0.26277781336908035
2000-06-01,2000.06,1461.96,16.7,51.92,172.4,0.015083242211328507,0.23564431975160005,-0.06238515267776856,-0.3444780032791517
2000-07-01,2000.07,1473.0,16.583333333333332,52.51333333333334,172.8,0.0042300395433878535,0.22339748732370035,-0.0543129242612701,-0.43578559428898433
2000-08-01,2000.08,1485.46,16.46666666666667,53.10666666666666,172.8,-0.0066579485327702415,0.2115675784309694,-0.04619232689770669,-0.5339163524286863
2000-09-01,2000.09,1468.05,16.35,53.7,173.7,-0.017581538049800116,0.20013287197939844,-0.038022654354005425,-0.6401979023910109
2000-10-01,2000.1,1390.14,16.323333333333334,52.46666666666667,174.0,-0.02021495964188791,0.14547390441107666,-0.036390334056858986,-0.6605213257635567
2000-11-01,2000.11,1378.04,16.296666666666667,51.23333333333333,174.1,-0.022850048858918726,0.09121966343613463,-0.03475534493318744,-0.6822761015822207
2000-12-01,2000.12,1330.93,16.27,50.0,174.0,-0.025486816442797267,0.03728658478601643,-0.03311767824168932,-0.705624702071058
2001-01-01,2001.01,1335.63,16.169999999999998,48.48,175.1,-0.03304913047302227,-0.01263980207228288,-0.027164227698929455,-0.6746180400912447
2001-02-01,2001.02,1305.75,16.07,46.96,175.8,-0.040647741629083356,-0.06319338771994731,-0.021172575826021056,-0.6426278937593852
2001-03-01,2001.03,1185.85,15.97,45.44,176.2,-0.048283132827015685,-0.11445198525583766,-0.015142245156734901,-0.6095895307789645
2001-04-01,2001.04,1189.84,15.876666666666665,42.556666666666665,176.9,-0.05295053891667001,-0.18633427779664835,-0.0027331037721736173,-0.5168750588779081
2001-05-01,2001.05,1270.37,15.783333333333331,39.67333333333333,177.7,-0.05765107669257796,-0.26277781336908035,0.009668003005924852,-0.42027768585189706
2001-06-01,2001.06,1238.71,15.69,36.79,178.0,-0.06238515267776856,-0.3444780032791517,0.02206203569342735,-0.31906549744288615
2001-07-01,2001.07,1204.45,15.706666666666667,33.96333333333333,177.5,-0.0543129242612701,-0.43578559428898433,0.016000341346440905,-0.19880767585186554
2001-08-01,2001.08,1178.5,15.723333333333333,31.136666666666667,177.5,-0.04619232689770669,-0.5339163524286863,0.009914647190929049,-0.07316139601330951
2001-09-01,2001.09,1044.64,15.74,28.31,178.3,-0.038022654354005425,-0.6401979023910109,0.0038046970436638183,0.059314727772125764
2001-10-01,2001.1,1076.59,15.740000000000002,27.103333333333335,177.7,-0.036390334056858986,-0.6605213257635567,0.009484737559367407,0.07531075538074816
2001-11-01,2001.11,1129.68,15.740000000000002,25.896666666666665,177.4,-0.03475534493318744,-0.6822761015822207,0.01513269734887146,0.0925095991094369
2001-12-01,2001.12,1144.93,15.74,24.69,176.7,-0.03311767824168932,-0.705624702071058,0.020748936760163872,0.11105508487210658
2002-01-01,2002.01,1140.21,15.736666666666668,24.69333333333333,177.1,-0.027164227698929455,-0.6746180400912447,0.024067291188396123,0.14337078560479055
2002-02-01,2002.02,1100.67,15.733333333333334,24.69666666666667,177.8,-0.021172575826021056,-0.6426278937593852,0.027376069665615343,0.17466647080544773
2002-03-01,2002.03,1153.79,15.73,24.7,178.8,-0.015142245156734901,-0.6095895307789645,0.03067533161708047,0.2050043171402396
2002-04-01,2002.04,1111.93,15.833333333333332,25.38,179.8,-0.0027331037721736173,-0.5168750588779081,0.023099560016768717,0.22330114330886275
2002-05-01,2002.05,1079.25,15.936666666666667,26.06,179.8,0.009668003005924852,-0.42027768585189706,0.015565324113230972,0.2403394403017174
2002-06-01,2002.06,1014.02,16.04,26.74,179.9,0.02206203569342735,-0.31906549744288615,0.008072071150647453,0.256246978539882
2002-07-01,2002.07,903.59,15.96,27.84,180.1,0.016000341346440905,-0.19880767585186554,0.021692824611259987,0.2540777417620892
2002-08-01,2002.08,912.55,15.879999999999999,28.939999999999998,180.7,0.009914647190929049,-0.07316139601330951,0.035265021392391294,0.2520692177113095
2002-09-01,2002.09,867.81,15.8,30.04,181.0,0.0038046970436638183,0.059314727772125764,0.04879016416943216,0.2502041805816493
2002-10-01,2002.1,854.63,15.89,29.223333333333333,181.3,0.009484737559367407,0.07531075538074816,0.059056245875157565,0.36190817544980725
2002-11-01,2002.11,909.93,15.98,28.406666666666666,181.3,0.01513269734887146,0.0925095991094369,0.06910411547293815,0.46785981684514866
2002-12-01,2002.12,899.18,16.07,27.59,180.9,0.020748936760163872,0.11105508487210658,0.07894114861677082,0.5690466599678659
2003-01-01,2003.01,895.84,16.119999999999997,28.5,181.7,0.024067291188396123,0.14337078560479055,0.08783816496562435,0.5586462286745686
2003-02-01,2003.02,837.03,16.169999999999998,29.41,183.1,0.027376069665615343,0.17466647080544773,0.09660242371255512,0.5487900882262249
2003-03-01,2003.03,846.63,16.22,30.32,184.2,0.03067533161708047,0.2050043171402396,0.10523720349292498,0.5394361578072564
2003-04-01,2003.04,890.03,16.203333333333333,31.73,183.8,0.023099560016768717,0.22330114330886275,0.11693694420517042,0.5202359817919531
2003-05-01,2003.05,935.96,16.186666666666667,33.13999999999999,183.5,0.015565324113230972,0.2403394403017174,0.12852505975076545,0.5023407243766962
2003-06-01,2003.06,988.0,16.17,34.55,183.7,0.008072071150647453,0.256246978539882,0.14000390713014,0.4856191309707736
2003-07-01,2003.07,992.54,16.310000000000002,35.89333333333333,183.9,0.021692824611259987,0.2540777417620892,0.141368981729447,0.45704625110790387
2003-08-01,2003.08,989.53,16.450000000000003,37.236666666666665,184.6,0.035265021392391294,0.2520692177113095,0.14270900734216108,0.42978429750636327
2003-09-01,2003.09,1019.44,16.59,38.58,185.2,0.04879016416943216,0.2502041805816493,0.1440246683403612,0.4037356023155909
2003-10-01,2003.1,1038.73,16.85666666666667,41.96666666666667,185.0,0.059056245875157565,0.36190817544980725,0.13293797949267905,0.324084465820325
2003-11-01,2003.11,1049.9,17.123333333333335,45.35333333333333,184.5,0.06910411547293815,0.46785981684514866,0.12207808353681049,0.2509468758086535
2003-12-01,2003.12,1080.64,17.39,48.74,184.3,0.07894114861677082,0.5690466599678659,0.11143747066610121,0.18338104184666548
2004-01-01,2004.01,1132.52,17.6,49.826666666666675,185.2,0.08783816496562435,0.5586462286745686,0.11288892412406204,0.17079340525956965
2004-02-01,2004.02,1143.36,17.810000000000002,50.913333333333334,186.2,0.09660242371255512,0.5487900882262249,0.11430411915172378,0.1585928088981703
2004-03-01,2004.03,1123.98,18.02,52.0,187.4,0.10523720349292498,0.5394361578072564,0.11568439899946226,0.14676080447216
2004-04-01,2004.04,1133.36,18.213333333333335,53.38333333333333,188.0,0.11693694420517042,0.5202359817919531,0.11648074017687016,0.1371931161659128
2004-05-01,2004.05,1102.78,18.406666666666666,54.76666666666667,189.1,0.12852505975076545,0.5023407243766962,0.11725973887479313,0.1280232500125571
2004-06-01,2004.06,1132.76,18.6,56.15,189.7,0.14000390713014,0.4856191309707736,0.11802195573875274,0.11922653669305028
2004-07-01,2004.07,1105.85,18.78666666666667,56.69,189.4,0.141368981729447,0.45704625110790387,0.11659946349785955,0.12642825708669658
2004-08-01,2004.08,1088.94,18.973333333333333,57.23,189.5,0.14270900734216108,0.42978429750636327,0.11520299435184578,0.13344402204214223
2004-09-01,2004.09,1117.66,19.16,57.77,189.9,0.1440246683403612,0.4037356023155909,0.11383183934797536,0.14028110826031615
2004-10-01,2004.1,1117.21,19.253333333333334,58.03,190.9,0.13293797949267905,0.324084465820325,0.12054928914927343,0.15249992490974584
2004-11-01,2004.11,1168.94,19.346666666666668,58.29,191.0,0.12207808353681049,0.2509468758086535,0.12715774704864158,0.16446419698552628
2004-12-01,2004.12,1199.21,19.44,58.55,190.3,0.11143747066610121,0.18338104184666548,0.13365998517919087,0.17618262681421815
2005-01-01,2005.01,1181.41,19.703333333333333,59.10666666666666,190.7,0.11288892412406204,0.17079340525956965,0.12857070746068144,0.18018565831684974
2005-02-01,2005.02,1199.63,19.96666666666667,59.663333333333334,191.8,0.11430411915172378,0.1585928088981703,0.12359066105750127,0.18409847500695165
2005-03-01,2005.03,1194.9,20.23,60.22,193.3,0.11568439899946226,0.14676080447216,0.11871630683938195,0.18792412157495697
2005-04-01,2005.04,1164.43,20.46333333333333,61.23333333333333,194.6,0.11648074017687016,0.1371931161659128,0.11685954915785457,0.17955052815094596
2005-05-01,2005.05,1178.28,20.696666666666665,62.24666666666667,194.4,0.11725973887479313,0.1280232500125571,0.11504131956105379,0.17138228613528295
2005-06-01,2005.06,1202.25,20.93,63.26,194.5,0.11802195573875274,0.11922653669305028,0.11326042825090354,0.1634116703106825
2005-07-01,2005.07,1222.24,21.11,64.33,195.4,0.11659946349785955,0.12642825708669658,0.11403899669001127,0.16473162037163291
2005-08-01,2005.08,1224.27,21.29,65.39999999999999,196.4,0.11520299435184578,0.13344402204214223,0.11480380961901337,0.16600672385757154
2005-09-01,2005.09,1225.92,21.47,66.47,198.8,0.11383183934797536,0.14028110826031615,0.1155552286059196,0.16723922913423994
2005-10-01,2005.1,1191.96,21.72,67.58999999999999,199.2,0.12054928914927343,0.15249992490974584,0.11470894777596152,0.1629257116715328
2005-11-01,2005.11,1237.37,21.97,68.71,197.6,0.12715774704864158,0.16446419698552628,0.11388123435978859,0.15873503676446887
2005-12-01,2005.12,1262.07,22.22,69.83,196.8,0.13365998517919087,0.17618262681421815,0.11307148365949482,0.15466199524842228
2006-01-01,2006.01,1278.73,22.406666666666666,70.77666666666666,198.3,0.12857070746068144,0.18018565831684974,0.11284508133202564,0.14788068597935222
2006-02-01,2006.02,1276.65,22.593333333333334,71.72333333333334,198.7,0.12359066105750127,0.18409847500695165,0.11262237008184783,0.14123391014053688
2006-03-01,2006.03,1293.74,22.78,72.67,199.8,0.11871630683938195,0.18792412157495697,0.11240326036898818,0.13471756101039212
2006-04-01,2006.04,1302.17,23.0,73.27666666666666,201.5,0.11685954915785457,0.17955052815094596,0.11164507421191061,0.13347452888708133
2006-05-01,2006.05,1290.01,23.22,73.88333333333333,202.5,0.11504131956105379,0.17138228613528295,0.11090069603344155,0.13225040106359742
2006-06-01,2006.06,1253.17,23.44,74.49,202.9,0.11326042825090354,0.1634116703106825,0.11016975183324229,0.13104474864687
2006-07-01,2006.07,1260.24,23.66,75.85,203.5,0.11403899669001127,0.16473162037163291,0.11109215643324521,0.08783137322845125
2006-08-01,2006.08,1287.15,23.88,77.21,203.9,0.11480380961901337,0.16600672385757154,0.11199673859746806,0.044292200034652396
2006-09-01,2006.09,1317.74,24.1,78.57,202.9,0.1155552286059196,0.16723922913423994,0.11288401028300044,0.0003817522474305335
2006-10-01,2006.1,1363.38,24.36,79.55,201.8,0.11470894777596152,0.1629257116715328,0.11137686384397227,-0.06612368633922472
2006-11-01,2006.11,1388.64,24.619999999999997,80.53,201.5,0.11388123435978859,0.15873503676446887,0.10989934659784151,-0.1355735324305316
2006-12-01,2006.12,1416.42,24.88,81.51,201.8,0.11307148365949482,0.15466199524842228,0.10845059175670801,-0.20834740961289988
2007-01-01,2007.01,1424.16,25.083333333333332,82.05666666666667,202.416,0.11284508133202564,0.14788068597935222,0.10713966293329635,-0.24462834172961578
2007-02-01,2007.02,1444.8,25.286666666666665,82.60333333333334,203.499,0.11262237008184783,0.14123391014053688,0.10584813732579734,-0.28176763327529475
2007-03-01,2007.03,1406.95,25.49,83.15,205.352,0.11240326036898818,0.13471756101039212,0.1045755862611677,-0.3198226773191264
2007-04-01,2007.04,1463.64,25.71666666666667,83.74000000000001,206.686,0.11164507421191061,0.13347452888708133,0.1005401021114336,-0.3779628594745743
2007-05-01,2007.05,1511.14,25.943333333333335,84.33000000000001,207.949,0.11090069603344155,0.13225040106359742,0.09655920963407949,-0.4388025333064487
2007-06-01,2007.06,1514.19,26.17,84.92,208.352,0.11016975183324229,0.13104474864687,0.09263177759091823,-0.5026552923558789
2007-07-01,2007.07,1520.71,26.440000000000005,82.81333333333333,208.299,0.11109215643324521,0.08783137322845125,0.08399160943689221,-0.5133377659819707
2007-08-01,2007.08,1454.62,26.71,80.70666666666666,207.917,0.11199673859746806,0.044292200034652396,0.07545309406332912,-0.5247025091182058
2007-09-01,2007.09,1497.12,26.98,78.6,208.49,0.11288401028300044,0.0003817522474305335,0.06701414217449875,-0.5368178506334647
2007-10-01,2007.1,1539.66,27.230000000000004,74.46000000000001,208.936,0.11137686384397227,-0.06612368633922472,0.05246166531608498,-0.7381037140406401
2007-11-01,2007.11,1463.39,27.480000000000004,70.32000000000001,210.177,0.10989934659784151,-0.1355735324305316,0.03796493301584203,-1.0247582899298164
2007-12-01,2007.12,1479.22,27.73,66.18,210.036,0.10845059175670801,-0.20834740961289988,0.023522110857193024,-1.4923602730885204
2008-01-01,2008.01,1378.76,27.92,64.25,211.08,0.10713966293329635,-0.24462834172961578,0.0033373094145181526,-1.6607994731970743
2008-02-01,2008.02,1354.87,28.11,62.32,211.693,0.10584813732579734,-0.28176763327529475,-0.01698199145842283,-1.8774879724047953
2008-03-01,2008.03,1316.94,28.3,60.39,213.528,0.1045755862611677,-0.3198226773191264,-0.03744137838080519,-2.1751160865820163
2008-04-01,2008.04,1370.47,28.436666666666667,57.383333333333326,214.823,0.1005401021114336,-0.3779628594745743,-0.06289099069357817,-2.0929509140693683
2008-05-01,2008.05,1403.22,28.573333333333334,54.376666666666665,216.632,0.09655920963407949,-0.4388025333064487,-0.08875216927723084,-2.0089744513944305
2008-06-01,2008.06,1341.25,28.71,51.37,218.815,0.09263177759091823,-0.5026552923558789,-0.1150438439612751,-1.9228188787031328
2008-07-01,2008.07,1257.33,28.756666666666668,49.56333333333333,219.964,0.08399160943689221,-0.5133377659819707,-0.1389277013701795,-1.6854981555636739
2008-08-01,2008.08,1281.47,28.803333333333335,47.75666666666667,219.086,0.07545309406332912,-0.5247025091182058,-0.16331572329633692,-1.4807254690558107
2008-09-01,2008.09,1216.95,28.85,45.95,218.783,0.06701414217449875,-0.5368178506334647,-0.1882315340166434,-1.2986303135969215
2008-10-01,2008.1,968.8,28.696666666666665,35.593333333333334,216.573,0.05246166531608498,-0.7381037140406401,-0.2039025096407059,-0.3393796243667384
2008-11-01,2008.11,883.04,28.543333333333333,25.236666666666668,212.425,0.03796493301584203,-1.0247582899298164,-0.21999541136210077,0.41348988313297985
2008-12-01,2008.12,877.56,28.39,14.88,210.228,0.023522110857193024,-1.4923602730885204,-0.23652968267204422,1.2312191949470042
2009-01-01,2009.01,865.58,28.013333333333335,12.206666666666667,211.143,0.0033373094145181526,-1.6607994731970743,-0.23078811792630827,1.4923577973391047
2009-02-01,2009.02,805.23,27.63666666666667,9.533333333333333,212.193,-0.01698199145842283,-1.8774879724047953,-0.22492417319137292,1.798901734586594
2009-03-01,2009.03,757.13,27.26,6.86,212.709,-0.03744137838080519,-2.1751160865820163,-0.21893378944593156,2.1840182225226092
2009-04-01,2009.04,848.15,26.703333333333333,7.076666666666666,213.24,-0.06289099069357817,-2.0929509140693683,-0.1961731338582111,2.186120076733888
2009-05-01,2009.05,902.41,26.14666666666667,7.293333333333333,213.856,-0.08875216927723084,-2.0089744513944305,-0.17298233552771025,2.188093025553126
2009-06-01,2009.06,926.12,25.59,7.51,215.693,-0.1150438439612751,-1.9228188787031328,-0.14934266588698364,2.1899485782015926
2009-07-01,2009.07,935.82,25.026666666666664,9.186666666666667,215.351,-0.1389277013701795,-1.6854981555636739,-0.12240545004115821,2.011801942371464
2009-08-01,2009.08,1009.73,24.46333333333333,10.863333333333333,215.834,-0.16331572329633692,-1.4807254690558107,-0.09498321323374315,1.8669991959775727
2009-09-01,2009.09,1044.55,23.9,12.54,215.969,-0.1882315340166434,-1.2986303135969215,-0.06705213787788722,1.745796246480598
2009-10-01,2009.1,1067.66,23.403333333333332,25.349999999999998,216.177,-0.2039025096407059,-0.3393796243667384,-0.04040072828266661,1.067088374741716
2009-11-01,2009.11,1088.07,22.906666666666666,38.16,216.33,-0.21999541136210077,0.41348988313297985,-0.013330600980248963,0.6826096752571593
2009-12-01,2009.12,1110.38,22.41,50.97,215.949,-0.23652968267204422,1.2312191949470042,0.014178350051616384,0.4171033526671244
2010-01-01,2010.01,1123.58,22.24,54.28999999999999,216.687,-0.23078811792630827,1.4923577973391047,0.032006271554613,0.3709218404237915
2010-02-01,2010.02,1089.16,22.07,57.61,216.741,-0.22492417319137292,1.798901734586594,0.049789369920004045,0.32820546311643906
2010-03-01,2010.03,1152.05,21.9,60.93,217.631,-0.21893378944593156,2.1840182225226092,0.06753061569724927,0.2885433459593427
2010-04-01,2010.04,1197.32,21.946666666666665,62.986666666666665,218.009,-0.1961731338582111,2.186120076733888,0.07826526204911577,0.2657860722594725
2010-05-01,2010.05,1125.06,21.993333333333332,65.04333333333332,218.178,-0.17298233552771025,2.188093025553126,0.08884106512823298,0.2439876764123854
2010-06-01,2010.06,1083.36,22.04,67.1,217.965,-0.14934266588698364,2.1899485782015926,0.09926210327466745,0.2230839370186839
2010-07-01,2010.07,1079.8,22.143333333333334,68.68666666666667,218.011,-0.12240545004115821,2.011801942371464,0.10602264774726722,0.21199751413909595
2010-08-01,2010.08,1087.28,22.246666666666666,70.27333333333333,218.312,-0.09498321323374315,1.8669991959775727,0.11267561881554355,0.20129576418617567
2010-09-01,2010.09,1122.08,22.35,71.86,218.439,-0.06705213787788722,1.745796246480598,0.11922370755662337,0.19095842548412012
2010-10-01,2010.1,1171.58,22.476666666666667,73.69,218.711,-0.04040072828266661,1.067088374741716,0.1299844005959616,0.16569612682276613
2010-11-01,2010.11,1198.89,22.603333333333335,75.52,218.803,-0.013330600980248963,0.6826096752571593,0.14051183905915954,0.14105072097570925
2010-12-01,2010.12,1241.53,22.73,77.35,219.179,0.014178350051616384,0.4171033526671244,0.15081409075174568,0.11699266378121731
2011-01-01,2011.01,1282.62,22.963333333333335,78.67,220.223,0.032006271554613,0.3709218404237915,0.1521371657737287,0.1061483074674161
2011-02-01,2011.02,1321.12,23.196666666666665,79.99000000000001,221.309,0.049789369920004045,0.32820546311643906,0.15343192755021517,0.09554881752498989
2011-03-01,2011.03,1304.49,23.43,81.31,223.467,0.06753061569724927,0.2885433459593427,0.15469927634828595,0.08518541708424898
2011-04-01,2011.04,1331.51,23.733333333333334,82.16333333333334,224.906,0.07826526204911577,0.2657860722594725,0.15358872420696246,0.07240840127769754
2011-05-01,2011.05,1338.31,24.036666666666665,83.01666666666667,225.964,0.08884106512823298,0.2439876764123854,0.15250501320886745,0.059733782631961496
2011-06-01,2011.06,1287.29,24.34,83.87,225.722,0.09926210327466745,0.2230839370186839,0.15144718126613776,0.04715932909904552
2011-07-01,2011.07,1325.19,24.619999999999997,84.90666666666667,225.922,0.10602264774726722,0.21199751413909595,0.15484673553981576,0.029476469730981947
2011-08-01,2011.08,1185.31,24.9,85.94333333333334,226.545,0.11267561881554355,0.20129576418617567,0.15815870122479714,0.011913393914676718
2011-09-01,2011.09,1173.88,25.18,86.98,226.889,0.11922370755662337,0.19095842548412012,0.1613864377959171,-0.005533793231658812
2011-10-01,2011.1,1207.22,25.596666666666664,86.97,226.421,0.1299844005959616,0.16569612682276613,0.16350164740993645,-0.005380282760847344
2011-11-01,2011.11,1226.42,26.013333333333335,86.96000000000001,226.23,0.14051183905915954,0.14105072097570925,0.1655448439783651,-0.005226760554015719
2011-12-01,2011.12,1243.32,26.43,86.95,225.672,0.15081409075174568,0.11699266378121731,0.16751964756621307,-0.005073226608009129
2012-01-01,2012.01,1300.58,26.736666666666668,87.48,226.665,0.1521371657737287,0.1061483074674161,0.16511498333751984,-0.006575449947370693
2012-02-01,2012.02,1352.49,27.043333333333337,88.01,227.663,0.15343192755021517,0.09554881752498989,0.162759255602968,-0.008061799756688082
2012-03-01,2012.03,1389.24,27.35,88.54,229.392,0.15469927634828595,0.08518541708424898,0.1604509792334321,-0.009532527925857792
2012-04-01,2012.04,1386.43,27.673333333333332,88.33333333333334,230.085,0.15358872420696246,0.07240840127769754,0.16066826601628792,0.005081407376785307
2012-05-01,2012.05,1341.27,27.996666666666666,88.12666666666667,229.815,0.15250501320886745,0.059733782631961496,0.16088048833108903,0.019551916886898724
2012-06-01,2012.06,1323.48,28.32,87.92,229.478,0.15144718126613776,0.04715932909904552,0.16108782120486653,0.03388259486876599
2012-07-01,2012.07,1359.78,28.743333333333332,87.44666666666667,229.104,0.15484673553981576,0.029476469730981947,0.1575081359478836,0.051737276014385714
2012-08-01,2012.08,1403.45,29.166666666666664,86.97333333333333,230.379,0.15815870122479714,0.011913393914676718,0.15402005905183813,0.06946800004881659
2012-09-01,2012.09,1443.42,29.59,86.5,231.407,0.1613864377959171,-0.005533793231658812,0.1506200979672343,0.0870788120954078
2012-10-01,2012.1,1437.82,30.14333333333333,86.50333333333333,231.317,0.16350164740993645,-0.005380282760847344,0.1377935562248087,0.1074238165922985
2012-11-01,2012.11,1394.51,30.696666666666665,86.50666666666667,230.221,0.1655448439783651,-0.005226760554015719,0.12527172648199159,0.12736162030210174
2012-12-01,2012.12,1422.29,31.25,86.51,229.601,0.16751964756621307,-0.005073226608009129,0.11304293019718603,0.14690817445848126
2013-01-01,2013.01,1480.4,31.536666666666665,86.90666666666667,230.28,0.16511498333751984,-0.006575449947370693,0.1156550876170952,0.14449345027555882
2013-02-01,2013.02,1512.31,31.82333333333333,87.30333333333334,232.166,0.162759255602968,-0.008061799756688082,0.11821356107857772,0.1420949034156509
2013-03-01,2013.03,1550.83,32.11,87.7,232.773,0.1604509792334321,-0.009532527925857792,0.12071999680556322,0.13971236502208395
2013-04-01,2013.04,1570.7,32.49666666666667,88.78333333333333,232.531,0.16066826601628792,0.005081407376785307,0.11927495281853506,0.13491020509469553
2013-05-01,2013.05,1639.84,32.88333333333334,89.86666666666667,232.945,0.16088048833108903,0.019551916886898724,0.11786187469526377,0.13020148519528352
2013-06-01,2013.06,1618.77,33.27,90.95,233.504,0.16108782120486653,0.03388259486876599,0.11647971199703111,0.1255834536668008
2013-07-01,2013.07,1668.68,33.64666666666667,92.09,233.596,0.1575081359478836,0.051737276014385714,0.11507148345102669,0.1222653596799459
2013-08-01,2013.08,1670.09,34.02333333333333,93.23,233.877,0.15402005905183813,0.06946800004881659,0.11369251503870448,0.11901776791410335
2013-09-01,2013.09,1687.17,34.4,94.37,234.149,0.1506200979672343,0.0870788120954078,0.11234190291630197,0.11583843837062702
2013-10-01,2013.1,1720.03,34.596666666666664,96.31333333333333,233.546,0.1377935562248087,0.1074238165922985,0.11483471486639196,0.0839061477479186
2013-11-01,2013.11,1783.54,34.79333333333334,98.25666666666666,233.069,0.12527172648199159,0.12736162030210174,0.11729325189676532,0.05224612591189359
2013-12-01,2013.12,1807.78,34.99,100.2,233.049,0.11304293019718603,0.14690817445848126,0.11971822335483795,0.020839231240084466
2014-01-01,2014.01,1822.36,35.403333333333336,100.41666666666666,233.916,0.1156550876170952,0.14449345027555882,0.11948680055183081,0.008659493561950171
2014-02-01,2014.02,1817.04,35.81666666666666,100.63333333333333,234.781,0.11821356107857772,0.1420949034156509,0.11926066737502161,-0.0036170005088491664
2014-03-01,2014.03,1863.52,36.23,100.85,236.293,0.12071999680556322,0.13971236502208395,0.11903964451072868,-0.015992344832921113
2014-04-01,2014.04,1864.26,36.61333333333333,101.60666666666667,237.072,0.11927495281853506,0.13491020509469553,0.11608214835530406,-0.03815049016672223
2014-05-01,2014.05,1889.77,36.99666666666667,102.36333333333334,237.9,0.11786187469526377,0.13020148519528352,0.11317743759353194,-0.06047199091733546
2014-06-01,2014.06,1947.09,37.38,103.12,238.343,0.11647971199703111,0.1255834536668008,0.11032409962163792,-0.08296428448853188
2014-07-01,2014.07,1973.1,37.75,104.06666666666666,238.25,0.11507148345102669,0.1222653596799459,0.1066047743593952,-0.1071415869084067
2014-08-01,2014.08,1961.53,38.120000000000005,105.01333333333334,237.852,0.11369251503870448,0.11901776791410335,0.10294416736860867,-0.13146576286977307
2014-09-01,2014.09,1993.23,38.49,105.96,238.031,0.11234190291630197,0.11583843837062702,0.09934087507504419,-0.1559454188911653
2014-10-01,2014.1,1937.27,38.806666666666665,104.74333333333334,237.433,0.11483471486639196,0.0839061477479186,0.09802392799959314,-0.15969807952218407
2014-11-01,2014.11,2044.57,39.123333333333335,103.52666666666667,236.151,0.11729325189676532,0.05224612591189359,0.09672660515442955,-0.16355358289594424
2014-12-01,2014.12,2054.27,39.44,102.31,234.812,0.11971822335483795,0.020839231240084466,0.09544847007582469,-0.16751624527220077
2015-01-01,2015.01,2028.18,39.89666666666667,101.28999999999999,233.707,0.11948680055183081,0.008659493561950171,0.08769346252732513,-0.15784327576087165
2015-02-01,2015.02,2082.2,40.35333333333333,100.27000000000001,234.722,0.11926066737502161,-0.0036170005088491664,0.0800554158493414,-0.14806901456349486
2015-03-01,2015.03,2079.99,40.81,99.25,236.119,0.11903964451072868,-0.015992344832921113,0.07253148598931514,-0.13819138792861452
2015-04-01,2015.04,2094.86,41.120000000000005,97.80333333333334,236.599,0.11608214835530406,-0.03815049016672223,0.06936029209041239,-0.12165884405448235
2015-05-01,2015.05,2111.94,41.43,96.35666666666667,237.805,0.11317743759353194,-0.06047199091733546,0.06622669228491329,-0.10491089868931702
2015-06-01,2015.06,2099.29,41.74,94.91,238.638,0.11032409962163792,-0.08296428448853188,0.06313000688699599,-0.0879409187541711
2015-07-01,2015.07,2094.14,41.99666666666667,93.49333333333334,238.654,0.1066047743593952,-0.1071415869084067,0.06126405726807915,-0.06461458411775567
2015-08-01,2015.08,2039.87,42.25333333333333,92.07666666666667,238.316,0.10294416736860867,-0.13146576286977307,0.05941735204934906,-0.04112673872606187
2015-09-01,2015.09,1944.41,42.51,90.66,237.945,0.09934087507504419,-0.1559454188911653,0.05758959194278157,-0.01746915078015121
2015-10-01,2015.1,2024.81,42.803333333333335,89.28333333333333,237.838,0.09802392799959314,-0.15969807952218407,0.05566035108278822,0.018055172474906733
2015-11-01,2015.11,2080.62,43.096666666666664,87.90666666666667,237.336,0.09672660515442955,-0.16355358289594424,0.053753719308320846,0.05341639923514485
2015-12-01,2015.12,2054.08,43.39,86.53,236.525,0.09544847007582469,-0.16751624527220077,0.05186929808989982,0.08863762048581858
2016-01-01,2016.01,1918.6,43.553333333333335,86.5,236.916,0.08769346252732513,-0.15784327576087165,0.053059680752445715,0.10901855674425498
2016-02-01,2016.02,1904.42,43.71666666666667,86.47,237.111,0.0800554158493414,-0.14806901456349486,0.05423976893699667,0.1290061155954545
2016-03-01,2016.03,2021.95,43.88,86.44,238.132,0.07253148598931514,-0.13819138792861452,0.05540969642035609,0.1486154574614318
2016-04-01,2016.04,2075.54,44.07333333333334,86.6,239.261,0.06936029209041239,-0.12165884405448235,0.057032353355961796,0.1590873362245624
2016-05-01,2016.05,2065.55,44.266666666666666,86.75999999999999,240.229,0.06622669228491329,-0.10491089868931702,0.05863824204865331,0.1694126633482842
2016-06-01,2016.06,2083.89,44.46,86.92,241.018,0.06313000688699599,-0.0879409187541711,0.06022762312131613,0.17959503295669688
2016-07-01,2016.07,2148.9,44.65,87.64333333333333,240.628,0.06126405726807915,-0.06461458411775567,0.06264703575805797,0.18106568160748093
2016-08-01,2016.08,2170.95,44.84,88.36666666666667,240.849,0.05941735204934906,-0.04112673872606187,0.06504017940733764,0.18251014708211333
2016-09-01,2016.09,2157.69,45.03,89.09,241.428,0.05758959194278157,-0.01746915078015121,0.06740748632864912,0.18392912391959992
2016-10-01,2016.1,2143.02,45.25333333333333,90.91,241.729,0.05566035108278822,0.018055172474906733,0.0677054589588213,0.17238467016041437
2016-11-01,2016.11,2164.99,45.47666666666667,92.73,241.353,0.053753719308320846,0.05341639923514485,0.068000417477597,0.16116642103626244
2016-12-01,2016.12,2246.63,45.7,94.55,241.432,0.05186929808989982,0.08863762048581858,0.06829240740087306,0.15026006612260634
2017-01-01,2017.01,2275.12,45.92666666666667,96.46333333333334,242.839,0.053059680752445715,0.10901855674425498,0.07060766996390422,0.14695210925772972
2017-02-01,2017.02,2329.91,46.153333333333336,98.37666666666667,243.603,0.05423976893699667,0.1290061155954545,0.0728949216478969,0.14376247993873648
2017-03-01,2017.03,2366.82,46.38,100.29,243.801,0.05540969642035609,0.1486154574614318,0.07515467360076045,0.14068492536549826
2017-04-01,2017.04,2359.31,46.660000000000004,101.53333333333333,244.524,0.057032353355961796,0.1590873362245624,0.07571405419498456,0.1484879268272099
2017-05-01,2017.05,2395.35,46.94,102.77666666666667,244.733,0.05863824204865331,0.1694126633482842,0.0762664541506517,0.15604388775911548
2017-06-01,2017.06,2433.99,47.22,104.02,244.955,0.06022762312131613,0.17959503295669688,0.07681200340969774,0.1633645630045022
2017-07-01,2017.07,2454.1,47.53666666666667,105.03999999999999,244.786,0.06264703575805797,0.18106568160748093,0.07891473684879813,0.17490540535636168
2017-08-01,2017.08,2456.22,47.85333333333334,106.06,245.519,0.06504017940733764,0.18251014708211333,0.08098531576835111,0.18609634966325572
2017-09-01,2017.09,2492.84,48.17,107.08,246.819,0.06740748632864912,0.18392912391959992,0.08302447645987021,0.19695374078322825
2017-10-01,2017.1,2557.0,48.42333333333333,108.01333333333334,246.663,0.0677054589588213,0.17238467016041437,0.08671877550215967,0.19337512335010576
2017-11-01,2017.11,2593.61,48.67666666666666,108.94666666666666,246.669,0.068000417477597,0.16116642103626244,0.09036123484786351,0.18984529754465207
2017-12-01,2017.12,2664.34,48.93,109.88,246.524,0.06829240740087306,0.15026006612260634,0.09395296170673983,0.1863632507224926
2018-01-01,2018.01,2789.8,49.28666666666666,111.73333333333332,247.867,0.07060766996390422,0.14695210925772972,0.09404282268914299,0.17466002270485426
2018-02-01,2018.02,2705.16,49.64333333333333,113.58666666666666,248.991,0.0728949216478969,0.14376247993873648,0.09413138454302805,0.1632068604443191
2018-03-01,2018.03,2702.77,50.0,115.44,249.554,0.07515467360076045,0.14068492536549826,0.0942186752389822,0.15199510609335753
2018-04-01,2018.04,2653.63,50.33,117.78666666666666,250.546,0.07571405419498456,0.1484879268272099,0.09451676469834602,0.13405126539118584
2018-05-01,2018.05,2701.49,50.66,120.13333333333333,251.588,0.0762664541506517,0.15604388775911548,0.09481088353661526,0.11649968692771395
2018-06-01,2018.06,2754.35,50.99,122.48,251.989,0.07681200340969774,0.1633645630045022,0.09510111057577841,0.09932502975167434
2018-07-01,2018.07,2793.64,51.44,125.11666666666667,252.006,0.07891473684879813,0.17490540535636168,0.09308416315727142,0.07216885374945825
2018-08-01,2018.08,2857.82,51.89,127.75333333333333,252.146,0.08098531576835111,0.18609634966325572,0.09109822767707465,0.045422365622791894
2018-09-01,2018.09,2901.5,52.34,130.39,252.439,0.08302447645987021,0.19695374078322825,0.08914259051996476,0.01906700628381941
2018-10-01,2018.1,2785.46,52.81,131.05666666666667,252.885,0.08671877550215967,0.19337512335010576,0.0861273153003248,0.03031142333730319
2018-11-01,2018.11,2723.23,53.28,131.72333333333333,252.038,0.09036123484786351,0.18984529754465207,0.083156358346816,0.041318872346603364
2018-12-01,2018.12,2567.31,53.75,132.39,251.233,0.09395296170673983,0.1863632507224926,0.08022873688065824,0.0520974124210376
2019-01-01,2019.01,2607.39,54.14666666666667,133.05666666666664,251.712,0.09404282268914299,0.17466002270485426,0.08051957150811706,-0.009818315617867057
2019-02-01,2019.02,2754.86,54.54333333333334,133.7233333333333,252.776,0.09413138454302805,0.1632068604443191,0.08080609321851373,-0.07514202202797104
2019-03-01,2019.03,2803.98,54.94,134.39,254.202,0.0942186752389822,0.15199510609335753,0.08108839725450956,-0.144315040730298
2019-04-01,2019.04,2903.8,55.319091580592705,134.68333333333334,255.548,0.09451676469834602,0.13405126539118584,0.07476792720370806,-0.19673504396452746
2019-05-01,2019.05,2854.71,55.69818316118541,134.97666666666666,256.092,0.09481088353661526,0.11649968692771395,0.06849411045711307,-0.25180846282396807
2019-06-01,2019.06,2890.17,56.07727474177812,135.27,256.143,0.09510111057577841,0.09932502975167434,0.062266310252662826,-0.30983239317495226
2019-07-01,2019.07,2996.1136363636365,56.45818316118542,134.48000000000002,256.571,0.09308416315727142,0.07216885374945825,0.05085009843026267,-0.30737366090011253
2019-08-01,2019.08,2897.498181818182,56.83909158059271,133.69,256.558,0.09109822767707465,0.045422365622791894,0.03945771422347377,-0.3048920081280624
2019-09-01,2019.09,2982.156,57.22,132.9,256.759,0.08914259051996476,0.01906700628381941,0.028088346084321536,-0.3023871051081013
2019-10-01,2019.1,2977.68,57.56,135.09,257.346,0.0861273153003248,0.03031142333730319,0.018923624718155452,-0.3327090005294391
2019-11-01,2019.11,3104.9044999999996,57.900000000000006,137.28,257.208,0.083156358346816,0.041318872346603364,0.00978326132814189,-0.36296619871758473
2019-12-01,2019.12,3176.7495238095235,58.24,139.47,256.974,0.08022873688065824,0.0520974124210376,0.0006667786154368471,-0.3931727188114742
2020-01-01,2020.01,3278.2028571428577,58.686867862126704,131.75666666666666,257.971,0.08051957150811706,-0.009818315617867057,-0.010675420536372826,-0.22237222440407844
2020-02-01,2020.02,3277.3142105263164,59.13373572425341,124.04333333333332,258.678,0.08080609321851373,-0.07514202202797104,-0.021973368821988082,-0.05979696076771823
2020-03-01,2020.03,2652.3936363636367,59.58060358638012,116.33,258.115,0.08108839725450956,-0.144315040730298,-0.033228041600717795,0.09716056465789435
2020-04-01,2020.04,2761.975238095238,59.61373572425342,110.63,256.389,0.07476792720370806,-0.19673504396452746,-0.03244505326858249,0.22386039938215863
2020-05-01,2020.05,2919.615,59.64686786212671,104.93,256.394,0.06849411045711307,-0.25180846282396807,-0.031663546362935335,0.34778520234092447
2020-06-01,2020.06,3104.6609090909087,59.68,99.23,257.797,0.062266310252662826,-0.30983239317495226,-0.030883516445446624,0.46995323998871363
2020-07-01,2020.07,3207.6190909090906,59.403333333333336,98.89333333333335,259.101,0.05085009843026267,-0.30737366090011253,-0.018264848622459695,0.507753632152693
2020-08-01,2020.08,3391.71,59.126666666666665,98.55666666666667,259.918,0.03945771422347377,-0.3048920081280624,-0.0056875402603013825,0.5444213824205706
2020-09-01,2020.09,3365.5166666666664,58.85,98.22,260.28,0.028088346084321536,-0.3023871051081013,0.006849601650294801,0.580030242329995
2020-10-01,2020.1,3418.701363636364,58.659615378670054,96.85666666666667,260.388,0.018923624718155452,-0.3327090005294391,0.016497195534467934,0.6357620061356837
2020-11-01,2020.11,3548.992500000001,58.469230757340114,95.49333333333334,260.229,0.00978326132814189,-0.36296619871758473,0.02611453143615261,0.6900181629475179
2020-12-01,2020.12,3695.3099999999995,58.27884613601017,94.13,260.474,0.0006667786154368471,-0.3931727188114742,0.03570219418522136,0.74293344384522
2021-01-01,2021.01,3793.748421052632,58.06369311230766,105.48666666666665,261.582,-0.010675420536372826,-0.22237222440407844,0.04804399223547762,0.6290930688209642
2021-02-01,2021.02,3883.4321052631576,57.84854008860516,116.84333333333332,263.014,-0.021973368821988082,-0.05979696076771823,0.06032545598299777,0.5269110027878412
2021-03-01,2021.03,3910.5082608695648,57.63338706490265,128.2,264.877,-0.033228041600717795,0.09716056465789435,0.0725479463247023,0.4342208374163201
2021-04-01,2021.04,4141.176190476191,57.71060542140715,138.38666666666666,267.054,-0.03244505326858249,0.22386039938215863,0.08217565293845741,0.3481990049687438
2021-05-01,2021.05,4167.849500000001,57.787823777911655,148.57333333333332,269.195,-0.031663546362935335,0.34778520234092447,0.09168618635266323,0.2675180543659881
2021-06-01,2021.06,4238.489545454546,57.86504213441615,158.76,271.696,-0.030883516445446624,0.46995323998871363,0.101082095091658,0.1914549947228057
2021-07-01,2021.07,4363.7128571428575,58.32818900579217,164.31666666666666,273.003,-0.018264848622459695,0.507753632152693,0.09984719053851787,0.14829408388184007
2021-08-01,2021.08,4454.206363636363,58.79133587716819,169.87333333333333,273.567,-0.0056875402603013825,0.5444213824205706,0.09863025170809969,0.1062000046388194
2021-09-01,2021.09,4445.543333333333,59.254482748544206,175.43,274.31,0.006849601650294801,0.580030242329995,0.09743088849466819,0.06509770467296772
2021-10-01,2021.1,4460.707142857143,59.63536092649366,182.91,276.589,0.016497195534467934,0.6357620061356837,0.09916418871886012,-0.0027738762607851797
2021-11-01,2021.11,4667.386666666667,60.01623910444312,190.39,277.948,0.02611453143615261,0.6900181629475179,0.10087254670607582,-0.06967215942418648
2021-12-01,2021.12,4674.772727272726,60.397117282392585,197.87,278.802,0.03570219418522136,0.74293344384522,0.10255649942953493,-0.13576478675656922
2022-01-01,2022.01,4573.8155,60.921402962953294,197.88333333333333,281.148,0.04804399223547762,0.6290930688209642,0.10031834549916407,-0.1311734763521173
2022-02-01,2022.02,4435.980526315789,61.44568864351402,197.89666666666665,283.716,0.06032545598299777,0.5269110027878412,0.09811349302668759,-0.12660376422094455
2022-03-01,2022.03,4391.265217391306,61.969974324074734,197.91,287.504,0.0725479463247023,0.4342208374163201,0.09594119902100573,-0.12205545093933345
2022-04-01,2022.04,4391.295999999999,62.65331621604982,196.02666666666664,289.109,0.08217565293845741,0.3481990049687438,0.08741502346573782,-0.10144205524712824
2022-05-01,2022.05,4040.3599999999997,63.336658108024906,194.14333333333332,292.296,0.09168618635266323,0.2675180543659881,0.07900187010833193,-0.08085715710997388
2022-06-01,2022.06,3898.9466666666676,64.02,192.26,296.311,0.101082095091658,0.1914549947228057,0.0706992145012677,-0.060296344279207936
2022-07-01,2022.07,3911.729499999999,64.4527684478357,190.58333333333331,296.276,0.09984719053851787,0.14829408388184007,0.0668837918042744,-0.04558847389102905
2022-08-01,2022.08,4158.5630434782615,64.8855368956714,188.90666666666664,296.171,0.09863025170809969,0.1062000046388194,0.06310494308211734,-0.030838382554233768
2022-09-01,2022.09,3850.520476190475,65.31830534350709,187.23,296.808,0.09743088849466819,0.06509770467296772,0.059362118358754934,-0.0160442765446156
2022-10-01,2022.1,3726.050952380952,65.85220356233806,182.40333333333334,298.012,0.09916418871886012,-0.0027738762607851797,0.05597391626707093,0.02476347955861602
2022-11-01,2022.11,3917.488571428571,66.38610178116903,177.57666666666665,297.711,0.10087254670607582,-0.06967215942418648,0.05262897006503664,0.06605900784547813
2022-12-01,2022.12,3912.380952380953,66.92,172.75,296.797,0.10255649942953493,-0.13576478675656922,0.049326438299649666,0.10788698858468848
2023-01-01,2023.01,3960.6565,67.35,173.55666666666667,299.17,0.10031834549916407,-0.1311734763521173,0.045389233692220365,0.10142515055117407
2023-02-01,2023.02,4079.684736842105,67.78,174.36333333333332,300.84,0.09811349302668759,-0.12660376422094455,0.041486717343271806,0.0949816581228502
2023-03-01,2023.03,3968.5591304347827,68.21,175.17,301.836,0.09594119902100573,-0.12205545093933345,0.037618403509971365,0.08855630008642557
2023-04-01,2023.04,4121.467368421053,68.37666666666667,177.11666666666665,303.363,0.08741502346573782,-0.10144205524712824,0.04058032844165016,0.08681374760055593
2023-05-01,2023.05,4146.1731818181825,68.54333333333332,179.06333333333333,304.127,0.07900187010833193,-0.08085715710997388,0.043519165748552524,0.08510613980760873
2023-06-01,2023.06,4345.372857142857,68.71,181.01,305.109,0.0706992145012677,-0.060296344279207936,0.04643519687198161,0.08343243356867713
2023-07-01,2023.07,4508.075500000001,68.91104536354072,182.09,305.691,0.0668837918042744,-0.04558847389102905,0.05008755126370357,0.08341236248889228
2023-08-01,2023.08,4457.358695652174,69.11209072708144,183.17,307.026,0.06310494308211734,-0.030838382554233768,0.053705480855107623,0.08339252769802563
2023-09-01,2023.09,4409.094999999999,69.31313609062215,184.25,307.789,0.059362118358754934,-0.0160442765446156,0.057289493410466186,0.08337292504788696
2023-10-01,2023.1,4269.4009090909085,69.64332137499402,186.97666666666666,307.671,0.05597391626707093,0.02476347955861602,0.05902040155834953,0.08502609419328966
2023-11-01,2023.11,4460.063333333332,69.97350665936588,189.70333333333332,307.051,0.05262897006503664,0.06605900784547813,0.060732025676533574,0.08662912826408053
2023-12-01,2023.12,4685.0515000000005,70.30369194373775,192.42999999999998,306.746,0.049326438299649666,0.10788698858468848,0.06242468871043094,0.08818427580685295
2024-01-01,2024.01,4815.6139130434785,70.47740320664859,192.08333333333331,308.417,0.045389233692220365,0.10142515055117407,0.06578867185520032,0.1002751559137165
2024-02-01,2024.02,5011.9615,70.65111446955943,191.73666666666665,310.326,0.041486717343271806,0.0949816581228502,0.06912491729866854,0.1122645325823699
2024-03-01,2024.03,5170.572499999999,70.82482573247027,191.39,312.332,0.037618403509971365,0.08855630008642557,0.07243378503857212,0.12415452968088392
2024-04-01,2024.04,5112.492727272728,71.20848368988366,193.17999999999998,313.548,0.04058032844165016,0.08681374760055593,0.07229123381164015,0.1237888989907665
2024-05-01,2024.05,5235.225454545454,71.59214164729707,194.96999999999997,314.069,0.043519165748552524,0.08510613980760873,0.07215019043336213,0.1234298518647341
2024-06-01,2024.06,5415.140526315788,71.97579960471046,196.76,314.175,0.04643519687198161,0.08343243356867713,0.07201063110410821,0.12307721205088562
2024-07-01,2024.07,5538.004545454546,72.45053306980697,197.93,314.54,0.05008755126370357,0.08341236248889228,0.07029437233610114,0.1360228551395508
2024-08-01,2024.08,5478.214545454546,72.92526653490349,199.10000000000002,314.796,0.053705480855107623,0.08339252769802563,0.06859756559401209,0.14865378855794553
2024-09-01,2024.09,5621.2604999999985,73.4,200.27,315.301,0.057289493410466186,0.08337292504788696,0.0669198796366377,0.1609823223481568
2024-10-01,2024.1,5792.31956521739,73.87741819658692,203.57,315.664,0.05902040155834953,0.08502609419328966,0.06484414027565677,0.16963035846852215
2024-11-01,2024.11,5929.916,74.35483639317383,206.87,315.493,0.060732025676533574,0.08662912826408053,0.06279082199650432,0.17793183690644465
2024-12-01,2024.12,6010.908571428571,74.83225458976072,210.17,315.605,0.06242468871043094,0.08818427580685295,0.06075955921961462,0.185907449806324
2025-01-01,2025.01,5979.5155,75.2699367248546,212.3433333333333,317.671,0.06578867185520032,0.1002751559137165,0.056812294988480616,0.20672454682406105
2025-02-01,2025.02,6038.69,75.70761885994848,214.51666666666665,319.082,0.06912491729866854,0.1122645325823699,0.05289529879974175,0.22670800919777445
2025-03-01,2025.03,5683.983333333333,76.14530099504236,216.69,319.799,0.07243378503857212,0.12415452968088392,0.04900819412862667,0.24591069113806707
2025-04-01,2025.04,5369.495714285715,76.54686733002825,218.63666666666666,320.795,0.07229123381164015,0.1237888989907665,,
2025-05-01,2025.05,5810.919523809524,76.94843366501412,220.58333333333331,321.465,0.07215019043336213,0.1234298518647341,,
2025-06-01,2025.06,6029.951499999999,77.35,222.53,322.561,0.07201063110410821,0.12307721205088562,,
2025-07-01,2025.07,6296.498181818183,77.72666666666666,226.76999999999998,323.048,0.07029437233610114,0.1360228551395508,,
2025-08-01,2025.08,6408.949523809522,78.10333333333332,231.01,323.976,0.06859756559401209,0.14865378855794553,,
2025-09-01,2025.09,6584.018095238095,78.48,235.25,324.8,0.0669198796366377,0.1609823223481568,,
2025-10-01,2025.1,6735.691739130435,78.82666666666667,241.20333333333335,325.21200000000005,0.06484414027565677,0.16963035846852215,,
2025-11-01,2025.11,6740.885789473684,79.17333333333333,247.1566666666667,324.122,0.06279082199650432,0.17793183690644465,,
2025-12-01,2025.12,6853.025454545453,79.52,253.11,324.054,0.06075955921961462,0.185907449806324,,
2026-01-01,2026.01,6929.122,79.66999999999999,261.1066666666667,325.252,0.056812294988480616,0.20672454682406105,,
2026-02-01,2026.02,6893.806315789475,79.82,269.10333333333335,326.785,0.05289529879974175,0.22670800919777445,,
2026-03-01,2026.03,6654.419090909089,79.97,277.1,330.213,0.04900819412862667,0.24591069113806707,,
2026-04-01,2026.04,6957.0076190476175,,,331.927,,,,
2026-05-01,2026.05,7259.22,,,332.784,,,,
