quarter,quarter_start,year,q,n_articles,lm_neg,lm_pos,lm_unc,lm_lit,lm_strong,lm_weak,lm_constr,gi_neg,gi_pos,earn_salience,div_salience,dr_salience,cf_growth,cf_decline,lm_tone,cf_tone,hl_lm_neg,hl_lm_pos,hl_lm_unc,hl_lm_lit,hl_lm_strong,hl_lm_weak,hl_lm_constr,hl_gi_neg,hl_gi_pos,hl_earn_salience,hl_div_salience,hl_dr_salience,hl_cf_growth,hl_cf_decline,hl_lm_tone,hl_cf_tone,lm_tone_disp,lm_neg_disp,lm_unc_disp,gi_neg_disp,cf_tone_disp,mean_body_tokens,ocr_quality,sent_agg
1889Q3,1889-07-01,1889,3,1546,0.006992372945899779,0.0027164353404973726,0.002092634434535359,0.0013056298031763071,0.003985797649141004,0.0012294680646576892,0.0003155272024342742,0.017426531122950433,0.019486524812406383,0.0018677759684327727,0.000808765128078657,0.004290444603215476,0.002415415135876168,0.0018822829662458428,-0.004275937605402406,0.0005331321696303254,0.0049823541623417065,0.0014531866306829978,0.0008303923603902845,0.0006227942702927133,0.00041519618019514223,0.0006227942702927133,0.0,0.03030932115424538,0.012871081586049408,0.021382603280049824,0.010587502594976126,0.0186838281087814,0.0012455885405854266,0.0010379904504878555,-0.0035291675316587085,0.00020759809009757111,0.013668294573163398,0.011760262964891173,0.005227601720309418,0.018339305588886634,0.008751909693672438,178.34993531694695,0.43282353325185235,-0.5531455233721855
1889Q4,1889-10-01,1889,4,1873,0.006591136683217201,0.0029728154865542905,0.002344755876718877,0.0015247891638781983,0.003733465458466069,0.00150036462349571,0.0003035621447537832,0.01732746679134813,0.023255651664183506,0.0029134987456253905,0.0009455786348077615,0.0036183211966629098,0.0022086762945878707,0.001727163927047387,-0.0036183211966629098,0.0004815123675404837,0.007388718688051901,0.0070282933861957105,0.002342764462065237,0.003424040367633808,0.0018021265092809514,0.0014417012074247613,0.00018021265092809516,0.031357001261488555,0.02414849522436475,0.027932960893854747,0.009731483150117138,0.014417012074247611,0.002342764462065237,0.001261488556496666,-0.0003604253018561903,0.001081275905568571,0.01854289596948947,0.015195086236277607,0.008037225011150763,0.021661105529705713,0.011500998706682872,153.0149492792312,0.41791435360453877,-0.2165119683898394
1890Q1,1890-01-01,1890,1,1898,0.010689961343973667,0.00376273645685576,0.003351271750782324,0.001702705921843362,0.0033350297229110047,0.0019598713631392593,0.0004520697757517352,0.021041547107294837,0.02335062206966747,0.002980412114387188,0.0014428334759022446,0.0038006345218888397,0.002631208515153812,0.0022928329345013156,-0.006927224887117906,0.0003383755806524964,0.012093188689311755,0.00586875333451894,0.0019562511115063133,0.0023119331317801887,0.002134092121643251,0.0005335230304108127,0.0,0.027565356571225323,0.02418637737862351,0.02489774141917126,0.010848301618353193,0.021874444246843323,0.0014227280810955006,0.001244887070958563,-0.006224435354792815,0.00017784101013693757,0.016393794886172746,0.0141282799852211,0.009834648239000965,0.02275052562359214,0.010976495929885194,194.63224446786091,0.45328522083743894,-0.8199281088053728
1890Q2,1890-04-01,1890,2,1746,0.00999461384571416,0.004569987029261108,0.0052734847319014224,0.0018631696968364588,0.0038967177435311187,0.003784048189592631,0.00046716644315958404,0.020621276408644227,0.024809286169674854,0.002610636005891793,0.0012393650933233671,0.004281443049662541,0.003954426539450832,0.003426803262470596,-0.005424626816453053,0.0005276232769802361,0.01767131356764186,0.0064794816414686825,0.0021598272138228943,0.0025525230708816024,0.0015707834282348322,0.0007853917141174161,0.0,0.03220106027881406,0.017278617710583154,0.01904574906734734,0.011191831926173179,0.032397408207343416,0.0033379147849990185,0.0005890437855880621,-0.011191831926173179,0.0027488709994109564,0.020419621023673413,0.017006194059149094,0.011913220698511964,0.025823463856390217,0.012895152575805677,208.41695303550975,0.486364235935542,-0.48117879961586413
1890Q3,1890-07-01,1890,3,1448,0.009395867949963947,0.003602219644480672,0.003915728751920243,0.0011881995171959744,0.0032730350816691225,0.0025676395899300875,0.0004859391165313352,0.019572373577452427,0.020089663604727716,0.0020785653823243567,0.001194469699344766,0.005263817913910399,0.0040160516663009065,0.003790325108944415,-0.005793648305483274,0.00022572655735649121,0.01667042126605091,0.0031538634827663887,0.0020274836674926784,0.00022527596305474206,0.0013516557783284523,0.0013516557783284523,0.0,0.03829691371930615,0.013516557783284524,0.01779680108132462,0.011489074115791845,0.03356611849515657,0.0022527596305474207,0.00022527596305474206,-0.013516557783284524,0.0020274836674926784,0.017071283067797004,0.01324282101465868,0.00677455884486833,0.01897715932497004,0.01374642352293683,220.2831491712707,0.45419631940307864,-0.9108159523955051
1890Q4,1890-10-01,1890,4,1689,0.010042016684210066,0.003516455319732096,0.003493128916284454,0.0011575727710892555,0.0033531704955985994,0.0022889033382999134,0.0003615592534384577,0.020279391997294137,0.019267609247752646,0.0018107120676232435,0.0011546569706583003,0.003913004178342018,0.0031753066693103256,0.003119906461122175,-0.0065255613644779695,5.540020818815077e-05,0.021608643457382955,0.0024009603841536613,0.0012004801920768306,0.0008003201280512205,0.0008003201280512205,0.0006002400960384153,0.0,0.053621448579431776,0.023209283713485393,0.015606242496998799,0.012004801920768308,0.03081232492997199,0.0024009603841536613,0.00040016006402561027,-0.01920768307322929,0.0020008003201280513,0.020212950665935456,0.019882656911135825,0.008844848621273516,0.02498121317363431,0.012263440475798746,203.0544701006513,0.4356001737817057,-1.1529992948534387
1891Q1,1891-01-01,1891,1,1506,0.009360703452454452,0.00477430389115354,0.00467459955286439,0.0018560346050749508,0.0037810952905039286,0.00301413884212585,0.0005905564652511207,0.022832293468215407,0.026302771397126213,0.0028147301655475493,0.0015799302836588425,0.005786686403012605,0.004502034351979323,0.0034666431466689163,-0.004586399561300912,0.0010353912053104064,0.011988237955213752,0.005202442886224836,0.0013571590137977834,0.0015833521827640805,0.0013571590137977834,0.00022619316896629722,0.0,0.06785795068988916,0.028047952951820856,0.017643067179371183,0.012666817462112644,0.030536077810450125,0.002035738520696675,0.0,-0.006785795068988917,0.002035738520696675,0.02248887966980215,0.022393270491917742,0.014173727628062145,0.02987733472761772,0.011626891646035885,173.1547144754316,0.5308105579224683,-0.28058548447458354
1891Q2,1891-04-01,1891,2,1439,0.010063988489644467,0.0063874900609594484,0.00961720495248192,0.0017303396312142668,0.0039226080042406575,0.007394646170156375,0.0007610465336412858,0.023009352163871115,0.03214569686872894,0.0039074627995910795,0.002048388928855401,0.008246563931695127,0.005145583279694067,0.004293665518155314,-0.0036764984286850174,0.0008519177615387528,0.004522732682694597,0.004522732682694597,0.00119019281123542,0.0007141156867412521,0.00119019281123542,0.0009521542489883361,0.0,0.06284218043323019,0.02594620328493216,0.020947393477743395,0.014520352297072126,0.0328493215900976,0.0009521542489883361,0.00023803856224708403,0.0,0.0007141156867412521,0.020326633921665883,0.018018387796234388,0.018818336184704486,0.026952069604153594,0.012895226561299692,183.5371785962474,0.6111885199348757,0.16800141040081631
1891Q3,1891-07-01,1891,3,1202,0.010604082880594558,0.002348949881229568,0.0019167901408781956,0.0008584397563442226,0.0032926456407723604,0.0010495307979961899,0.00027634704485053743,0.019397210658764315,0.014422963851454643,0.0011112679037606718,0.0008643194807027446,0.002093181871633858,0.0019961664197182434,0.001946188762670806,-0.00825513299936499,4.9977657047437616e-05,0.01836622807017544,0.0030153508771929823,0.0008223684210526315,0.0008223684210526315,0.0005482456140350877,0.0005482456140350877,0.00027412280701754384,0.0424890350877193,0.02275219298245614,0.011239035087719298,0.007949561403508772,0.03974780701754386,0.0024671052631578946,0.0,-0.015350877192982455,0.0024671052631578946,0.014627957405377642,0.013050509081295012,0.004618245420636218,0.01899109248075972,0.010114901935833469,282.98835274542427,0.345965921117618,-1.6046768722988354
1891Q4,1891-10-01,1891,4,1190,0.010720376088860211,0.0034075371403112565,0.0019695503218570922,0.0010723448710267165,0.0041726198706426385,0.0010446912783641364,0.0002980442764744742,0.01999662011645235,0.015658078689834234,0.0015117297322210443,0.0011553056490144567,0.002448879261341814,0.002710052080932848,0.0019818408074849057,-0.007312838948548954,0.0007282112734479421,0.007594936708860759,0.006751054852320675,0.0014064697609001407,0.0008438818565400844,0.001969057665260197,0.00028129395218002813,0.0,0.03572433192686357,0.02250351617440225,0.00590717299578059,0.002531645569620253,0.046413502109704644,0.0028129395218002813,0.0014064697609001407,-0.0008438818565400844,0.0014064697609001407,0.017629794017389178,0.015395292732680633,0.00636447308770058,0.019074055042411425,0.009663375530081238,273.49159663865544,0.39495168302837563,-1.2262245150237614
1892Q3,1892-07-01,1892,3,1318,0.010398424759027684,0.0025164875795000846,0.0016623722051367302,0.0014158825333405942,0.003955299384635669,0.0008340522615427387,0.0003468052358992144,0.019289249897534815,0.01584985912828641,0.001530528892315541,0.0009773602102614225,0.0021926116153958594,0.0016337106153929933,0.0012525114718012949,-0.0078819371795276,0.00038119914359169846,0.004666483667307164,0.0030194894317869887,0.0010979961570134504,0.0010979961570134504,0.0010979961570134504,0.0002744990392533626,0.0,0.03623387318144387,0.025528410650562723,0.012352456766401317,0.009607466373867692,0.032390886631896786,0.001372495196266813,0.0016469942355201758,-0.0016469942355201758,-0.0002744990392533626,0.015250752364954358,0.013236747039381741,0.0047892237969653795,0.01894749880464252,0.007373747663512612,264.7185128983308,0.38592543974044063,-1.3310032391369055
1892Q4,1892-10-01,1892,4,1323,0.011263544997847822,0.002325507495067324,0.0017939629247662216,0.001276862500397214,0.003400151952415206,0.0009533136315182819,0.00032932652725177014,0.018858276928943467,0.01483702670144817,0.0016524102946316888,0.0009013147061627394,0.002230176131915496,0.0014848582018193847,0.0013086396214478234,-0.008938037502780499,0.0001762185803715612,0.0031047135196161446,0.00366920688681908,0.002540220152413209,0.0002822466836014677,0.0011289867344058708,0.0014112334180073384,0.0002822466836014677,0.030764888512559978,0.024555461473327687,0.026248941574936496,0.01100762066045724,0.042054755856618685,0.0002822466836014677,0.000846740050804403,0.0005644933672029354,-0.0005644933672029354,0.014402962608976846,0.012648488162992433,0.00619081868407119,0.01770818293653585,0.010389485751572416,261.64852607709753,0.3632211600960247,-1.5380695543394787
1893Q1,1893-01-01,1893,1,1964,0.012632307643084225,0.002364740067655417,0.0021204126805913887,0.0011140165386371768,0.003278059109775713,0.001212910957210712,0.00030831789319984526,0.020223908598287963,0.014982504413890594,0.0017219263469274377,0.0008027899860675216,0.002260028330342262,0.0012856274414559585,0.0012041849791012823,-0.010267567575428809,8.144246235467611e-05,0.009593679458239277,0.003386004514672686,0.0026335590669676447,0.001693002257336343,0.001693002257336343,0.0007524454477050414,0.0003762227238525207,0.035553047404063204,0.030097817908201655,0.01636568848758465,0.006207674943566591,0.02878103837471783,0.002069224981188864,0.001128668171557562,-0.006207674943566591,0.0009405568096313017,0.01604826816771748,0.014027454745132286,0.00954096136314813,0.022273600204574685,0.008432531196426717,175.05142566191446,0.3557872141151422,-1.776087089276551
1893Q2,1893-04-01,1893,2,2156,0.014954029583397473,0.002462950782966456,0.0020431296267789923,0.0011754992373248995,0.003828768944429673,0.0010523516981765769,0.00033025930953413846,0.02115338865643236,0.014780503505506654,0.0016009180089281965,0.0006801102730236919,0.0024433591290110414,0.0014581788158244588,0.001656894163086525,-0.012491078800431016,-0.00019871534726206635,0.012145056448853917,0.004447485460143688,0.001881628463906945,0.001881628463906945,0.0020526855969893944,0.0010263427984946972,0.0,0.028908655490933972,0.029079712624016422,0.014197742045843311,0.008210742387957578,0.028566541224769072,0.0023947998631542937,0.0006842285323297981,-0.007697570988710229,0.0017105713308244953,0.019211737417563234,0.017389150612523416,0.007679683736596052,0.021599418125433135,0.009134455249351475,165.7212430426716,0.3497725968737318,-2.148300748517278
1893Q3,1893-07-01,1893,3,2620,0.01103994971743147,0.0030315837383572556,0.0022134083237157084,0.0014060696695329898,0.004811521643719827,0.0010918036162269652,0.0004361796084678446,0.01882074372687029,0.017493240570663805,0.0013708501980417974,0.0009942727720975092,0.002451817053809934,0.0016282232589389727,0.0014548350915977177,-0.008008365979074216,0.00017338816734125502,0.0149812734082397,0.0070744902205576365,0.0024968789013732834,0.0023581634068525455,0.0026355943958940213,0.0013871549452073796,0.0004161464835622139,0.035649882091829656,0.038562907476765156,0.013316687473990845,0.010958524067138299,0.02441392703564988,0.0027743098904147593,0.0027743098904147593,-0.007906783187682065,0.0,0.018106406172638378,0.016184269045756327,0.0069416705522331685,0.024062849930402586,0.011056929219129145,140.88320610687023,0.39925876558461615,-1.2532792079493706
1893Q4,1893-10-01,1893,4,2895,0.010496108713735392,0.004291048291791284,0.003445760234311696,0.002118604144065082,0.0057743403926551464,0.0017255721173389039,0.0006326200430181629,0.022009793496665958,0.023861889622608493,0.0023231961579773387,0.0014536800988502467,0.00341614823229808,0.0026462361799440602,0.0022397441523026025,-0.006205060421944109,0.00040649202764145786,0.01284149565655294,0.005287674682110034,0.0036510134709807377,0.0023920433085735868,0.002895631373536447,0.0018884552436107265,0.0,0.04091653027823241,0.029208107767845902,0.014478156867682236,0.012086113559108649,0.020647110663477276,0.002643837341055017,0.002769734357295732,-0.007553820974442906,-0.0001258970162407151,0.018263741910160274,0.015618556857142491,0.009212472464628663,0.025851699162869442,0.012110260854939707,128.3146804835924,0.5300386840426305,-0.772113602503132
1894Q1,1894-01-01,1894,1,1831,0.008305031763103937,0.0024928340954005752,0.0021219554839700967,0.0018252525948257135,0.005088984375413927,0.0011841624236387431,0.00044505433371657457,0.017892243868581813,0.01660741439326908,0.0017484277396008286,0.0009881265861683471,0.0023577283155223295,0.0016477606879268416,0.0015470936362528545,-0.00581219766770336,0.0001006670516739871,0.010021321961620469,0.005543710021321962,0.00021321961620469082,0.0014925373134328358,0.0010660980810234541,0.0,0.00021321961620469082,0.03539445628997868,0.030063965884861408,0.02601279317697228,0.017270788912579958,0.0255863539445629,0.003411513859275053,0.0010660980810234541,-0.004477611940298508,0.002345415778251599,0.017679524396842644,0.015465936298806417,0.007555092491917631,0.021236700914379014,0.011895712469589731,206.1616602949208,0.39446649111745724,-1.1000075037197765
1894Q2,1894-04-01,1894,2,1800,0.008527102110281105,0.002700052705499922,0.0024586085159132333,0.0020522756114868547,0.005450160913719035,0.0014869428748936321,0.0004681661724912624,0.018773757961033262,0.018764924637023995,0.0016194427350326686,0.0011924987412513287,0.002700052705499922,0.0017283870644803209,0.001472220668211517,-0.005827049404781184,0.00025616639626880396,0.013272501036914143,0.003940273745333886,0.0014516798009124845,0.0018664454583160513,0.002073828287017835,0.0006221484861053505,0.00041476565740356696,0.0578598092077976,0.046661136457901285,0.023226876814599753,0.01721277478224803,0.021567814184985483,0.0018664454583160513,0.002073828287017835,-0.009332227291580257,-0.00020738282870178348,0.01807543572998613,0.016383246771226018,0.008100365270265282,0.02637581678784283,0.010864092857287186,188.67944444444444,0.4113266769329521,-0.9433585462244789
1894Q3,1894-07-01,1894,3,2151,0.008569870277633526,0.004146627244567501,0.002956657437441774,0.002098104659932203,0.005354864132065772,0.0015266060025626105,0.0005871561548317732,0.02004681591741192,0.022465899275318824,0.0028183495431925117,0.0013648118621200774,0.0031471569898983047,0.0025312954230525334,0.002043303418814571,-0.004423243033066025,0.00048799200423796265,0.008373418849100303,0.0087297345448067,0.0017815784785319793,0.0017815784785319793,0.003206841261357563,0.0005344735435595938,0.00017815784785319794,0.04917156600748263,0.038303937288437555,0.03028683413504365,0.01639052200249421,0.022626046677356137,0.004097630500623553,0.002672367717797969,0.0003563156957063959,0.0014252627828255835,0.020265191201187933,0.017130110654131423,0.00852486792793396,0.02590530284814641,0.013489171750183625,178.15109251510924,0.4877101692836434,-0.5537247707868388
1894Q4,1894-10-01,1894,4,2395,0.00792924387328153,0.003488306933652122,0.0026314069037656905,0.0019122646443514644,0.00471645248057382,0.0014336147638971907,0.0004412918410041841,0.018312443962940825,0.02068701434548715,0.002267166019127316,0.0012444896891811118,0.002699118350268978,0.002038348027495517,0.0015830469216975493,-0.0044409369396294085,0.00045530110579796774,0.00949667616334283,0.008072174738841406,0.0014245014245014246,0.002849002849002849,0.0022158911047799935,0.0004748338081671415,0.0,0.04178537511870845,0.04542576764798987,0.023266856600189935,0.015036403925292815,0.018360240582462804,0.0031655587211142765,0.0023741690408357074,-0.0014245014245014246,0.0007913896802785691,0.021877105381099864,0.019038369734299284,0.008236001688936262,0.024884609009159616,0.012017554129082767,178.8258872651357,0.4353846010161387,-0.5708174719739173
1895Q1,1895-01-01,1895,1,2263,0.0077296434411131725,0.002807058362254867,0.0022038531884779194,0.0017428320913769667,0.0038885190666692517,0.001230107693666561,0.0003726946252264712,0.01899665436558973,0.01808969230073225,0.0015274016721709138,0.0010857693127985057,0.0026605656771947514,0.0015295559763629743,0.0012602679523554085,-0.004922585078858305,0.0002692880240075659,0.006132989025177534,0.008231116849580375,0.0009683666881859264,0.0027437056165267914,0.010006455777921239,0.0008069722401549387,0.0,0.045836023240800515,0.04293092317624274,0.019528728211749516,0.014364105874757909,0.02775984506132989,0.0014525500322788896,0.0012911555842479018,0.0020981278244028407,0.00016139444803098772,0.014333976813981986,0.01262782440045772,0.008585398538723175,0.019435282156504634,0.0072781539252758844,205.12019443216968,0.40678218045744496,-0.9358812223887606
1895Q2,1895-04-01,1895,2,2378,0.008364909505520367,0.003170154553094178,0.002776840462778087,0.0015453160160506538,0.0036988718548305634,0.0017645402631120816,0.00024286607762687604,0.018896270393765433,0.015968981918298132,0.0016033459638022081,0.0010273450009349269,0.0018698538719945322,0.0022158843011797274,0.0012551662772928814,-0.005194754952426189,0.0009607180238868459,0.004592968007602154,0.004909724421919544,0.0011086474501108647,0.0017421602787456446,0.0022172949002217295,0.0004751346214760849,0.0,0.04434589800443459,0.039119417168197654,0.01662971175166297,0.014729173265758632,0.01979727589483687,0.004117833386126069,0.0014254038644282547,0.0003167564143173899,0.0026924295216978144,0.016793965383893907,0.013703210300875231,0.008202955777693728,0.019223713262420283,0.009941025328193636,195.65895710681244,0.39351397124723553,-0.8583601728242769
1895Q3,1895-07-01,1895,3,2017,0.006514879900530984,0.0029040183608902816,0.001694720392425707,0.0012752983857575357,0.003331956550434964,0.00091761870494407,0.0002490983491379494,0.017085591896000375,0.01609345659088683,0.0014371058604112465,0.000796263098953787,0.0018543988213602898,0.0019480768330019118,0.0012838145686340468,-0.0036108615396407023,0.000664262264367865,0.0034482758620689655,0.004406130268199234,0.0017241379310344827,0.0007662835249042146,0.0038314176245210726,0.0011494252873563218,0.00019157088122605365,0.0446360153256705,0.04272030651340996,0.013984674329501916,0.013026819923371647,0.020306513409961684,0.0038314176245210726,0.0009578544061302681,0.0009578544061302681,0.0028735632183908046,0.015877059365484933,0.013606236567507861,0.005259750605377981,0.027800066954679143,0.010226646114783742,232.86762518591968,0.37683257610273924,-0.689639350418091
1895Q4,1895-10-01,1895,4,1945,0.00724501297814914,0.0029286150091519217,0.001954478237039948,0.0014994674305332932,0.002907932699765256,0.0010444566240266388,0.0002936887932906588,0.0188188333109275,0.017278001261620872,0.0019400006204692815,0.00100102377431464,0.001714563448154621,0.0019420688514079482,0.0016897446768906216,-0.004316397968997218,0.0002523241745173266,0.0031049873859887445,0.004269357655734524,0.0007762468464971861,0.0007762468464971861,0.0015524936929943722,0.00038812342324859306,0.00019406171162429653,0.04715699592470406,0.04288763826896953,0.018629924315932467,0.01571899864156802,0.02406365224141277,0.0015524936929943722,0.0009703085581214826,0.0011643702697457792,0.0005821851348728896,0.014233678326497499,0.012408114657318652,0.004833760221954235,0.0189430240290614,0.009439868270745467,248.58868894601542,0.4037000651492746,-0.9429677067657591
1896Q1,1896-01-01,1896,1,2018,0.004902127742393795,0.001376974839798952,0.0008831128389523313,0.0009001425631194562,0.0022357595013696766,0.0004792650944176564,0.00020435669000549818,0.013129917332853257,0.010504906993377871,0.0009342020114537059,0.0007444422278771719,0.0013429153914647023,0.0006422638828744228,0.0006763233312086725,-0.003525152902594843,-3.4059448334249697e-05,0.0021020447162239633,0.0022931396904261416,0.0005732849226065354,0.0019109497420217848,0.0017198547678196063,0.00019109497420217848,0.0,0.04165870437607491,0.03248614561437034,0.019300592394420026,0.01643416778138735,0.0275176762851137,0.0005732849226065354,0.0007643798968087139,0.00019109497420217848,-0.00019109497420217848,0.012681914991982166,0.011888084101937913,0.0036706830462920263,0.023834388811295956,0.004805545989208604,203.68979187314173,0.2446587486558682,-1.070785262888905
1896Q2,1896-04-01,1896,2,2233,0.006912797010867242,0.0027189479894320135,0.0030160657335601975,0.0012590097215215848,0.003509836948622143,0.0022230392366425268,0.0002971177441281839,0.015717314910608172,0.014716947254119036,0.0013017604760724028,0.0008592901664714383,0.0018489701343228709,0.0013380986174405978,0.0010837316278632318,-0.004193849021435228,0.000254366989577366,0.004192520543350662,0.0035217172564145564,0.0011739057521381855,0.0015093073956062384,0.0005031024652020795,0.000670803286936106,0.0,0.036894180781485826,0.04075129968136844,0.016434680529934596,0.013080664095254067,0.029850746268656716,0.002347811504276371,0.0018447090390742915,-0.000670803286936106,0.0005031024652020795,0.014511680311562964,0.013141862086792747,0.012503026513547925,0.01798739688054358,0.008804990989452305,209.5064935064935,0.3329492890549518,-0.8900125791458923
1896Q3,1896-07-01,1896,3,2510,0.008807798536400848,0.0034149238087389086,0.002305496209984003,0.0012256533471958952,0.003222623024954725,0.001113653989607305,0.00041418630353516465,0.01812276397508965,0.018315064758873834,0.0018427064116462426,0.0009509379417899188,0.002436514326408392,0.0019694981372182317,0.0016461792370096595,-0.005392874727661939,0.0003233189002085724,0.006497256713831938,0.0017326017903551833,0.0007219174126479931,0.0007219174126479931,0.0005775339301183945,0.00028876696505919725,0.0,0.03551833670228126,0.04519203003176436,0.014438348252959862,0.01256136298007508,0.025700259890268553,0.0015882183078255846,0.0005775339301183945,-0.004764654923476754,0.0010106843777071904,0.019936242041651925,0.018539304161934025,0.00551573799027349,0.023108267596669087,0.013247355790811537,188.53266932270915,0.40925199221498804,-0.8675905850306003
1896Q4,1896-10-01,1896,4,2546,0.007293047570048182,0.002681377942849847,0.0018852265088384077,0.0013951427251662717,0.0029480135646178284,0.0009163252353716563,0.0002779019156455023,0.015001070297918364,0.015123121814924836,0.0013331781088399097,0.0009576349795892309,0.0015096833795877288,0.0016054468775466518,0.0010853196435344618,-0.0046116696271983355,0.0005201272340121902,0.009581749049429657,0.0041064638783269965,0.00045627376425855514,0.0009125475285171103,0.0006083650190114068,0.0001520912547528517,0.0,0.02418250950570342,0.03665399239543726,0.013840304182509505,0.0016730038022813689,0.023726235741444866,0.001520912547528517,0.0006083650190114068,-0.005475285171102661,0.0009125475285171103,0.023796759498826356,0.022495240222045146,0.005757080996192298,0.024373155555275607,0.013969285064829062,209.17596229379419,0.3561106500276024,-0.7367847889760246
1897Q1,1897-01-01,1897,1,2747,0.009295084544438234,0.004685753214086081,0.0034608195919508104,0.002816692286193404,0.00494777110117384,0.0017227676076020124,0.0006353933761878145,0.0220247868921185,0.02461003004471772,0.002465151621017328,0.0016310613471212968,0.002962985606484069,0.00246296813862493,0.0018101069032979318,-0.004609331330352152,0.0006528612353269984,0.007874015748031496,0.004834921950545655,0.0005525625086337892,0.0024865312888520514,0.0011051250172675784,0.0005525625086337892,0.0002762812543168946,0.029976516093383063,0.042271031910484876,0.009531703273932863,0.0009669843901091311,0.017682000276281255,0.0015195468987429202,0.0004144218814753419,-0.0030390937974858405,0.0011051250172675784,0.024769852299000868,0.021605520977200737,0.007945184655000952,0.02657405629022002,0.014515960450897552,166.7215143793229,0.5498161507825601,-0.494281789565193
1897Q2,1897-04-01,1897,2,2886,0.008266115729743995,0.003851609923462655,0.003181495777249934,0.002301068883610451,0.004016561097915017,0.0017237397730271839,0.00047217273686988654,0.01903742742148324,0.020119919503826866,0.002119622591712853,0.0010226972816046451,0.0021464271575613618,0.0022474597519134337,0.0013897136447611506,-0.00441450580628134,0.000857746107152283,0.009546227278671375,0.00575389041454165,0.0020923237871060545,0.001961553550411926,0.0017000130770236693,0.0013077023669412842,0.0001307702366941284,0.034784882960638155,0.038707990061462014,0.013730874852883483,0.001569242840329541,0.02079246763436642,0.0022230940238001833,0.0010461618935530272,-0.0037923368641297243,0.0011769321302471558,0.023179452207067925,0.01951948082876302,0.009084689229275727,0.026115087499202924,0.014427497943598806,168.04989604989606,0.44698263064133015,-0.519890626259246
1897Q3,1897-07-01,1897,3,2489,0.007046308115650426,0.003249620433678853,0.0020018153617302895,0.0013461542401809624,0.0038335686200587226,0.0009630022722755744,0.0003073411507262471,0.015776845737280686,0.016905812230948433,0.0017989702022509666,0.0011433090807016393,0.0020940177069481637,0.0024034077986792527,0.001133064375677431,-0.003796687681971573,0.0012703434230018215,0.00722929435800723,0.007386452931007387,0.0014144271570014145,0.0015715857300015717,0.0003143171460003143,0.000942951438000943,0.0004714757190004715,0.0319031903190319,0.04353292472104353,0.013358478705013358,0.004086122898004086,0.024673895961024674,0.0033003300330033004,0.000942951438000943,0.00015715857300015716,0.0023573785950023575,0.018405216807375346,0.015436945326093918,0.006154367508911696,0.023219217389250747,0.011878322659559284,196.08557653676175,0.37120869078816615,-0.31270879080811503
1897Q4,1897-10-01,1897,4,2933,0.007279313967096302,0.0040680281346982625,0.0023465552568828958,0.0013580064465364844,0.004263740828463815,0.0011083729085702189,0.0004613227781616587,0.016479807642380984,0.01943147459529411,0.0020969217189166305,0.0015497250036945764,0.002494338311358925,0.0025981858631528914,0.001397947812611087,-0.0032112858323980397,0.0012002380505418046,0.004259283907892986,0.00918408092639425,0.0009317183548515906,0.0010648209769732464,0.0023958471981898044,0.0005324104884866232,0.0003993078663649674,0.027019832290696127,0.03420737388526554,0.01331026221216558,0.004658591774257953,0.023958471981898044,0.003460668175163051,0.0005324104884866232,0.004924797018501265,0.0029282576866764276,0.01594012072328785,0.012014774461035455,0.006396589932915691,0.019107180744525398,0.01078734807091691,170.72417320150018,0.41691596735991565,-0.14893566791754925
1898Q1,1898-01-01,1898,1,2278,0.011763849764359154,0.0026427010702939333,0.0017522257096514123,0.0011738954754276676,0.0037878715340879713,0.000901965365295973,0.0002566101039270921,0.019919838067534418,0.014224625760973433,0.0012236854955926257,0.0008770703552134939,0.001639240663892469,0.001507105610377772,0.0009536703862365064,-0.009121148694065221,0.0005534352241412658,0.005301524188204109,0.005632869449966865,0.0019880715705765406,0.0016567263088137839,0.0008283631544068919,0.0011597084161696488,0.0003313452617627568,0.0291583830351226,0.039595758780649436,0.015738899933730947,0.0066269052352551355,0.018389662027833,0.0021537442014579193,0.0016567263088137839,0.0003313452617627568,0.0004970178926441351,0.016211168705816164,0.014164920832101423,0.006151624476716957,0.019082080064391715,0.00731871543961774,229.2330992098332,0.3277887677544509,-1.5433335418434195
1898Q2,1898-04-01,1898,2,3081,0.009774306436070397,0.004651823299690622,0.0034122838159963485,0.0020773951412486687,0.005363899173302227,0.0017933762742810772,0.0004544301871481463,0.020579195617994622,0.02168281178678298,0.002255921286199726,0.0015296444692397423,0.002706294060962621,0.0031404371861845108,0.001478926814424101,-0.0051224831363797735,0.0016615103717604097,0.009056603773584906,0.009811320754716982,0.0026415094339622643,0.0013836477987421384,0.0013836477987421384,0.0013836477987421384,0.0,0.03119496855345912,0.042767295597484274,0.017232704402515724,0.0026415094339622643,0.023270440251572325,0.003270440251572327,0.0015094339622641509,0.0007547169811320754,0.001761006289308176,0.018309400989485188,0.014836621740952679,0.008247739307694735,0.022033572217386006,0.011247134826878124,159.98864005193118,0.47037176040979867,-0.2758059755590431
1898Q3,1898-07-01,1898,3,2537,0.006930564608555162,0.001742294824704752,0.0010410520495133004,0.0007444912282869597,0.002614986824667682,0.0004927234477666808,0.0001621816991081551,0.013760731022424323,0.010691635440253807,0.0009854468955333615,0.0008510677734151759,0.0013298899326868719,0.0012248579751692095,0.0008618798866890529,-0.00518826978385041,0.0003629780884801567,0.007349491790461298,0.003909304143862392,0.0003127443315089914,0.0009382329945269742,0.0007818608287724785,0.0001563721657544957,0.0001563721657544957,0.027834245504300234,0.03455824863174355,0.015011727912431588,0.012978889757623143,0.026114151681000782,0.0023455824863174357,0.0009382329945269742,-0.0034401876465989054,0.0014073494917904612,0.014903718553929152,0.012660747672250625,0.005758105887275606,0.02034199814101663,0.009377037661807594,255.19195900670084,0.24878981560713107,-1.0916703981243512
1898Q4,1898-10-01,1898,4,1726,0.006490217953964863,0.0020799345185035685,0.0012184342372545613,0.001108177151368029,0.002894715695563367,0.0006036108261245755,0.0002466768701190216,0.01503233896391977,0.012597339253578217,0.0013174787381356834,0.0008185187053949352,0.0013922293048384173,0.0017529007891791079,0.0009287757912814676,-0.004410283435461295,0.0008241249978976404,0.009926629261976695,0.007768666378938282,0.0017263703064307294,0.0021579628830384117,0.0015105740181268882,0.0008631851532153647,0.0,0.034311609840310744,0.0377643504531722,0.019637462235649546,0.008200258955545965,0.01812688821752266,0.004963314630988347,0.0006473888649115235,-0.0021579628830384117,0.0043159257660768235,0.014912785691235983,0.013694843695861847,0.004771447929043633,0.021187425906674932,0.008671553899829758,310.03070683661645,0.31024101451469127,-0.8074794962800373
1899Q1,1899-01-01,1899,1,2313,0.007374874347726908,0.0033823791036859093,0.002382618129508338,0.0016939181571218236,0.004394145941090504,0.0011885804594753,0.0003503529178067689,0.018265283736748527,0.018334044589776024,0.001594596924970995,0.0010161326058507846,0.0016229744198712317,0.0022450964234533447,0.0012671642915067249,-0.003992495244040999,0.0009779321319466198,0.008245877061469266,0.0061469265367316344,0.0019490254872563718,0.0037481259370314842,0.0007496251874062968,0.0011994002998500749,0.00014992503748125936,0.027586206896551724,0.04212893553223388,0.012143928035982009,0.0019490254872563718,0.015442278860569715,0.005097451274362818,0.0007496251874062968,-0.002098950524737631,0.004347826086956522,0.01557380937320537,0.012886881573614437,0.007178178224954587,0.020192718150159796,0.01217552724039471,396.1171638564635,0.43171992722264,-0.5204594381183011
1899Q2,1899-04-01,1899,2,1798,0.007808325107977443,0.0036893602663967493,0.00293702835180633,0.0016974619799950963,0.004078100016136367,0.0017676656544763749,0.000419126414813604,0.0202878141090525,0.019452704727536397,0.0018200564563280754,0.0010142859238489216,0.001675457843217382,0.002197270229660319,0.0016073498008101713,-0.004118964841580693,0.0005899204288501476,0.007236964186305437,0.00835034329189089,0.0027834477639636294,0.0014845054741139357,0.000556689552792726,0.001298942289849694,0.0007422527370569679,0.024865466691408426,0.04100946372239748,0.015772870662460567,0.006309148264984227,0.017999628873631473,0.004824642790870292,0.001113379105585452,0.001113379105585452,0.0037112636852848395,0.013821884591350468,0.011695742545654501,0.007720335169476217,0.01767055439251556,0.00880609345628113,530.7931034482758,0.46940481953464397,-0.7460033502885417
1899Q3,1899-07-01,1899,3,2009,0.008288603103737508,0.0034515747809938284,0.0018932745207858228,0.001376074262453673,0.004049168861864654,0.000947307208914067,0.00028539807001230023,0.020532582276377883,0.018276195657125707,0.0023515193092562767,0.001026361134410432,0.0017874226544432326,0.002268445692632978,0.0016226153182389465,-0.00483702832274368,0.0006458303743940315,0.005931388265469702,0.005771080474511061,0.0014427701186277653,0.0014427701186277653,0.0011221545367104842,0.0006412311638345624,0.0,0.026611093299134338,0.03494709842898365,0.02420647643475473,0.008496312920807951,0.02116062840654056,0.0038473869830073742,0.0008015389547932029,-0.0001603077909586406,0.0030458480282141713,0.01459786414648857,0.012331597463645856,0.005494413983107687,0.019324752029753027,0.010330858115508823,371.4912891986063,0.4337715689926386,-0.8943301742640358
1899Q4,1899-10-01,1899,4,1521,0.009362751412325414,0.004140367664648621,0.002527157744941084,0.0018401634065104981,0.004509627121555061,0.001281980506535647,0.0004624944028363052,0.021852553840114336,0.021846419962092634,0.0027823270706438734,0.0021002398346306487,0.002307564911764165,0.0030203215378858976,0.001895368308705813,-0.0052223837476767935,0.0011249532291800846,0.005705508009655475,0.0028527540048277375,0.0006583278472679394,0.0021944261575597983,0.00043888523151195964,0.00021944261575597982,0.0008777704630239193,0.018433179723502304,0.02040816326530612,0.016897081413210446,0.017994294491990345,0.009216589861751152,0.0017555409260478386,0.0008777704630239193,-0.0028527540048277375,0.0008777704630239193,0.01533158443221422,0.014722139385723556,0.004650829565659947,0.02229473329281882,0.009423868801656271,535.9270216962525,0.5055898030411767,-0.5706786350349184
1900Q1,1900-01-01,1900,1,1109,0.007635900581804328,0.002036840108051518,0.0013498940333183844,0.0011879067493201785,0.004097678332250918,0.0006779467811776776,0.00022948198566412537,0.01730564150714169,0.013560435505812794,0.0015778761367232672,0.001424888146280517,0.001967845524126356,0.00168136801261101,0.0010319189943589428,-0.005599060473752811,0.0006494490182520673,0.003975014196479273,0.0014196479273140261,0.00028392958546280523,0.0017035775127768314,0.0005678591709256105,0.0,0.0,0.02555366269165247,0.036059057353776264,0.04003407155025554,0.023566155593412835,0.04997160704145372,0.0005678591709256105,0.0,-0.002555366269165247,0.0005678591709256105,0.011913061088506474,0.011093107581530473,0.004133873716798129,0.0140489904070252,0.00868784314581425,601.1893597835888,0.34002480805256785,-1.0709742246943499
1900Q2,1900-04-01,1900,2,2115,0.009028803483491093,0.004060961094125609,0.00230887976821181,0.0014970209616275852,0.004522737047767972,0.001220288801683065,0.0003417475469194376,0.021205018521049983,0.0194062594814106,0.002550603642862144,0.002087160628015297,0.0025989484177922108,0.0029740371888013497,0.0021605113210126396,-0.0049678423893654835,0.00081352586778871,0.011167679421908359,0.003613072754146822,0.00032846115946789294,0.0019707669568073574,0.0022992281162752507,0.00032846115946789294,0.00032846115946789294,0.026605353916899326,0.029561504352110364,0.019707669568073575,0.014452291016587288,0.046148792905238954,0.0013138446378715717,0.00016423057973394647,-0.007554606667761537,0.0011496140581376253,0.01809516146751314,0.015712526569294196,0.0072501809305609245,0.018644106455306234,0.010632929389681228,283.6208037825059,0.4661453210593174,-0.8065581325306582
1900Q3,1900-07-01,1900,3,3710,0.00653408522218127,0.003305312167717215,0.0017827725763889788,0.0011834124433757753,0.0035337519826574145,0.0008548830187968286,0.0002555228857836251,0.017042316709430443,0.015883632287259534,0.002269090326751362,0.001132778876146762,0.0020783313060281027,0.0020783313060281027,0.0015025216694004868,-0.0032287730544640555,0.000575809636627616,0.008521397134563161,0.004026594250397977,0.0009364172675344133,0.001685551081561944,0.000842775540780972,0.0003745669070137653,9.364172675344133e-05,0.024159565502387865,0.030527202921621876,0.02097574679277086,0.0070231295065081,0.03661391516059556,0.0020601179885757093,0.0009364172675344133,-0.004494802884165184,0.001123700721041296,0.016131543812749206,0.01325247097812378,0.005875979253138722,0.01807743989062337,0.011211271301417833,228.9053908355795,0.3917907679699119,-0.7048392977283263
1900Q4,1900-10-01,1900,4,2331,0.005472767946427271,0.002504599270739102,0.0014715017397097525,0.0009258143258839938,0.0031390271135122534,0.0006609175230559554,0.0002158908943048512,0.015152097121763788,0.013826288623609457,0.0019416935647295205,0.0017085843782408468,0.001634413273448996,0.0018012982592306602,0.0008807818694032272,-0.002968168675688169,0.0009205163898274329,0.006150615061506151,0.0042004200420042,0.0,0.0019501950195019502,0.00105010501050105,0.0,0.0,0.02145214521452145,0.0351035103510351,0.028052805280528052,0.011851185118511852,0.035703570357035704,0.0033003300330033004,0.00045004500450045,-0.0019501950195019502,0.0028502850285028504,0.014819379773315268,0.01298626864790738,0.006008156985020046,0.017523534677640708,0.010103389994019022,323.9000429000429,0.34452743072617487,-0.5684726956922725
1901Q1,1901-01-01,1901,1,1701,0.009754532718819158,0.0010070452561265304,0.0005522506243274522,0.00047428583030475303,0.0023763019511501837,0.00027206464580837713,7.715266075162934e-05,0.016649544190201614,0.007653543946561631,0.0008519278013522019,0.0006805676811564778,0.0006830040809696871,0.0008381215357440156,0.0005360079589060565,-0.008747487462692627,0.0003021135768379591,0.0043728880938183265,0.001590141125024846,0.00019876764062810574,0.002385211687537269,0.0003975352812562115,0.00019876764062810574,0.0,0.027827469687934803,0.04949314251639833,0.04750546611011727,0.012522361359570662,0.02802623732856291,0.000795070562512423,0.0003975352812562115,-0.0027827469687934803,0.0003975352812562115,0.011558789185953872,0.009952499395915092,0.003758874013869152,0.013513534483115833,0.005227967459815746,723.8830099941212,0.2137957078756624,-1.8652957373393295
1901Q2,1901-04-01,1901,2,1753,0.008233322342671634,0.0017993513628554868,0.00113829933886736,0.0007803638527079351,0.002634534163894145,0.0005860790505358149,0.00014833362489489676,0.01757834071105013,0.011081489172854625,0.0011173391527409071,0.0010560709163712758,0.0009496576637292847,0.0014293234616231084,0.0008263150299851586,-0.006433970979816147,0.0006030084316379499,0.008214355564247995,0.003911597887737141,0.000586739683160571,0.001173479366321142,0.00019557989438685703,0.00019557989438685703,0.00019557989438685703,0.023274007432035986,0.027967924897320556,0.03989829845491884,0.007627615881087424,0.01897124975552513,0.001173479366321142,0.0009778994719342852,-0.004302757676510855,0.00019557989438685703,0.014502608789671245,0.013331944664973146,0.004738828627905691,0.016617079451321508,0.007478683437675167,707.6138049058757,0.2828593240984903,-1.3710186469575898
1901Q3,1901-07-01,1901,3,2355,0.007713795676617557,0.0021284825185480375,0.0012244244150384634,0.0008673331848708962,0.00292861691612263,0.0006602671542485652,0.0001992522181460167,0.01781158553975863,0.012745109530116388,0.001222080271295569,0.0008102923537938013,0.001261149333677141,0.0015971432701586594,0.0011798856839234716,-0.00558531315806952,0.0004172575862351879,0.007312341441575884,0.005073869571705716,0.0008953887479480674,0.0014923145799134458,0.0013430831219221012,0.0005969258319653783,0.0,0.027607819728398746,0.02417549619459782,0.04014326219967169,0.003880017907774959,0.018057006416952695,0.0011938516639307566,0.0004476943739740337,-0.0022384718698701686,0.0007461572899567229,0.016625341875374833,0.014318390213429297,0.00600187299251984,0.019921574547729762,0.010348226721272868,543.4331210191083,0.33936794070879095,-1.2598339670453498
1901Q4,1901-10-01,1901,4,2016,0.007716423329838221,0.0020917833151028868,0.0012900966024939854,0.0010228676982910183,0.0027726886020833287,0.0006439159753817259,0.00019626981664624705,0.01659310322961983,0.013202164705100826,0.0013670947613321285,0.0009360560486205629,0.0013595459222303498,0.001859279070768102,0.0011995105332726407,-0.005624640014735334,0.0006597685374954613,0.005134348793428034,0.005990073592332706,0.00017114495978093444,0.0010268697586856067,0.0018825945575902789,0.00017114495978093444,0.0,0.01882594557590279,0.03320212219750129,0.03371555707684409,0.0049632038336470995,0.011809002224884476,0.00154030463802841,0.00017114495978093444,0.0008557247989046722,0.0013691596782474755,0.014625870326794547,0.012786505048376393,0.005083684812358028,0.018703232239878177,0.00865366895322516,657.0967261904761,0.341416630243518,-1.0414535654628065
1902Q1,1902-01-01,1902,1,2450,0.005713367922515544,0.0018003101999199329,0.0012393613493456796,0.0012449548564026879,0.0026073733610025482,0.0006176829935810511,0.00019337552968514148,0.016082930933772076,0.012731621134187436,0.001271324246814298,0.0008757833906401449,0.001453512762385423,0.0016836456241594757,0.0008174511027599163,-0.003913057722595611,0.0008661945213995594,0.010222916370864688,0.0035496237398835724,0.0005679397983813716,0.0032656538406928867,0.0004259548487860287,0.0004259548487860287,0.0001419849495953429,0.03208859860854749,0.043021439727388894,0.028680959818259265,0.003123668891097544,0.009229021723697288,0.001561834445548772,0.0008519096975720574,-0.006673292630981116,0.0007099247479767144,0.01622219937033799,0.0144503566859708,0.00559942900575951,0.02303681497115461,0.00926624690684058,510.79632653061225,0.3413733338340854,-0.8234656418353636
1902Q2,1902-04-01,1902,2,4139,0.006789171033566276,0.0026212583680783677,0.0019888751259359906,0.0013438143895525515,0.002888231482096022,0.0010902645047313154,0.0002878536927676387,0.017457655304897464,0.015057134483604644,0.001653294396025531,0.001172295349820539,0.0016741749747755151,0.0020328734883020287,0.0010514862870527734,-0.004167912665487908,0.0009813872012492551,0.006018479274391794,0.00712045435280156,0.0005933711960667967,0.0021191828430957025,0.0007629058235144528,0.0002543019411714843,0.0,0.02932949054844452,0.032720183097397645,0.024328219038738663,0.005425108078324998,0.012799864372298042,0.002797321352886327,0.0008476731372382809,0.0011019750784097653,0.001949648215648046,0.01553894162644927,0.013282555894232707,0.00739064173848014,0.020146596936349494,0.01082799104680016,323.9813964725779,0.3993798468111255,-0.7266439022466141
1902Q3,1902-07-01,1902,3,3287,0.008502659595870182,0.004686682707396171,0.0033073945617098665,0.0017929136456179035,0.004349505500253486,0.0016190943693820564,0.00047156525867688125,0.020031062148438444,0.022232772980759173,0.002999991952811285,0.0018186646495046955,0.0032921049031520836,0.003719410623898541,0.001933739448123798,-0.003815976888474012,0.001785671175774743,0.00597421653914684,0.005345351640289278,0.0010481081647626036,0.0009432973482863432,0.0002096216329525207,0.0006288648988575621,0.0002096216329525207,0.038046326380882504,0.031443244942878104,0.025573839220207527,0.007651189602767006,0.019285190231631905,0.0019914055130489466,0.0006288648988575621,-0.0006288648988575621,0.0013625406141913846,0.015350898484482518,0.013203677127123382,0.006461097238871746,0.017884234122865886,0.011545998387353493,378.05597809552785,0.5418051453724642,-0.038251604944413785
1902Q4,1902-10-01,1902,4,4256,0.00952563032700272,0.0052653199366508125,0.0035446609190799383,0.0023734415677804446,0.004435132102347347,0.0017275485431667533,0.0006674227921008144,0.02207145643709906,0.02501586743863801,0.0033285020535092228,0.0019902117065096546,0.0032682187045452783,0.004090655822553379,0.0023183253630134097,-0.004260310390351909,0.0017723304595399691,0.007551602617888908,0.00771941600939755,0.0005873468702802483,0.0023493874811209934,0.0005873468702802483,0.0001678133915086424,0.0,0.03515690552106058,0.03633159926162108,0.019046819936230912,0.007551602617888908,0.020557140459808693,0.0042792414834703805,0.0014264138278234602,0.0001678133915086424,0.0028528276556469205,0.017868033387300607,0.014828070584324872,0.0067096935535366515,0.020255027268560863,0.011471175601392228,272.8343515037594,0.5931804030889188,-0.02088975037539581
1903Q1,1903-01-01,1903,1,6858,0.00956030235236127,0.005743114190497517,0.0038823562852228505,0.0026663468344584077,0.004872357137954678,0.0019820815391878802,0.0007778578128607212,0.021309976338424998,0.026797964258750726,0.0036092047894411,0.0020930060044799617,0.0037270620338139366,0.004224835571812152,0.0022628590919584616,-0.003817188161863753,0.0019619764798536905,0.007329477463103311,0.010021938571998405,0.0013960909453530116,0.0028919026725169527,0.0010470682090147586,0.0007479058635819705,0.00039888312724371757,0.029966094934184284,0.038691663342640605,0.013861188671719185,0.005634224172317511,0.024331870761866773,0.004337854008775429,0.000997207818109294,0.0026924611088950936,0.003340646190666135,0.018539710586280175,0.015670651224155566,0.007120526404387996,0.022899252216226507,0.013361064564990576,210.3270632837562,0.6188683902017647,0.2846441461735544
1903Q2,1903-04-01,1903,2,6399,0.008694319522359766,0.004904801644335234,0.0034765687380551307,0.0023484064063135877,0.004136595216385657,0.0019729962240046155,0.0005943457946332442,0.019865187177069973,0.02317497849279573,0.002649120909123691,0.0015647456998470026,0.003135930682409425,0.0031520288891979747,0.0021681064902818346,-0.003789517878024531,0.0009839223989161398,0.0063802637175669925,0.008772862611654615,0.001329221607826457,0.002339430029774564,0.0007975329646958741,0.0006380263717566993,0.0002658443215652914,0.02924287537218205,0.03142279880901744,0.017758400680561462,0.005263717566992769,0.02456401531263292,0.0027116120799659717,0.0007443641003828158,0.002392598894087622,0.001967247979583156,0.017270406043645707,0.01523628132222621,0.007368944191772678,0.020821702388459703,0.010429102533093114,242.68917018284108,0.5502360641043473,-0.24810998968406187
1903Q3,1903-07-01,1903,3,5533,0.006208443733439984,0.0031001599760035995,0.0018928410738389243,0.0011417037444383343,0.003061415787631855,0.000979853022046693,0.0003218267259911013,0.015310203469479578,0.015695145728140777,0.001957831325301205,0.0008929910513422987,0.0019178373244013397,0.0020578163275508676,0.0013198020296955456,-0.0031082837574363843,0.0007380142978553217,0.008801012719271807,0.008620169992163482,0.0012658990897582735,0.0016878654530110314,0.00048224727228886614,0.00048224727228886614,0.0003014045451805413,0.028934836337331966,0.03520405087708723,0.021580565434926757,0.005365000904213635,0.02091747543552957,0.003857978178310929,0.0012658990897582735,-0.0001808427271083248,0.0025920790885526554,0.01484088370299996,0.012354549740213924,0.005814423983692941,0.018344035867546873,0.00840063981964469,289.2174227363094,0.4051561015847623,-0.5138282004396045
1903Q4,1903-10-01,1903,4,6593,0.009283729800367605,0.005466251606939855,0.003739123274863742,0.0028440179339800048,0.004552553573515506,0.001966841260903286,0.0007483558747596231,0.021144539591810715,0.026221008680131316,0.003516010964376401,0.0019661772361696927,0.0035930378334732213,0.003072442442336092,0.00215210416157581,-0.0038174781934277487,0.0009203382807602817,0.009410191803362987,0.008690286419499151,0.0011827017020620146,0.0026225124697896846,0.0005656399444644418,0.0004113745050650486,0.0006170617575975729,0.029876073430349155,0.03563531650125983,0.020414459813853036,0.005656399444644418,0.020825834318918084,0.0029824651617216024,0.001388388954594539,-0.000719905383863835,0.0015940762071270634,0.018032127415073994,0.0146229923314303,0.006312188809160203,0.02033023122480292,0.010202471111537556,228.4192325193387,0.6097234469789531,-0.13573487982813778
1904Q1,1904-01-01,1904,1,8119,0.010307146918282486,0.005877491755292446,0.0042615231336008,0.003312141568356958,0.004333409973021641,0.0022106688387186083,0.0008370955102807092,0.02223917404992036,0.026672987955686813,0.0034339333210947473,0.001848858217170736,0.0038201022931901776,0.0033982869544397845,0.0023532543053384593,-0.004429655162990041,0.0010450326491013254,0.010566923851056693,0.006205971150620597,0.0018030862126803087,0.0034803757128480375,0.0004193223750419322,0.0007128480375712848,0.00046125461254612545,0.031700771553170075,0.03195236497819524,0.02247567930224757,0.0042351559879235156,0.02406910432740691,0.0030610533378061053,0.0016353572626635357,-0.004360952700436095,0.0014256960751425696,0.020392596000516534,0.017631210524780564,0.007628996749666898,0.022849826330114398,0.012350190502964204,207.31629511023525,0.6067605710785581,-0.1889338913061701
1904Q2,1904-04-01,1904,2,8358,0.011021515002555497,0.006127983176042789,0.004913715366510299,0.003203323122198313,0.0047235994413717,0.002929217627392319,0.0008314316315136678,0.02345652888687777,0.02801735784439793,0.0035848571363463234,0.0021257825191011164,0.004261331267233325,0.00340906501378666,0.00304445912995921,-0.004893531826512708,0.00036460588382745024,0.012370804900434974,0.006065684983439084,0.0020351969352328503,0.002873219202681671,0.0008380222674488208,0.001516421245859771,0.0003591524003352089,0.03419928967636378,0.03631429825611557,0.016241669659603337,0.003711241470130492,0.02366415259986432,0.0023544435133085917,0.0023544435133085917,-0.0063051199169958895,0.0,0.02098611522519528,0.017766029377340176,0.009086810953053052,0.024049081985433707,0.012133417880473259,183.7646566164154,0.6534323411929774,-0.4699223186876004
1904Q3,1904-07-01,1904,3,8435,0.009457880952673707,0.005384918048912442,0.0032706660600769714,0.0020626098931500448,0.0038836085529147047,0.0016648427990015862,0.0006283121641726813,0.02090090865496932,0.023331775873304726,0.0033044793370138573,0.0018621893789423207,0.0033616545143798646,0.0034514133949759616,0.0025882526528052726,-0.004072962903761266,0.0008631607421706895,0.01127373417721519,0.0063686708860759495,0.0015031645569620253,0.0015427215189873418,0.0011471518987341773,0.0007120253164556962,0.00031645569620253165,0.03314873417721519,0.029311708860759494,0.01965981012658228,0.004509493670886076,0.02575158227848101,0.003401898734177215,0.002689873417721519,-0.004905063291139241,0.0007120253164556962,0.020543800871002965,0.018218978343507428,0.007058447109077231,0.024449618662957542,0.013141680045301527,192.8369887374037,0.5629572477222147,-0.3847712933243042
1904Q4,1904-10-01,1904,4,7351,0.008478023590852379,0.005253042254089478,0.0033466910259606114,0.0022024897767115342,0.004294334381425149,0.001681806614368382,0.0006039924683180567,0.019867967767108835,0.02368001936941364,0.0034117764212535056,0.0020384745805734415,0.0038927574924679928,0.003517865615580923,0.0020072335908328525,-0.0032249813367628997,0.0015106320247480708,0.011276127612761276,0.006875687568756876,0.0014668133480014668,0.0029794646131279796,0.0005958929226255959,0.0005958929226255959,0.0002291895856252292,0.03181151448478181,0.030665566556655664,0.020077007700770078,0.005454712137880455,0.023056472313898055,0.005042170883755043,0.0020627062706270625,-0.0044004400440044,0.0029794646131279796,0.018925207306186298,0.01600087850208239,0.006551507802862683,0.0242028142229629,0.013103110743228985,209.01142701673243,0.5568179229558142,0.032983204208968914
1905Q1,1905-01-01,1905,1,6629,0.009290266902537137,0.005920654626568687,0.003972429532741364,0.003125188156397031,0.004983098179649577,0.0020621941114573987,0.0007203702057750036,0.021921474630066603,0.027465816462573723,0.003613319609265466,0.0023926325839571765,0.004343008036607709,0.0036018510288750184,0.0020170365761700104,-0.00336961227596845,0.001584814452705008,0.011549616739175471,0.004816656308266004,0.0009322560596643878,0.005127408328154133,0.0005179200331468821,0.0004143360265175057,0.00015537600994406463,0.030919825978868862,0.03299150611145639,0.019629169256266833,0.005748912367930391,0.023409985498239073,0.0027967681789931634,0.001243008079552517,-0.0067329604309094675,0.0015537600994406464,0.01937903623846175,0.01638645658908958,0.007565820091848921,0.02301802134170224,0.012320153252536027,210.4564791069543,0.6128766353478851,0.18459605853269342
1905Q2,1905-04-01,1905,2,6703,0.009950686861570976,0.005945414673499301,0.00483544296606029,0.0032347544001181698,0.004743833017077799,0.0028335170266677273,0.0007754888704564306,0.022715716574441252,0.02883156836232658,0.004078418116329012,0.002464236612164665,0.0044434376029724235,0.003680731516094945,0.002303031508141213,-0.004005272188071674,0.001377700007953732,0.012268364047020173,0.006416508392792977,0.002053282685693753,0.003747240901391099,0.0007186489399928135,0.0017452902828396899,5.1332067142343825e-05,0.030542579949694573,0.035778450798213644,0.02150813613264206,0.004722550177095631,0.021302807864072685,0.002874595759971254,0.0015399620142703147,-0.005851855654227195,0.0013346337457009394,0.01993007049169835,0.01668362319502793,0.009739257345068445,0.023571102217950977,0.011741932438608653,210.07668208264957,0.6477931234305583,0.10092815254837312
1905Q3,1905-07-01,1905,3,8047,0.007992662896928557,0.004776867457428978,0.0030769330134115267,0.0018614023813291396,0.0038526249842568763,0.001594011477140984,0.0005354276801255574,0.01958153969366303,0.022283221220762192,0.0033197807911283057,0.0016502023193254516,0.0032519642574573965,0.003147333034079423,0.001997681320420204,-0.0032157954394995787,0.0011496517136592188,0.010930383864671439,0.004771199306007373,0.001040988939492518,0.001995228800693993,0.0003903708523096942,0.0006506180871828237,0.0001734981565820863,0.03253090435914118,0.03166341357623075,0.026284970722186076,0.004554326610279766,0.022728258512253307,0.004033832140533507,0.001431359791802212,-0.0061591845586640645,0.002602472348731295,0.018988222998098433,0.016387720399071434,0.006484262584715454,0.02686033211259046,0.014156844668064513,192.40648688952405,0.5441056129484368,-0.18772124682671587
1905Q4,1905-10-01,1905,4,7659,0.008655995595889497,0.004908748164953957,0.003551926242270564,0.0025030306063436986,0.004308882734997108,0.0018663252368877619,0.0006721551225588327,0.02110859023977935,0.02406482161128164,0.0034024812046799234,0.002074853196316562,0.0035123059299790914,0.0035428900306953156,0.0017544152319943058,-0.00374724743093554,0.0017884747987010098,0.0157917760279965,0.006605424321959755,0.002362204724409449,0.005161854768153981,0.0017497812773403325,0.0011811023622047244,0.00021872265966754156,0.03534558180227471,0.03600174978127734,0.016972878390201226,0.00621172353455818,0.02130358705161855,0.007042869641294838,0.001268591426071741,-0.009186351706036745,0.005774278215223097,0.019289421534792687,0.017057885002455732,0.007527312561274233,0.023080214634104666,0.013240763938251299,187.83862122992556,0.5874392488544864,0.02740823542524119
1906Q1,1906-01-01,1906,1,9045,0.01054770304553578,0.00666360373732817,0.005104420250536533,0.003243794622965179,0.004888213473701425,0.00264160331184432,0.0008980896883919829,0.022553415893831384,0.03051287435129305,0.004994237950803257,0.0029700712997284247,0.004611025298271801,0.004886827532824278,0.002513403780708119,-0.003884099308207611,0.0023734237521161584,0.013600546900298636,0.007627819954664844,0.002302738099521462,0.005361062137948404,0.0022307775339114166,0.001439211312200914,0.0006116648076853885,0.03166264886842011,0.04234879286151189,0.01403231029395891,0.005504983269168495,0.020400820350447955,0.0038858705429424675,0.001439211312200914,-0.005972726945633793,0.002446659230741554,0.021871406289434785,0.018661961762228924,0.009379115926686417,0.026415694516556506,0.014826177818168215,159.54262023217248,0.6883649570392977,0.6260676154293187
1906Q2,1906-04-01,1906,2,11036,0.01275604007690395,0.007291166901884427,0.0060082670579569555,0.003761733163836466,0.005610789899761047,0.003447136705293742,0.0011153874439242028,0.024752729518253015,0.0326625833330415,0.005010196660724938,0.002966778847444648,0.005146774715083003,0.005246581754806205,0.0032101679443135083,-0.0054648731750195235,0.0020364138104926968,0.015894836326144857,0.007045278804020964,0.002978491852106424,0.004897327949136524,0.0020047541312254776,0.0021193115101526476,0.000744622963026606,0.03634332846464473,0.040352836727095685,0.016696737978635048,0.0046109345018185985,0.018243262594151845,0.0053841968095769965,0.0026348197153249135,-0.008849557522123894,0.0027493770942520835,0.022929507994102538,0.01955381461826004,0.01053405823208192,0.026898995298649787,0.017086278924914846,155.2470097861544,0.7295602770316569,0.369184514637944
1906Q3,1906-07-01,1906,3,10459,0.01121694804273449,0.006932677884166806,0.005390671885084391,0.0028129325332348393,0.004714905561104127,0.0029145183204998463,0.0009634086890078105,0.022608358633163232,0.029297561885895974,0.0050848103299495325,0.0028272870466527207,0.0046182886438683865,0.005271419004381992,0.003025489751153468,-0.004284270158567685,0.0022459292532285235,0.012848994296007206,0.007054938456919844,0.001711197838486941,0.004022815971179826,0.001591113779645752,0.0010807565295706996,0.0003602521765235665,0.03185229660762534,0.03830681477033924,0.01999399579705794,0.005433803662563795,0.019603722605824075,0.005583908736115281,0.002191534073851696,-0.0057940558390873614,0.0033923746622635843,0.022487991806056085,0.018927911419916715,0.008785190356572166,0.025849473407907067,0.014602437911069934,173.17879338368869,0.6830330203497311,0.4468493320180759
1906Q4,1906-10-01,1906,4,8133,0.011168738116745222,0.007412134691616144,0.0053488868039448835,0.0028771168928619245,0.004939306433322274,0.0028363705252418456,0.0010493512596183917,0.02313811589854472,0.030724348706355747,0.0049356022180840845,0.0031554622093315533,0.004161950406908044,0.005849485034705851,0.002518337188363049,-0.0037566034251290785,0.003331147846342802,0.01301026497970876,0.007320760722527254,0.0015516829792313201,0.0034614466459775605,0.0011538155486591868,0.0008753083472586934,0.00035808068751492004,0.0316304607304846,0.03767804567518103,0.016869579056258455,0.006365878889154134,0.017585740431288296,0.006564812604440201,0.0016710432084029601,-0.005689504257181507,0.00489376939603724,0.02020897041188671,0.017158202469936594,0.007947817933816357,0.023712169222853168,0.013564487039434409,232.35448174105497,0.6996394740226031,0.9639908707111448
1907Q1,1907-01-01,1907,1,7647,0.012096831054436867,0.00727468199706576,0.005382260651004224,0.003417075563171619,0.004886451898936239,0.0028795263700876718,0.0011760651286254252,0.02448697331601293,0.03166463699071726,0.005394105911292538,0.003370258582032094,0.00462529211257961,0.005329239009713677,0.0030634099345633976,-0.004822149057371108,0.0022658290751502797,0.013071333361998538,0.006922646945005805,0.00159091886313798,0.0046007653609665905,0.0010749451777959324,0.000988949563572258,0.0003869802640065357,0.03353828954723309,0.037924065872640494,0.015350217138925915,0.004729758782302103,0.018661048286537387,0.004213785096960055,0.0015049232489143054,-0.006148686416992733,0.00270886184804575,0.02026986186275199,0.016542861414322485,0.007995624149400148,0.023601623192388035,0.012561973891512288,231.8374525957892,0.7189593543994707,0.4491511722928987
1907Q2,1907-04-01,1907,2,7846,0.009994959243640656,0.005849736282380712,0.004711754797939437,0.002836101651155071,0.004381277893209732,0.0026167672768850586,0.0009048772391408584,0.021506571425058706,0.02582883558528099,0.004054735237345858,0.002536606956243776,0.0034626307830384695,0.004248496993987976,0.002200720459323555,-0.004145222961259943,0.0020477765346644207,0.013976268216930796,0.00899896472087282,0.0029863820976347853,0.004977303496057976,0.0020705582543601177,0.0019909213984231904,0.0007565501314008123,0.036075495739428205,0.03949988054471609,0.01652464760691248,0.005096758779963367,0.01421517878474158,0.006012582623238035,0.0010352791271800589,-0.004977303496057976,0.004977303496057976,0.017012193545635605,0.014801595274323303,0.008417607291879783,0.022564411734203562,0.010609984877053991,259.16709151159824,0.6104729704808389,0.19890279571742017
1907Q3,1907-07-01,1907,3,8168,0.011244973364894465,0.0058483462328499155,0.004774493280138329,0.003225879232106331,0.0043923802044304955,0.002582623551894652,0.0009178394481826347,0.02280245378039923,0.02650645439869275,0.004133157766136237,0.0028255245774074203,0.003594071102794658,0.004134597890793427,0.002586943925866223,-0.00539662713204455,0.001547653964927204,0.017857142857142856,0.006958762886597939,0.0027982326951399117,0.004491899852724595,0.0016200294550810016,0.0015463917525773195,0.0004418262150220913,0.038402061855670105,0.03560382916053019,0.01837260677466863,0.0054860088365243,0.020029455081001474,0.005596465390279823,0.0027245949926362296,-0.010898379970544918,0.0028718703976435937,0.018112347271477102,0.016018025110077046,0.006235690599857996,0.021079590747693947,0.010629137014855126,255.03832027424093,0.6376243127605126,-0.13673274899152266
1907Q4,1907-10-01,1907,4,9295,0.013211810968432705,0.006838412475136012,0.005052797455474428,0.003580414307155753,0.005063915253377031,0.002547425867248659,0.0012311752720839345,0.02406036480878596,0.030796783572728526,0.0050136434715565645,0.0033899615952589844,0.004336424564532775,0.004637571872938072,0.0031927415281171527,-0.006373398493296693,0.0014448303448209188,0.019863613613613613,0.009102852852852852,0.003096846846846847,0.004441941941941942,0.002565065065065065,0.0016266266266266266,0.0005317817817817818,0.03628628628628629,0.04441941941941942,0.017173423423423425,0.006694194194194194,0.01883133133133133,0.005880880880880881,0.002627627627627628,-0.010760760760760761,0.0032532532532532532,0.022501825518855257,0.019701640563345287,0.007526251823832782,0.024242187850329257,0.012879444159491363,222.56643356643357,0.7036531633760402,-0.0163596278290508
1908Q1,1908-01-01,1908,1,8571,0.012178729530543863,0.006580724131238646,0.004847360265508627,0.0036972610181048213,0.004371404014462498,0.002456283392669555,0.0012086310841020343,0.023271026022022346,0.029146287489898125,0.005359770555200143,0.0032125763352703605,0.004259474712706235,0.004491034873679055,0.0031792029196090893,-0.005598005399305217,0.001311831954069965,0.019011406844106463,0.007873750799152058,0.0032302567381136647,0.00612402839934049,0.0015478313536794644,0.0016824253844342004,0.0006729701537736802,0.0351290420269861,0.03792186816514687,0.020020862074766985,0.008176587368350214,0.016083986675190957,0.004542548537972341,0.0032975537534910325,-0.011137656044954406,0.0012449947844813082,0.02194683850067174,0.019504452615213226,0.007940168753248013,0.02263149540894151,0.011500471880194284,227.2381285730953,0.6781375374937489,-0.07083909151364683
1908Q2,1908-04-01,1908,2,8944,0.012677870851447354,0.007961509914113032,0.0061896935637790265,0.003802353939136889,0.005065210476089492,0.0034763015586894283,0.001166896405471318,0.02438553705863641,0.03232053864913583,0.005989290637260099,0.0035346198706393806,0.004941151521577775,0.0050752836390626655,0.003499098716997137,-0.004716360937334323,0.0015761849220655285,0.0181735721921669,0.008617059185590721,0.00301273121902232,0.005993067478700314,0.0023972269914801256,0.0021380673167255173,0.0004535294308205643,0.034565421620395866,0.03864718649778095,0.021315883248566522,0.0064789918688652045,0.017687647802002007,0.006543781787553857,0.002721176584923386,-0.009556513006576176,0.0038226052026304707,0.023925551603232575,0.02106784345898091,0.009093027939951844,0.024215710589611996,0.014170328331013666,210.88998211091234,0.7321906478634291,0.25999849586404744
1908Q3,1908-07-01,1908,3,9344,0.010535873444352367,0.0062635303468306066,0.0043870788740665335,0.002662391542095774,0.003955776659509588,0.00235416952419595,0.0008912883732500838,0.021735649813893355,0.026007992911415114,0.004998307647295965,0.002645181175614058,0.0036131339086463315,0.004423064185801031,0.0028991644627836257,-0.004272343097521759,0.0015238997230174048,0.01736760371438532,0.008873958102240674,0.0020600259880201566,0.004056666561024308,0.001552942667892118,0.0012043228853040916,0.0006021614426520458,0.03777770734953887,0.03663676987925078,0.019491015117421483,0.006275156086584477,0.017050676639305297,0.007067473774284537,0.003486197825880265,-0.008493645612144645,0.0035812759484042723,0.02315712986188271,0.02013711203979182,0.007765546858654619,0.02449172619081443,0.013318201386988436,205.2064426369863,0.6201781637999237,-0.010459917450943004
1908Q4,1908-10-01,1908,4,8847,0.010922077069520121,0.006077332107923587,0.004501805291144226,0.003241383837720738,0.004014442329153811,0.002276636250246176,0.0009048775684369461,0.022160835029212893,0.027218276111074642,0.005079498457296659,0.002998227532331123,0.0041058228845270136,0.004337950502199173,0.002817041948401497,-0.004844744961596534,0.0015209085537976762,0.01567013047375585,0.00829985724245543,0.0023903588858271638,0.004382324624016467,0.0014939743036419774,0.0014939743036419774,0.00046479200557750407,0.0354569901397696,0.041001294777729826,0.01985325852395339,0.007835065236877926,0.019488064805285348,0.006706284651903987,0.0028883503203744896,-0.007370273231300422,0.0038179343315294977,0.021305920856751502,0.01783385522773178,0.007390864059670315,0.024389023713774664,0.01169290630054352,215.22832598621002,0.6439388170419484,0.003754630461023497
1909Q1,1909-01-01,1909,1,8673,0.011909032485979819,0.006732854045418236,0.0052875645589027815,0.003997342021450564,0.00439429157063709,0.002666714715580461,0.0011422537233813112,0.02407032176937941,0.029860215881585637,0.0051663502536491235,0.0028851188691906542,0.004559732716996812,0.00461924784885559,0.0029200635337682853,-0.005176178440561583,0.0016991843150873044,0.016842600685806494,0.006925300880790694,0.0022187857190882807,0.006185705641094601,0.001344718617629261,0.001210246755866335,0.0008404491360182882,0.03627378471054932,0.039467491427418816,0.017918375579909905,0.004773751092583877,0.018758824715928192,0.005042694816109729,0.002689437235258522,-0.0099172998050158,0.002353257580851207,0.021468154407134222,0.01857617855374909,0.007170383949014686,0.023390344136769457,0.012912637646210432,211.16879972327914,0.6992165296999618,0.10081504195950042
1909Q2,1909-04-01,1909,2,8637,0.011434596452514127,0.008777290005850138,0.006231985301203941,0.00358822325124908,0.004779088284982442,0.003415792662375177,0.001137208385231815,0.023634451319094005,0.032193989100928154,0.005531844179008998,0.0032282548617872456,0.004443603997264032,0.006151760797619104,0.0027401356419236586,-0.002657306446663989,0.003411625155695445,0.01427627230667548,0.01047587574355585,0.0039656311962987445,0.005717118307997356,0.0016853932584269663,0.0029411764705882353,0.0004296100462656973,0.034203569068076665,0.038400528750826175,0.01612690019828156,0.004659616655651024,0.018704560475875744,0.008327825512227363,0.0019828155981493722,-0.00380039656311963,0.006345009914077991,0.02117940693660198,0.017481715055152627,0.010369671762195703,0.023530415676094235,0.012923396454415235,222.25460229246266,0.7416463630950614,1.1587948353456452
1909Q3,1909-07-01,1909,3,8239,0.009815284942774598,0.007022971576036138,0.0046392172246112395,0.002427669511283482,0.004132959314331392,0.0024538212356936496,0.0008787966259341223,0.02153125747852968,0.02668018661475796,0.004854352165042052,0.0027271807700942697,0.0034989033545754417,0.005145475134891088,0.0023457603367157873,-0.0027923133667384606,0.0027997147981753006,0.014304021057735601,0.011567900806982301,0.0026668513836456205,0.003013195719184013,0.0015585495099227653,0.0012468396079382122,0.00020780660132303536,0.03626225193086967,0.03394174488276244,0.018667959685519344,0.005991757004814186,0.015343054064350778,0.009593738094413466,0.0020087971461226753,-0.002736120250753299,0.007584940948290791,0.01925215366907331,0.01600425936912064,0.007122789401565404,0.02193696756136021,0.012683551424580003,245.9807015414492,0.6358535207375773,0.6528689200452416
1909Q4,1909-10-01,1909,4,7972,0.012237165403768955,0.00861295030069692,0.006058489941456182,0.004080091216666002,0.0050970057746034525,0.0030942591210190488,0.0012484789020016588,0.023286462707002725,0.032890425513728345,0.006195252775534372,0.0032905966744873594,0.004401794701372653,0.006514884096088324,0.002747689666479999,-0.0036242151030720354,0.003767194429608325,0.014955239599789363,0.010180796910654731,0.002843601895734597,0.005581885202738284,0.0012287168685272951,0.0016850974196945762,0.000315955766192733,0.031068983675618746,0.03945936457784799,0.01734246094435668,0.008179743724767421,0.014990345796033,0.008636124275934702,0.0019659469896436722,-0.0047744426891346324,0.00667017728629103,0.021065672996800098,0.017928585569494903,0.007110655991052079,0.023256908147149837,0.01263734701707708,242.14111891620672,0.7514112732982482,1.295120088340833
1910Q1,1910-01-01,1910,1,7772,0.011186882507129072,0.006144924196599169,0.004621295042774433,0.004278643507983601,0.004117819320025732,0.0024765724765004656,0.000972746301043677,0.02248058107939434,0.02734191222359843,0.00457148755172778,0.00253958195312575,0.0041400226594079746,0.004730511468924926,0.00235535424527849,-0.005041958310529904,0.0023751572236464366,0.01994886752367578,0.007885924165496381,0.0025206150300673366,0.008930178963667134,0.0016924129487594973,0.001548377804184221,0.0003240790752943718,0.03568470706852472,0.03795326059558532,0.01620395376471859,0.007453818731770552,0.016059918620143315,0.008065968096215476,0.0021605271686291456,-0.012062943358179395,0.005905440927586331,0.02230271244511822,0.019605153668705484,0.0076913870428659175,0.023138614935959628,0.013118493026349607,214.41276376737005,0.6556118040153239,0.2908140008191514
1910Q2,1910-04-01,1910,2,9260,0.014262072419260322,0.008100533091774479,0.006613410093498848,0.005464532616231787,0.004961635698526975,0.003897451112212294,0.0012120026133806351,0.025253736745036524,0.03246999188842001,0.005152589235270538,0.002705438125267624,0.004549218142584953,0.005892205413401256,0.0030989181403755736,-0.006161539327485841,0.0027932872730256826,0.02049157224195276,0.009921641580697898,0.005524550425615875,0.009865268617171205,0.0018321213146175095,0.0040024804103951745,0.0008174079711370427,0.03531766164947291,0.03881278538812785,0.014910648852810193,0.006539263769096341,0.016432718868030893,0.0091324200913242,0.0026213428039912057,-0.010569930661254862,0.006511077287332995,0.022396822892028306,0.01939948100272148,0.012005202944315603,0.02417298656590076,0.01469000008942297,205.2900647948164,0.7606920829506372,0.5407493798978713
1910Q3,1910-07-01,1910,3,8674,0.013500450334397243,0.007953246133831292,0.0059166274531513826,0.004042895682112888,0.0047034925934364025,0.0032018456257944727,0.0011332883353809531,0.02508671332542675,0.03146911217052663,0.005605226008248678,0.002717975688330271,0.004342053993284375,0.0058495563727108,0.003363667915111434,-0.005547204200565952,0.0024858884575993663,0.020257234726688104,0.010143232972814966,0.0028938906752411574,0.0064600993861444024,0.0015200233849751534,0.0015492546039169834,0.0006723180356620871,0.038029815843320665,0.039199064600993865,0.019555685472084187,0.005670856474714996,0.014177141186787489,0.00938322128032739,0.003946214557147033,-0.010114001753873137,0.005437006723180357,0.022220400648963738,0.019547750216212037,0.008218563639158528,0.025372450245162763,0.014757653979186887,216.57874106525247,0.7365075343180362,0.4104397452234909
1910Q4,1910-10-01,1910,4,7977,0.012177426873747685,0.007557575077476729,0.005524281996870225,0.004152562859294667,0.004206158723033883,0.0028087582340832846,0.0012494535734204712,0.023589437818469693,0.03056415787778245,0.005539914123794163,0.0029628463423335303,0.004111249380995688,0.005399224981478721,0.0029606131813443965,-0.004619851796270956,0.0024386118001343245,0.02008410217786983,0.010073432498587836,0.0035774807004330636,0.006495951798154773,0.001035586518546413,0.0019770288081340614,0.00047072114479382413,0.03687315634218289,0.040544781271574716,0.01751082658633026,0.006903910123642754,0.015439653549237431,0.008033640871147931,0.0035774807004330636,-0.010010669679281993,0.004456160170714868,0.021156293602730025,0.018380454877051134,0.006777749034032355,0.023430572181917065,0.013646466350117148,224.54343738247462,0.7228546720240199,0.5139508544064967
1911Q1,1911-01-01,1911,1,8449,0.011142989836026842,0.007359616290190253,0.005110844645965454,0.0038022526553467524,0.003981334494128867,0.002554613218289434,0.0011079340266821152,0.023605359725249624,0.02954958220530654,0.005084413892651226,0.0024796361833776454,0.004292030696353258,0.00535411545708212,0.0025022911147898406,-0.00378337354583659,0.00285182434229228,0.017351762101358224,0.011248728534673607,0.003679770238736313,0.007359540477472626,0.0014060910668342009,0.0020343445222282056,0.0006282534553940047,0.03503260934601807,0.04179381319930593,0.017381678932567462,0.00658170286603243,0.017710764075869082,0.008616047388260635,0.0023035960031113504,-0.006103033566684617,0.006312451385149285,0.021037099018787912,0.01822691875315285,0.00763126156752486,0.023613977920446623,0.013477751531350253,219.42253521126761,0.6740834596885162,0.654666310736352
1911Q2,1911-04-01,1911,2,8199,0.011594537586024505,0.007190456112849923,0.005498103830652803,0.004504386294862352,0.003939880089084678,0.003125778164223486,0.0011167658926283536,0.023501069820903407,0.03028797397673045,0.0051231270844595755,0.0025041215367865017,0.004034353235092925,0.0048898600572787184,0.002875599277572017,-0.0044040814731745835,0.002014260779706702,0.018858292543767453,0.01090057355634966,0.005044893546740338,0.007867631602654575,0.002011951593045254,0.0037836701600552536,0.000660640821596949,0.03348247800366355,0.043812498123179486,0.016035554487853217,0.00633614606167983,0.019398816852346776,0.006996786883276779,0.0033032041079847454,-0.007957718987417796,0.003693582775292033,0.02071556849939474,0.01816274112126199,0.009479267075384625,0.022704066622974278,0.012415073520644858,209.14416392242956,0.6966618905242852,0.3585166475849961
1911Q3,1911-07-01,1911,3,8508,0.010184402072577089,0.005240575508501288,0.003915241557438281,0.003001667110614661,0.0032154131510235126,0.0021407154199323064,0.0007502811519935073,0.02134151137980664,0.023139907633500406,0.003608727565481425,0.001936191924414192,0.003086297522553191,0.003402034059400784,0.0024808645756083216,-0.004943826564075801,0.0009211694837924624,0.020839535576064303,0.01012206013694552,0.003036618041083656,0.006162548377493302,0.0014587674903245014,0.0017862459065197975,0.0006847275974992557,0.03754093480202441,0.03658827031854719,0.020035724918130396,0.0069365882703185475,0.017118189937481394,0.0069365882703185475,0.0036022625781482586,-0.010717475439118785,0.003334325692170289,0.019315155956161977,0.017345098648458932,0.0069603618934285655,0.02332831664290924,0.013085165732162,216.6559708509638,0.5734502462690737,-0.4828734984802853
1911Q4,1911-10-01,1911,4,8278,0.012399871242349226,0.007623564502719889,0.00551562112829681,0.004756622566399348,0.004559201887828002,0.002985625921971937,0.001209997707372765,0.024203427825084122,0.03157283491462858,0.005187937538644664,0.0026706791502921364,0.004299255011937872,0.0052406216493484535,0.0029890995996007586,-0.004776306739629335,0.0022515220497476953,0.019424854085603113,0.010639591439688716,0.003131079766536965,0.007143725680933852,0.0020671206225680934,0.001854328793774319,0.0005775778210116732,0.03678258754863813,0.04067363813229572,0.017631322957198443,0.0069309338521400775,0.01699294747081712,0.007994892996108949,0.0035870622568093384,-0.008785262645914397,0.004407830739299611,0.02016114129069474,0.017614034324674534,0.0072458076844393714,0.02475704028667392,0.013149381278350929,208.65861319159217,0.7225822624757132,0.4625278329763547
1912Q1,1912-01-01,1912,1,9339,0.011715156077943859,0.007129939476426886,0.004894934399305546,0.00413189262759114,0.004348373579678654,0.002542043655205858,0.001125808119643235,0.02509946603151298,0.031267029790243886,0.004822059623355294,0.002773528237636071,0.004050980192528728,0.0048274180627634,0.0023566416516853633,-0.004585216601516974,0.0024707764110780375,0.017315542891586072,0.010137264034631086,0.0030959752321981426,0.00660292062796241,0.0012603085016027837,0.001534288610646867,0.0006849502726102085,0.03619277240472342,0.04287788706539905,0.013835995506726212,0.006794706704293268,0.01501410997561577,0.007726239075043152,0.0026850050686320175,-0.007178278856954985,0.005041234006411135,0.019995552052523697,0.017424315278315006,0.007251306625289086,0.023648959617974023,0.01437886058162694,199.8302816147339,0.7013141572648381,0.4655317740632358
1912Q2,1912-04-01,1912,2,9009,0.00932226449029848,0.005588526055800164,0.0037558004792716585,0.0030713518045176764,0.003534129457977583,0.0020974701138086337,0.0007884554572568894,0.02001185046976397,0.024314999774126683,0.0034616398822937384,0.002051244877140675,0.003112849460162776,0.0038435233715847167,0.0018295738558465995,-0.0037337384344983144,0.0020139495157381173,0.018596811975089986,0.01136947951779695,0.004113580529052163,0.006341769982288751,0.0019710906701708277,0.0025138547677540993,0.00037136490887276465,0.033737073644518084,0.043221162086499454,0.015254527795235102,0.006598868765354511,0.01468319716620008,0.008198594526652574,0.0025138547677540993,-0.007227332457293035,0.005684739758898475,0.018908988371276553,0.016720624382338428,0.008080664221652094,0.02236308020448402,0.012211630389834617,211.3133533133533,0.5722794609717176,0.21797035761351546
1912Q3,1912-07-01,1912,3,8960,0.011564727874052487,0.008019243832651585,0.005018276347788753,0.003546464269225453,0.004911921628824972,0.0026206390889370506,0.0010365909244626635,0.023941574500745463,0.030573795961657407,0.004835953972422271,0.002771594173917902,0.00398707667636112,0.005709827078009471,0.002536339496025666,-0.0035454840414009025,0.0031734875819838045,0.017991384407466848,0.011797167553565899,0.00318157502041276,0.00571557282428133,0.0019708871807866657,0.0021116648365571418,0.00033786637384914265,0.03671481262494017,0.03817890024495312,0.01740011825323085,0.006644705352366473,0.015372920010135991,0.00937579187431371,0.0023369090857899033,-0.006194216853900949,0.007038882788523806,0.0201331899656273,0.017065500252195304,0.0076754946013333665,0.02425600252055695,0.013842775480103342,227.71674107142857,0.7056669911220766,0.8475671184887985
1912Q4,1912-10-01,1912,4,7823,0.012363064152915921,0.007569665595381853,0.005212007571834554,0.0037501294597178294,0.004696879898796391,0.002720416353297332,0.0011473791117355301,0.024198529120709595,0.03143146388982124,0.005124706987245981,0.0037544673769644666,0.004119394665337818,0.0055107816221966885,0.0026038348272939583,-0.0047933985575340675,0.0029069467949027305,0.015704252828716347,0.009916764208609702,0.0024710625568994666,0.005722460658082976,0.0014956431265444141,0.001398101183508909,0.0004877097151775263,0.03384705423332033,0.04230068929639745,0.01648458837300039,0.008973858759266484,0.012420340746521003,0.008518663025100794,0.0016256990505917545,-0.005787488620106646,0.006892963974509039,0.01903958074265471,0.016696333853566146,0.0073882817830073074,0.022338030113203254,0.013220831100448117,235.74114789722614,0.7108544992064323,0.694689798996415
1913Q1,1913-01-01,1913,1,7805,0.012529317368226146,0.006824471883591157,0.004969387649153733,0.0046786654930105545,0.0047201972296024375,0.00260496281179086,0.0013197862961420478,0.024480651402215257,0.03158892348585095,0.004958427885330875,0.003891292986789447,0.004505616590544377,0.0049878461987501255,0.002619960383337929,-0.005704845484634988,0.0023678858154121967,0.01663140764849471,0.008624898291293735,0.002506102522375915,0.007550854353132628,0.0011391375101708705,0.0011716842961757526,0.0005858421480878763,0.03316517493897478,0.04195280716029292,0.015069161920260374,0.008266883645240032,0.01643612693246542,0.0068673718470301055,0.0023433685923515053,-0.008006509357200976,0.004524003254678601,0.019534382285134898,0.01719357873106833,0.007311583145686187,0.020808879563501505,0.012124860477424218,222.11582319026266,0.7144456609141366,0.4105945332905871
1913Q2,1913-04-01,1913,2,8572,0.01241114333551799,0.007062894199872105,0.0058619527636777575,0.004572917523502737,0.004811195342703471,0.003396918308917375,0.0013267139153715728,0.02554985658222575,0.03190057075232639,0.00460263591520706,0.003110348103197115,0.004862671842619889,0.0045761016368996285,0.0029293843251404325,-0.0053482491356458845,0.0016467173117591962,0.017749585358046965,0.00884569499810865,0.003637210114353886,0.007070736462303954,0.0011930049175080746,0.0022405214304419938,0.0004364652137224663,0.03564465912066808,0.038758110978555006,0.014490645095585881,0.006226903715773853,0.017516803910728317,0.006517880524922164,0.003375330986120406,-0.008903890359938313,0.0031425495388017577,0.020166971284272674,0.017402283706624853,0.010784144618753249,0.021695827105167386,0.013120809755568617,219.82676154923004,0.7256445839557832,0.11130383369076592
1913Q3,1913-07-01,1913,3,9067,0.011857168550572209,0.006942951091440122,0.004936210476104832,0.0034025640925387955,0.004251494547686726,0.00255852097449592,0.0012369850212892405,0.02438976708906292,0.02998381313950806,0.004466048646598609,0.002742773583356467,0.00453544883349038,0.004766619878559448,0.0028292794501159277,-0.004914217459132087,0.0019373404284435199,0.0169549191947831,0.010518854550609583,0.0032038559682449675,0.005160192798412249,0.0017862205840657782,0.0020130422455344487,0.0005387014459880919,0.036546640204139495,0.04031755032605614,0.018060674794442868,0.006776297136376524,0.016529628579529346,0.007910405443719876,0.0032038559682449675,-0.006436064644173518,0.004706549475474908,0.019046982812891567,0.016406019079557937,0.00720861690822456,0.021494978226112422,0.012835758047512939,225.6649387890151,0.6881522151366695,0.19533909322624185
1913Q4,1913-10-01,1913,4,8431,0.008918179529034497,0.0046581562718617684,0.0035573443390397343,0.0031349096987787657,0.0032202239162121313,0.001854162325551815,0.000939490503493488,0.020096410236258334,0.02335799862152907,0.003587850634970453,0.0021323383799709103,0.003505638752716482,0.0034663425071108107,0.0023112397086493624,-0.004260023257172728,0.0011551027984614485,0.018724665739004175,0.008227962974166616,0.0029947365236856435,0.006170972230624962,0.0016334926492830783,0.0015427430576562405,0.00039324823038296326,0.03515034182346179,0.042107810514852684,0.01899691451388469,0.009014459434932542,0.01621392703732833,0.006170972230624962,0.004567729445217496,-0.010496702764837558,0.0016032427854074656,0.017015299719066908,0.015391491109377223,0.006245550307817799,0.02046706327541729,0.010510553148194641,229.39473372079232,0.5536091274837425,-0.22602501534534306
1914Q1,1914-01-01,1914,1,8402,0.01014558561388702,0.005663475615253112,0.004116528223078995,0.004000935800853614,0.0035203146768638723,0.0022006806126066533,0.0011371197133750387,0.02176898439612915,0.027852243018411275,0.004594383978115976,0.0027996595277745362,0.004003701169806375,0.004164645642857024,0.002465049884490539,-0.004482109998633908,0.0016995957583664854,0.0164739525052841,0.00907621534253388,0.0027974636329727715,0.007708566455302748,0.0012744000994653736,0.0013365659579758797,0.0006838244436155664,0.032015417132910604,0.047463632972771355,0.01846325997762029,0.007646400596792242,0.016163123212731566,0.006092254134029591,0.0031393758547805547,-0.0073977371627502175,0.0029528782792490366,0.018339071038720234,0.016121997174687645,0.0068449515821309955,0.02034880591337148,0.010254110435164169,215.19602475601047,0.6245834663014905,0.17988449419975083
1914Q2,1914-04-01,1914,2,9045,0.011294118908601545,0.006166862363481366,0.004964801381136971,0.003954147968238139,0.004064059877863741,0.002897921324518934,0.0011623854637478352,0.023498630122297106,0.02945103022309437,0.004300504522472964,0.002939205310085624,0.0041326878019226545,0.003940744076820383,0.0029064998150262985,-0.005127256545120179,0.0010342442617940842,0.01731575972151974,0.008985153669929488,0.003451251078515962,0.006218202374222725,0.001576864716908155,0.0021421558418374936,0.00047603463151944304,0.03719020558745649,0.04430097289577817,0.018446341971378417,0.007378536788551367,0.016363690458480854,0.005057867959894082,0.0035107554074558923,-0.008330606051590254,0.0015471125524381898,0.019717348571971785,0.016754988993350206,0.009155906180691061,0.021476585233541966,0.012439611075341776,206.2056384742952,0.6697570678719446,-0.1302884755262503
1914Q3,1914-07-01,1914,3,10250,0.013891935437862041,0.007182041110213814,0.005669204127743246,0.004034395893109903,0.00467474496696448,0.0030128866562466497,0.001659399212891968,0.028681441582163868,0.03242369665356132,0.00438211232568685,0.0027733705280076487,0.004100791534408188,0.004290142066999595,0.0026902530214934985,-0.006709894327648227,0.0015998890455060971,0.021192877599302704,0.009712364587224505,0.004059270327481011,0.005254638276677873,0.001693437928028888,0.0020669904121529076,0.0009961399576640518,0.04903498941601295,0.041190387249408544,0.016237081309924045,0.006798655211057153,0.012501556468683851,0.007072593699414768,0.003984559830656207,-0.011480513012078197,0.0030880338687585608,0.020294221965608577,0.01784443068427732,0.008048017864109093,0.02417393423076304,0.013031181233664908,198.36741463414634,0.7551289403354012,-0.22013313735055373
1914Q4,1914-10-01,1914,4,9570,0.011108451041417285,0.006044509616151943,0.004290858670497167,0.0034659045566993855,0.003683864017237252,0.0023616431250498763,0.0013207246029845981,0.02472268773441864,0.02743346500678318,0.004356196632351768,0.0024374551113239165,0.003536728912297502,0.0038988308993695635,0.002528229989625728,-0.005063941425265342,0.0013706009097438352,0.019619205298013247,0.010264900662251655,0.0027041942604856513,0.006870860927152318,0.0013520971302428257,0.0012969094922737306,0.0005518763796909492,0.04997240618101545,0.04243929359823399,0.01892935982339956,0.008140176600441501,0.01183774834437086,0.006567328918322296,0.0036147902869757176,-0.00935430463576159,0.0029525386313465785,0.018759322707619746,0.016625026075708805,0.006805628806821758,0.023288980657753703,0.01140281989359932,209.50470219435738,0.6677444936557337,-0.25365357486533174
1915Q1,1915-01-01,1915,1,7545,0.010857739549361345,0.006476298074417593,0.004454787191264397,0.0036788667186091594,0.0035212377668674237,0.0023869526978034243,0.0012784029677993004,0.024291586538616197,0.02887505042517997,0.005928135352442252,0.0033205021222003973,0.0042630589152683265,0.00504798675659452,0.002973075044892082,-0.0043814414749437525,0.002074911711702438,0.01522616974771237,0.009483940280813544,0.003297151113251584,0.0069277220020005185,0.001148445893379765,0.001630052235764828,0.0007779794761604861,0.04293705775571444,0.04019560626829178,0.018634460786129736,0.008224354462267996,0.015485496239765865,0.008224354462267996,0.0029637313377542324,-0.005742229466898826,0.005260623124513763,0.01771464962639337,0.01544645329268795,0.006753232519539904,0.02605052485760674,0.01301074835077891,206.00172299536118,0.6817870362089786,0.21042348268212188
1915Q2,1915-04-01,1915,2,7844,0.01090588165129349,0.007473406246470768,0.005703238708678643,0.004247767622049562,0.004111991330620345,0.0033480910741681166,0.001346976947216015,0.024765214875498216,0.03215042997940515,0.005634716094312496,0.0033899660051696506,0.00436324091662955,0.004977406571318717,0.002831633591815862,-0.003432475404822723,0.0021457729795028558,0.013312053393304074,0.01037397076426421,0.004171351880735609,0.007145707134825347,0.0011607240015959956,0.0030469005041894883,0.0007254525009974972,0.03500308317312924,0.040226341180311216,0.0190431281511843,0.009721063513366462,0.014871776270448693,0.00768979651057347,0.001994994377743117,-0.0029380826290398634,0.005694802132830353,0.018816648037336667,0.01589496909065982,0.010715368137201331,0.02248076938509074,0.013474291867974594,200.93345232024478,0.7135906991971434,0.5326843190617655
1915Q3,1915-07-01,1915,3,7542,0.010022292499524637,0.0072943484839117214,0.004789212809963149,0.0028714279215014717,0.0037690772351701217,0.002574544555252386,0.0010411332195572063,0.02443075968312221,0.02995255698819116,0.00536373170142749,0.00305924018855885,0.003924809767171115,0.005144422967223843,0.0025722114836119214,-0.0027279440156129154,0.0025722114836119214,0.010610470471208047,0.010942047673433297,0.0031684043768190695,0.004310503628928269,0.0012526249861842832,0.0015842021884095348,0.0005894705817337803,0.03739454002873669,0.03967873853295509,0.018126220388313744,0.00928416166230704,0.013815716759385477,0.008215746232914564,0.0022841985042183987,0.00033157720222525146,0.005931547728696165,0.017671731402375466,0.014577834049987647,0.007026711523393271,0.02264316991467331,0.012622532144076208,227.32405197560328,0.6872698279009705,0.6024787954000147
1915Q4,1915-10-01,1915,4,7177,0.009372300924524476,0.007040160854483902,0.004463628612768935,0.0031125287091372123,0.003911663338674784,0.0023758807144027526,0.0010712986389022348,0.023533160962794068,0.030308100767335876,0.0051808363211202045,0.0038102961311052915,0.003906108971136729,0.0057133613088311665,0.001955137373395135,-0.002332140070040575,0.003758223935436032,0.010269065435440216,0.011104919598790002,0.0029055882821206816,0.00425887597516319,0.0010348670593854482,0.0011144722177997134,0.0003980257920713262,0.03200127368253463,0.04250915459321764,0.019742079286737782,0.012816430504696705,0.014129915618532081,0.01198057634134692,0.0011940773762139786,0.0008358541633497851,0.01078649896513294,0.01753983832883208,0.014317053325978905,0.00736192988152028,0.021247427263886814,0.0159712275974451,200.68385119130556,0.680390583125276,1.1744308449913063
1916Q1,1916-01-01,1916,1,6823,0.009819512115931227,0.006314358495480215,0.0042589804562628685,0.00318188331071147,0.0034508046819140144,0.002339827678573319,0.0011018012085227606,0.02339968844647441,0.028924222757241644,0.005598646499681318,0.003694316159774586,0.0036858461953272617,0.005299374422542528,0.002075141289594437,-0.0035051536204510113,0.0032242331329480913,0.014866492255305012,0.011835056683692538,0.0029483825422532287,0.004900128732195507,0.0010796893816701965,0.0014949545284664257,0.000664424234873967,0.03205846933266891,0.04480710933931315,0.019060670237946928,0.012042689257090653,0.015447863460819734,0.013828329388314438,0.002159378763340393,-0.0030314355716124747,0.011668950624974046,0.017609217408413105,0.015253213753580701,0.006990649246728821,0.02161780018698618,0.014879949846544841,207.64634325076946,0.6559034593452294,0.7830007562245017
1916Q2,1916-04-01,1916,2,7091,0.007960880724954348,0.005077215842565714,0.003877884733170194,0.0025717248432465694,0.003057439698714351,0.0023139113862387438,0.0007428161206054201,0.02017782006614838,0.02438616182708551,0.004421999321993339,0.0034106868663272834,0.0030602884661951007,0.003932011315304434,0.0015953097892196942,-0.0028836648823886346,0.0023367015260847396,0.012523153740839172,0.010187645969235725,0.004429411290972054,0.004912619795441733,0.0011274865104292503,0.002939518402190545,0.00040267375372473224,0.02987839252637513,0.039582829991141176,0.01872432954820005,0.013409035999033583,0.01663042602883144,0.010992993476685189,0.002174438270113554,-0.002335507771603447,0.008818555206571635,0.017019357251838063,0.014251258203083655,0.009969182894924896,0.021818954393073034,0.014351301365219669,198.01382033563672,0.5759481410367805,0.3993339022160835
1916Q3,1916-07-01,1916,3,6713,0.010734384819104048,0.007480754556064279,0.0050364990124786785,0.0032487207110153513,0.0042656993446449415,0.002746543675374809,0.0011747856629859053,0.025444805413412337,0.03151160898644403,0.0061453564054223895,0.004034249034922345,0.003908704776012209,0.005624943890834007,0.002311697638926295,-0.00325363026303977,0.0033132462519077114,0.012622538388132211,0.010887481565021255,0.003296607963910818,0.005769063936843932,0.001084410514444348,0.0020386917671553744,0.0004337642057777392,0.033443220265463695,0.04038344755790752,0.021167693241953674,0.011971892079465602,0.017654203175153985,0.009672941788843585,0.0024724559729331136,-0.0017350568231109568,0.007200485815910471,0.019028428513889434,0.015532922541140028,0.0075022964972940144,0.022544198593127004,0.0169606494917198,212.39267093698794,0.7223522084567735,0.8789004475527747
1916Q4,1916-10-01,1916,4,5637,0.00916021263695,0.006066921881013678,0.004164869539747982,0.00294594867316222,0.0038719713388394622,0.002133334762105045,0.0009376314358352019,0.022128101885710766,0.027419915113100674,0.0052623448108350904,0.004408653713065135,0.00352281525178083,0.004789064181318274,0.0016850576375438344,-0.0030932907559363234,0.00310400654377444,0.012276556400246559,0.012071091021162933,0.004057941236901582,0.006215327717279638,0.001027326895418122,0.001540990343127183,0.000513663447709061,0.031641668378878156,0.045099650708855556,0.017053626463940826,0.015358537086500925,0.01926237928908979,0.013457982329977398,0.002157386480378056,-0.0002054653790836244,0.011300595849599342,0.018064110195604093,0.014859975897965595,0.0068976943936751856,0.021363780754951222,0.014323410310877477,198.6593932943055,0.6321609368456114,0.7531802979616756
1917Q1,1917-01-01,1917,1,6307,0.007855344472419317,0.004565499351491569,0.003564507515068284,0.0028030823224231326,0.003053330281528954,0.0019043259327077135,0.0008987563897154192,0.02060578316929885,0.024264133669031816,0.004264133669031815,0.0035156786449988555,0.0032082093537804226,0.0034134431982909895,0.0014229037918669413,-0.0032898451209277487,0.0019905394064240484,0.012912231722212529,0.0114726923748037,0.005060198918164369,0.0047984644913627635,0.0017448961786773686,0.0022247426278136453,0.00043622404466934215,0.03411272029314256,0.0442331181294713,0.01583493282149712,0.013043098935613331,0.019586459605653462,0.0114726923748037,0.0019193857965451055,-0.0014395393474088292,0.009553306578258593,0.01675151489212008,0.013993298579100503,0.006236011006364751,0.0218433752341091,0.012247237633042035,207.8167115902965,0.5699771114671549,0.19454407287714223
1917Q2,1917-04-01,1917,2,5974,0.006228471314883003,0.0034831927782396957,0.003037029338401235,0.002135051668844281,0.00254706615987647,0.0017341727045967455,0.0007163855564793918,0.01786286969948925,0.019351318446371304,0.0033488240883715404,0.002376321415845112,0.002982836441382587,0.0025329611592825752,0.0010853426772775864,-0.002745278536643307,0.0014476184820049888,0.012350114519243723,0.00929626801993982,0.005793326447208874,0.005523869403152647,0.001976018323078996,0.003188575021332016,0.000898190146854089,0.04158620379934432,0.0454035119234742,0.02070328288498675,0.013787218754210266,0.02389185790631877,0.011451924372389635,0.002110746845107109,-0.0030538464993039027,0.009341177527282526,0.014329802902880228,0.011985930301169059,0.008784100872974245,0.021690083907724606,0.012036419995411052,225.4837629728825,0.4685332284119254,-0.13375524057970262
1917Q3,1917-07-01,1917,3,6427,0.007780204247608258,0.004399839643475015,0.0034409198884249722,0.002413779623223488,0.0031810687317807163,0.0018450198644328155,0.0009198271031655084,0.020550470529889397,0.022449913497926174,0.004295592571782924,0.00234172650014219,0.0031695708929911476,0.0029181514847925753,0.0014671242295489857,-0.0033803646041332433,0.0014510272552435894,0.01793411956079707,0.010817405449369662,0.005124034160227735,0.005083367222448149,0.0019113460756405042,0.002684017893452623,0.0010573403822692151,0.0428629524196828,0.04335095567303782,0.023424156161041074,0.011020740138267588,0.020943472956486377,0.012159414396095974,0.0030093533956893044,-0.0071167141114274095,0.009150061000406669,0.016801406751900897,0.014537800428213989,0.006396635718183152,0.022655859677015052,0.013106951806646686,202.9863077641201,0.5368777848723701,-0.1514991467620372
1917Q4,1917-10-01,1917,4,6310,0.006275189479910315,0.0029608385259769737,0.0022538136700642375,0.0021637161446512333,0.0023645442165641894,0.0012916271200429166,0.0006389358863258092,0.01752431257651412,0.018078653076383445,0.0034746007510419678,0.0022139231626294724,0.0025688111253249703,0.0019353773779556803,0.0011767699693255754,-0.003314350953933342,0.0007586074086301049,0.01799433055338729,0.009572326527258535,0.003656382235733947,0.006696520274434082,0.002506059734604166,0.0023828108951974036,0.000985990715254098,0.04634156361694261,0.049094121030360295,0.021075551538556347,0.01314654287005464,0.023540528326691592,0.008627418758473358,0.003656382235733947,-0.008422004026128754,0.004971036522739411,0.015659642278413717,0.013913238953968265,0.005474285500212902,0.02146569738044148,0.011094774894026082,230.42472266244056,0.43916147402302647,-0.5095023741042208
1918Q1,1918-01-01,1918,1,6778,0.012569625422185522,0.006752379738201294,0.005592036929058595,0.004469876063998115,0.0049028204807948055,0.0030254337048199204,0.0018650908956772214,0.029337323238631325,0.03451130023756935,0.008159934456486497,0.004779861677818167,0.004870462901064111,0.004461463093268135,0.002192549602551848,-0.005817245683984227,0.0022689134907162866,0.01752194974265819,0.009385407205570693,0.003973660308810172,0.006433545261883136,0.0017029972752043597,0.0021949742658189525,0.0016651528913109294,0.04431577353920678,0.04560248259158341,0.0210414774447472,0.011958825310323948,0.019981834695731154,0.00874205267938238,0.002989706327580987,-0.008136542537087496,0.005752346351801393,0.019122301855499017,0.016702348491465596,0.007847526974883973,0.024172344059710117,0.013015480519777089,227.97772204190028,0.7605047264716712,0.2132098475987738
1918Q2,1918-04-01,1918,2,6930,0.011790690981059221,0.008166815963677168,0.006062859970183716,0.004598563514828912,0.0055499681463779035,0.003551436323477575,0.0019332076435757551,0.02753899239070327,0.035748495441859866,0.007442429024632389,0.004703987685422037,0.0050648876068389885,0.0052873778809741714,0.0022941075649927077,-0.0036238750173820528,0.0029932703159814633,0.015601134627972944,0.011055349479962178,0.005891337551821951,0.006909593424976362,0.0021456105898610806,0.004000290930249473,0.0013091861226271003,0.04102116517564914,0.047603462069968724,0.020146919775983707,0.012219070477852935,0.020946977962033604,0.01058258782456906,0.0035638955560404395,-0.004545785148010764,0.00701869226852862,0.018197090987015295,0.014945106951712936,0.009434621586216144,0.023596648751221576,0.013479569564152855,223.10750360750362,0.7749375054571561,0.8975884806775557
1918Q3,1918-07-01,1918,3,7007,0.01176648034134605,0.007242215647934793,0.0053680591395113865,0.0038409910859446743,0.004812596463937934,0.00295176621381618,0.0016336781199799378,0.028197756827284422,0.03354824953539818,0.00640144989690322,0.0032764423251655486,0.004374647157024513,0.004584232855768695,0.0026476852289330026,-0.0045242646934112556,0.0019365476268356921,0.017615804300538457,0.010341261633919338,0.004421780836572407,0.0063830545947295226,0.002424847555539707,0.002460507078415291,0.0016759975751524444,0.04350461790821239,0.04222087508469137,0.022001925614235283,0.010269942588168171,0.018578611418179226,0.010341261633919338,0.004243483222194487,-0.00727454266661912,0.006097778411724851,0.01874577313619642,0.016176348553200423,0.006798085556529035,0.023911115235513484,0.013280458307316851,235.60382474668188,0.7433005265083508,0.2074078949658885
1918Q4,1918-10-01,1918,4,6785,0.011909829205017762,0.0070109120824335385,0.005348000796635387,0.003968207479260796,0.005657803447140248,0.002864372825361122,0.0017878736994471716,0.027667459396978254,0.033807539659295185,0.006040500838940371,0.0036147981531596614,0.004121807112704382,0.004079502128916953,0.0027329019526678823,-0.004898917122584222,0.001346600176249071,0.01736661627521109,0.00991851332915453,0.004867077172670624,0.00785369271044578,0.002396666789572656,0.002433538586335312,0.002249179602522031,0.04173887393532687,0.04907636149109546,0.02013200103241031,0.011504000589948748,0.01843589838132812,0.008591128645698906,0.004240256627705468,-0.007448102946056561,0.004350872017993437,0.018294910228725682,0.015731106435493896,0.00682806066248222,0.024777366008492445,0.013178744656334994,226.44981577008107,0.7334310903881776,0.019202060780273183
1919Q1,1919-01-01,1919,1,6742,0.012268469150461668,0.006835527836859334,0.005842189162169103,0.004871266253832295,0.005220311758478443,0.003053027377336123,0.0017631601363134774,0.02765272982404904,0.03478286487583907,0.007149348565807246,0.0034225672969339714,0.004991670941673535,0.004084793080060792,0.0024817455605574737,-0.005432941313602335,0.0016030475195033178,0.019321360223759753,0.009163845134697483,0.005336375680847932,0.007581333725894303,0.0031650228176063593,0.0027601943176799645,0.0016929191815103783,0.04114529662888267,0.04754894744590019,0.01876932136022376,0.007507728544089504,0.01950537317827175,0.009016634771087885,0.004747534226409539,-0.01015751508906227,0.0042691005446783455,0.01947993429707059,0.016828758115233867,0.007588155523401818,0.02439634826351288,0.012726787092769377,231.59314743399585,0.7568734745270433,0.14922933160969654
1919Q2,1919-04-01,1919,2,6674,0.011413599313159092,0.007419113195349458,0.005799837867235842,0.0036893755152161943,0.005091789719961827,0.003189295132938605,0.0014516697280342599,0.025834521964884918,0.03396510382995899,0.006524304522272732,0.0033288524489230487,0.0046047073229965145,0.005213560319203155,0.002276699743118764,-0.003994486117809635,0.002936860576084391,0.016968661814941333,0.012438734590821328,0.006943413040249517,0.005383929897519679,0.0020793108569731175,0.003824446754789841,0.0017080053467993465,0.04002673399673251,0.048343977424624984,0.01611465914154166,0.009245507203326897,0.018788058814792813,0.013589781672360017,0.003787316203772464,-0.004529927224120006,0.009802465468587554,0.01919649576074558,0.01611600401514862,0.009280924535906624,0.023532033757815048,0.012993677783884456,219.02382379382678,0.7319651243530937,0.8405158411981516
1919Q3,1919-07-01,1919,3,6908,0.013488735535185536,0.007955102049043473,0.005788277377745736,0.0036664689089214724,0.00515872242673613,0.003060429884577113,0.0016084893839028779,0.02829906614895794,0.03548956463957139,0.006442020139039596,0.0031733063325702976,0.004619871764292476,0.005447632382909162,0.002711050402693447,-0.005533633486142065,0.002736581980215715,0.020138518913159296,0.011188066062866276,0.004546261765228201,0.004865920795595809,0.002557272242940863,0.002344166222695791,0.0013496714615521222,0.04251465103889185,0.046030900372935536,0.01740365832001421,0.007707334398863434,0.01942816551234239,0.012253596164091636,0.004688332445391582,-0.008950452850293021,0.0075652637187000535,0.01940970309279087,0.017272306007269193,0.0076117353055411945,0.024929819624819747,0.012909255292533764,215.45353213665317,0.7719566527564361,0.5682172205179014
1919Q4,1919-10-01,1919,4,7555,0.013306153895541075,0.0077797230858127776,0.005940666184318074,0.00396085568311179,0.00538073848721982,0.002937922723804397,0.0016674362843025164,0.028037129317987075,0.0364774065778849,0.006810498736921644,0.0037126848625676913,0.004927610670604475,0.005585695483291066,0.002707037433049439,-0.005526430809728296,0.002878658050241627,0.017473884140550806,0.012219056663501107,0.004843304843304843,0.004748338081671415,0.002564102564102564,0.002310857866413422,0.0013295346628679962,0.04241848686293131,0.047071858182969294,0.018170307059195947,0.011807534029756253,0.01810699588477366,0.014150047483380817,0.003988603988603989,-0.005254827477049699,0.010161443494776828,0.01902803062350849,0.01684477471111914,0.006967457651421675,0.02468630694261623,0.01304971393539371,214.40794176042357,0.7757165469437949,0.7195894590248626
1920Q1,1920-01-01,1920,1,7079,0.012114954200490987,0.007131551808178941,0.005589371953117225,0.00351094706830532,0.004831276142737525,0.002821941929607381,0.0016106366673702506,0.027029665252526404,0.035020096511428164,0.007363544338780087,0.0033924153655118384,0.004964386611115231,0.005651490171693489,0.0026083313208298234,-0.004983402392312046,0.003043158850863665,0.01484662991646657,0.012039636105380636,0.004667049950962157,0.004768507558591768,0.0024688017856538944,0.0023335249754810783,0.0015218641144441815,0.03676147316446278,0.0495451317257939,0.018735838208935034,0.009029727079035476,0.01870201900639183,0.015252460346985018,0.003652473874666035,-0.0028069938110859348,0.011599986472318982,0.01800924949331947,0.015867529380625106,0.0071881798313950815,0.023821167732527453,0.013156333774005177,222.86156236756605,0.743698962435592,0.789437490508018
1920Q2,1920-04-01,1920,2,7058,0.012864194398903305,0.007873171863330907,0.005906065944173534,0.0034899172255395466,0.004925226234138513,0.003213165772085682,0.0014909306242441055,0.027399072204318545,0.03515693096204368,0.007053092188758057,0.00354486052879877,0.005056818837006282,0.005973897182765167,0.0025660557559214975,-0.0049910225355723975,0.00340784142684367,0.01803661466617035,0.012994484112212785,0.006125004229975297,0.00541436838008866,0.001590470711651044,0.004162295692193158,0.0009813542688910696,0.04016784541978275,0.050624344353828975,0.020067002808703598,0.009745863084159588,0.021691313322730194,0.01566782849988156,0.0031132618185509796,-0.005042130553957565,0.012554566681330582,0.01916302645798496,0.016623813041519792,0.010154072088168249,0.024171365353109913,0.01315041193221348,208.8760272031737,0.7512940504542319,0.9065022766349385
1920Q3,1920-07-01,1920,3,6717,0.011848151604257767,0.006825690910471891,0.0048101962869326505,0.0027506211955165417,0.004062862816158679,0.002513264830025716,0.0012091611419146927,0.025262177059710723,0.030681361964388407,0.005871518321198772,0.0026339774959039074,0.004328023784464144,0.00519200095485075,0.0026258395633727933,-0.0050224606937858745,0.0025661613914779572,0.019183803489894877,0.014051605139277244,0.004211942094644816,0.004070364209110537,0.0020882738116306233,0.0022652461685484728,0.000955650727356387,0.038615368279474746,0.04838424238134004,0.020316426574169114,0.008211517360988213,0.020988921530456943,0.015113439280784341,0.004849042579549074,-0.005132198350617633,0.010264396701235266,0.01873991216265588,0.015847460613590044,0.0070146894321568305,0.02193788888196902,0.012328410628958062,219.52895637933602,0.6817851368800252,0.4072347949812581
1920Q4,1920-10-01,1920,4,8278,0.013934515895114461,0.006939064122907032,0.005223751831188911,0.003532122352176958,0.004834677051016162,0.002534060959559906,0.0013781141489017377,0.028370317992509466,0.03254074853476693,0.006010923415422473,0.0031176731298190293,0.004052580355219636,0.004816633003240034,0.003861426224091285,-0.00699545177220743,0.0009552067791487495,0.023469158036920307,0.012578793336334984,0.004024088248536695,0.005571814497973886,0.002560783430886988,0.0018854119765871228,0.0007879333633498424,0.044377532642953625,0.04479963980189104,0.02020486267447096,0.011031067086897793,0.0149988743809095,0.011340612336785232,0.008526564610535794,-0.010890364700585322,0.0028140477262494374,0.01974725229225799,0.017479347158747403,0.006647576180323608,0.022899664206636174,0.012578220561003405,214.2350809374245,0.7444460984821573,-0.44984924071579746
1921Q1,1921-01-01,1921,1,9467,0.013795048388054384,0.007004888281976687,0.005334065586099072,0.00396208118110392,0.004774980704150092,0.00278948722515783,0.0014194818816917019,0.028119495735122405,0.03378653842347958,0.006335965485166934,0.003393100991509826,0.004244097448989689,0.004779928357972649,0.0037112351323002634,-0.006790160106077698,0.001068693225672386,0.023476112026359144,0.01271925574183545,0.00414284329876926,0.006299059986432794,0.002325806764221339,0.002059308072487644,0.00048454307587944567,0.04331815098362245,0.04857544335691443,0.0182672739606551,0.010393448977614109,0.013324934586684756,0.010829537745905612,0.006662467293342378,-0.010756856284523695,0.004167070452563233,0.019132662971059936,0.0169980343536237,0.006706696685408198,0.023784415010907178,0.012675149398515686,213.49529946128658,0.747124918363712,-0.2738368283202206
1921Q2,1921-04-01,1921,2,9719,0.014744022636568248,0.008383810095602223,0.007275303867455063,0.003961024789889599,0.005081238941865943,0.004340829838908334,0.0015623053557663397,0.02894994909394719,0.03670434120449247,0.006080627319925107,0.0036065088563419015,0.004837245809265744,0.005159916189998061,0.004453225907668503,-0.006360212540966025,0.0007066902823295584,0.02290767800529189,0.01365879240065791,0.005792472169912517,0.005863984172010202,0.002264546733093371,0.003742461443112202,0.00119186670162809,0.04598221734881171,0.049081070773044744,0.01775881385425854,0.011870992348215776,0.015184381778741865,0.011751805678052967,0.007103525541703416,-0.009248885604633978,0.004648280136349551,0.019438555441151695,0.016827186283483495,0.011614168382631861,0.02327290001308497,0.013460557640140014,219.70429056487293,0.7903841416640051,-0.21064092448630675
1921Q3,1921-07-01,1921,3,8278,0.014879450296217204,0.009060550747990668,0.006938351810011497,0.0035272727644993893,0.004845841135033481,0.0038000976641479416,0.0015821796713202166,0.029049965346630947,0.03637938324169215,0.0066987982395883775,0.003174084808106329,0.005049564043213826,0.006075344716564106,0.004770596744323655,-0.005818899548226536,0.0013047479722404505,0.022133185962973197,0.014810721193699918,0.006189555125725338,0.004946117712075159,0.0022658192870958827,0.0036197844708483005,0.0011329096435479414,0.04230450400663167,0.05023487151146726,0.020337109698811827,0.010058027079303675,0.016137054434926777,0.01398176291793313,0.0074882564244266375,-0.0073224647692732795,0.006493506493506494,0.020405049389776022,0.01726290960645685,0.008255571840979973,0.024163904724136234,0.013462315734455351,236.00314085527904,0.7915331121387118,0.02256839566594278
1921Q4,1921-10-01,1921,4,9123,0.014142939856109045,0.00845645509884781,0.005849311506247998,0.003643966861883168,0.005022247401835824,0.0029462063522546,0.0015162043743885017,0.027594823833430152,0.034830557217080144,0.005957064501901002,0.003543876301476599,0.0047655558210802215,0.0059359928049733035,0.004085035790756134,-0.005686484757261235,0.0018509570142171696,0.022453546554021774,0.01511151341429685,0.005330517211033165,0.006034547786075281,0.002640114656407935,0.0027658344019511703,0.0009303261170199392,0.044027054889240906,0.04945814789670866,0.0167961580045762,0.011767368182846799,0.014508058635689321,0.014206331246385557,0.005808252244097458,-0.007342033139724926,0.0083980790022881,0.02061014590794009,0.0172219874308741,0.00752519193278419,0.02317476065739064,0.013237010745126149,228.88402937630167,0.7599354248269606,0.22943577851984828
1922Q1,1922-01-01,1922,1,10234,0.014527747022632573,0.008519409993492117,0.006128886324683292,0.0040639792032447775,0.004942076285907342,0.0029977184600116637,0.0015840444333137756,0.028283266823632823,0.03636763175793346,0.007006093744648123,0.003836670383973972,0.005178281732155479,0.006106644757239964,0.004222339163441269,-0.006008337029140456,0.001884305593798695,0.023883508358093854,0.013881013404704122,0.0040146068180271725,0.0064415160244051806,0.002154732472952437,0.0020186441062396516,0.0008392115947288439,0.0446823470706979,0.04840209576084738,0.018530699267390958,0.008981832203043843,0.014493411054911656,0.01458413663272018,0.006917825307899929,-0.010002494953389734,0.00766631132482025,0.02178504414584868,0.018960724623784824,0.007884057229762998,0.02463870843491338,0.013507913982709443,219.6641586867305,0.7799428213784166,0.282361827090046
1922Q2,1922-04-01,1922,2,10713,0.014105573006728277,0.009227824676846874,0.006563265020955196,0.004156106332339582,0.004495783680227101,0.003578792734306125,0.0015977245754492796,0.02784388999050374,0.03702207305223309,0.007335467922783387,0.0036656655607617966,0.005223401057366402,0.006949826116453713,0.0036739391632813843,-0.004877748329881403,0.003275886953172329,0.021178596614950633,0.016704866008462622,0.005421368124118477,0.00584009167842031,0.0023139985895627643,0.0035040550070521864,0.0007492947813822285,0.04160789844851904,0.044516925246826516,0.0196138928067701,0.009432299012693934,0.013266925246826516,0.01815937940761636,0.005355253878702398,-0.004473730606488011,0.012804125528913963,0.021742047061685366,0.017951563058785005,0.011309700625216452,0.024104196186753257,0.015429529284985375,203.07980957714926,0.78893350505655,0.977668090770095
1922Q3,1922-07-01,1922,3,8781,0.01478162302097023,0.008716145813997806,0.0061415818378464,0.0035422683882400403,0.005173258688921393,0.0032168128123074183,0.0015270425121705535,0.028941415521384784,0.03536204767243577,0.006801774042257251,0.003943209858210266,0.0047308618509141215,0.0069329462515684975,0.003687052807951511,-0.0060654772069724215,0.003245893443616987,0.022158527174512183,0.014303825377576893,0.005126226435894609,0.0046301400066144855,0.001984345717120494,0.003114320361591886,0.0008543710726491015,0.043435122919193034,0.04395876970565538,0.020063940028662772,0.010142211443060302,0.012650203946643148,0.01626061073751516,0.005264028221805755,-0.007854701796935289,0.010996582515709404,0.02295848568042309,0.020176920342074786,0.00912986710726347,0.025729399244551573,0.01522154062296124,184.05603006491287,0.7644431739714738,0.6548499690871668
1922Q4,1922-10-01,1922,4,9502,0.014183287035725963,0.008941659865766975,0.005831181502925889,0.0037525519464303644,0.004750932602869508,0.0027979373321765366,0.0015766073078992556,0.02795208390722629,0.03587991627813577,0.007002051855036571,0.00445641288369303,0.004737545342906941,0.006869209044638789,0.003410661922770957,-0.005241627169958988,0.0034585471218678315,0.01965589676903071,0.013629088726617986,0.004151245373612084,0.005376612983895169,0.0020506151845553666,0.0022756827048114434,0.0009002700810243073,0.037761328398519554,0.04536360908272482,0.01898069420826248,0.012503751125337602,0.012578773632089627,0.015204561368410523,0.005076522956887066,-0.006026808042412724,0.010128038411523457,0.022164481534189154,0.0195414091976591,0.007631156090658316,0.025221569696467303,0.015174983272064105,204.39328562407914,0.762347301566052,0.9185036630410282
1923Q1,1923-01-01,1923,1,10388,0.01349340537914172,0.00920964468198489,0.006444743111501207,0.003773882480173035,0.00511494545625529,0.003267922635654055,0.00154138976834582,0.027195464092034733,0.038187968245509546,0.008157561675182596,0.004824006300742923,0.005030210651703709,0.00736066267515125,0.003172902103382339,-0.004283760697156829,0.0041877605717689104,0.017240598096964203,0.013842319891255098,0.003511554145899411,0.005323969188944269,0.00222020842772995,0.0018577254191209788,0.0007702763932940644,0.034390575441776164,0.04390575441776167,0.01841866787494336,0.010874490258269144,0.01137290439510648,0.015360217489805166,0.0035795197100135932,-0.0033982782057091075,0.011780697779791573,0.0218434485587411,0.018984030260682842,0.007900765037381487,0.025173450846963017,0.014775845382380897,196.5406237966885,0.7890358060875835,1.507382845618502
1923Q2,1923-04-01,1923,2,10945,0.014287391812524806,0.00905324808202768,0.00691817258291794,0.003934255513601491,0.0049373905381245925,0.004087638682051711,0.0015706982620822243,0.0288319393822436,0.037071847042845336,0.007131634618535605,0.0039365312282669245,0.00472210793077458,0.006344237344295602,0.003421309428012773,-0.005234143730497126,0.0029229279162828296,0.01917167037019526,0.013474540210864734,0.005200699730509196,0.005697130159330528,0.0014420121980048225,0.0036641293555860245,0.0007564654153467921,0.03697224717507446,0.038957968890359795,0.020448205758592974,0.011772493026334452,0.011039667155217247,0.01368729610893102,0.004231478417096118,-0.005697130159330528,0.009455817691834902,0.021320422454829624,0.018720448371826025,0.011753937817413043,0.026229422243246498,0.015258085576132702,200.7411603471905,0.7847123860777239,0.7439580006467498
1923Q3,1923-07-01,1923,3,10240,0.014805410611460198,0.008984774505073612,0.006042787124369175,0.003341579777830353,0.004655856869542863,0.00311663440742031,0.0014949785486878652,0.028628140619265757,0.03550690484484824,0.00647451457441081,0.0034393821127912416,0.004516139248170165,0.006088893939422165,0.003483626026225929,-0.005820636106386586,0.002605267913196236,0.020705797623334535,0.01322084469365708,0.0038325016718967026,0.0042697669633211584,0.0010803024846957148,0.0026493132362775864,0.0007202016564638099,0.04012552086012655,0.039713977056432946,0.019908431503678173,0.011343176089305006,0.012783579402232625,0.012809300889963475,0.005170019033900921,-0.007484952929677453,0.0076392818560625545,0.022649054272382917,0.01997497915246766,0.008312569916899978,0.027366617754838233,0.01426593963782551,209.686328125,0.7656651397083069,0.47174511495314203
1923Q4,1923-10-01,1923,4,10047,0.013288971959780791,0.009292844808211501,0.006022165514010627,0.0034774082261045535,0.005334649570752977,0.003134124403402113,0.001517276564430675,0.027020324867878403,0.037962733790981876,0.007070982939173331,0.004411007462155804,0.005164430106180911,0.00625923997720292,0.0033436982288641004,-0.0039961271515692905,0.002915541748338819,0.018089629492698128,0.01431325428473341,0.002455964296088943,0.004014049172102358,0.0015844930942509308,0.0013204109118757758,0.0005281643647503103,0.036654606913671534,0.04032534924868619,0.019938204769324213,0.013441783082895398,0.015580848760134153,0.013917131011170676,0.00488552037394037,-0.0037763752079647186,0.009031610637230306,0.023217995469013885,0.02045089176553394,0.007299013993593007,0.028013710065540716,0.014491501047917769,209.91758733950434,0.7857951619740148,1.0525911563618067
1924Q1,1924-01-01,1924,1,10995,0.012737701551393229,0.00844405155591464,0.005527530320918751,0.0034831765488367297,0.004222237058834963,0.002680731775545337,0.0014138916331927329,0.025990928444237484,0.03619030153161734,0.007202987680634586,0.003966587196885889,0.005061444704836388,0.006070099614708191,0.0032833048385856353,-0.004293649995478589,0.0027867947761225564,0.01740882824260671,0.014300976059826154,0.0025979701840431212,0.004880299130772593,0.0013596853299664934,0.0013354052347885205,0.0008983635215850046,0.036492983052493565,0.044869615888894286,0.021415043946972273,0.010610401592774243,0.016486184625843732,0.0143495362501821,0.004807458845238673,-0.0031078521827805567,0.009542077404943427,0.022389020855108892,0.01963758678209888,0.00811464619581889,0.026303017674116566,0.013863146751077202,215.23583447021375,0.7369536170863691,0.9224589236681159
1924Q2,1924-04-01,1924,2,10010,0.01141153388346095,0.007587139585002994,0.0055484110721625395,0.0027004853889686206,0.0036407405986334613,0.0030212326957043574,0.001182971249573738,0.024236252809233385,0.031780712309065894,0.006116616650492783,0.0031760018934437785,0.004216706192449246,0.004630573685011487,0.0029763970506767813,-0.0038243942984579555,0.001654176634334706,0.01806182702327197,0.01506933497207898,0.004194832607475886,0.004862799583188607,0.0012824965933684238,0.003179522804392551,0.00040078018542763244,0.03422662783551981,0.04181473267961632,0.02172228605017768,0.011782937451572394,0.01763432815881583,0.014187618564138188,0.005450610521815801,-0.002992492051192989,0.008737008042322388,0.022787013253129682,0.01982350645046839,0.011425472757166114,0.02684150288141145,0.013586835581946411,231.72657342657342,0.6668060595374254,0.33038173507218943
1924Q3,1924-07-01,1924,3,9445,0.012273083501328351,0.00907195504081394,0.005558958521996332,0.0024098080711991193,0.004182437437071882,0.0027911295045554693,0.0012299968678768283,0.025090143759524633,0.034413923295692594,0.006210475988623986,0.003579761376126769,0.005023047318360381,0.006232432216866595,0.003116888237869296,-0.003201128460514412,0.0031155439789972996,0.01563769862399462,0.016954852450746856,0.0031387495446010705,0.003362945940644004,0.001120981980214668,0.0020177675643864024,0.0002522209455483003,0.03264860017375221,0.041448308718437354,0.022195443208250426,0.01087352520808228,0.02082224028248746,0.016786705153714655,0.005408738054535773,0.001317153826752235,0.011377967099178881,0.023526259290756503,0.02024149980864216,0.008491675074348625,0.027312046336926125,0.014333939239757813,236.2851244044468,0.7195996976313711,1.0644688253967647
1924Q4,1924-10-01,1924,4,10121,0.008975511121096383,0.006420945771653478,0.0038763656939347795,0.002079432836566065,0.0033067891526664837,0.001876815031162369,0.0009190610516155338,0.02050891601554374,0.02730514158283199,0.005085831731529327,0.0027005999484094293,0.003273920966574303,0.004568261813824609,0.002011200146450652,-0.002554565349442905,0.0025570616673739567,0.014548725002645223,0.01555390963919162,0.002883292773251508,0.004073643000740663,0.0012432546820442282,0.001931012591260184,0.0005290445455507353,0.0325891440059253,0.040815786689239235,0.022325679822241033,0.010369273092794413,0.017458470003174267,0.017405565548619193,0.0037033118188551477,0.0010051846365463973,0.013702253729764045,0.019838735209573122,0.016930350982352665,0.00617051894964155,0.023214795210777954,0.012954685723832786,237.48048611797253,0.5848914517752981,0.7105904107323088
1925Q1,1925-01-01,1925,1,10384,0.010727849021987106,0.007421311422102116,0.004613663941454431,0.0027118058110858004,0.003953896734023964,0.0022291745465063146,0.0011004677415766297,0.023552234565640418,0.032819781720597574,0.006306724148848959,0.0036518243290655267,0.004117768874390935,0.005539990792353889,0.002522261794943325,-0.00330653759988499,0.0030177289974105633,0.015055365722066644,0.01564627598078257,0.0022094905325899853,0.003545461552295558,0.0012845875189476659,0.0014387380212213857,0.0003853762556842998,0.03260283123089176,0.047118670195000385,0.023045500089921126,0.010559309405749813,0.017470390257688255,0.018009917015646276,0.00518973357654857,0.0005909102587159263,0.012820183439097705,0.020870366823198806,0.018206052872428262,0.0067044646168610555,0.02461834124484495,0.014042211772732799,225.07588597842835,0.6697492884611764,1.0151214612870076
1925Q2,1925-04-01,1925,2,11138,0.011505072558454623,0.008149584972490076,0.005816601354120018,0.0027059565296266084,0.0038460188524697615,0.003310240305347256,0.0011755835524866341,0.025368501042167504,0.03455496762282205,0.006850945731595668,0.00378385670059367,0.004576741290849943,0.00552947141450188,0.0028421212432599525,-0.003355487585964547,0.002687350171241928,0.016161860915919556,0.015119941846377515,0.004167676278168161,0.0038042161376302397,0.0009207656893627332,0.003028834504482675,0.0003392294645020596,0.03719408771504725,0.042185606978434695,0.023503755754785558,0.0107341894838866,0.017421856069784348,0.017179549309425734,0.005500363460140538,-0.0010419190695420402,0.011679185849285196,0.0219460175506765,0.018800152791797742,0.011373038173674785,0.025459574661142816,0.013748212862629259,212.31666367390915,0.7173795650594579,0.8817215703295487
1925Q3,1925-07-01,1925,3,10495,0.01132625474846419,0.008187780924086847,0.005471036657960386,0.0024108644128022624,0.004087250854448812,0.0028051197327306097,0.0012088664861914478,0.024541363381602517,0.03377362326591766,0.006631365323115358,0.003745196587333277,0.004723737375587491,0.005791569438389936,0.002773524358659697,-0.003138473824377342,0.00301804507973024,0.015199625214720732,0.014913330904169486,0.002862943105512467,0.0035396387486335956,0.000624642132111811,0.001613658841288845,0.00039040133256988186,0.03557857477486857,0.039586695122586016,0.024803497995939828,0.010592889490396128,0.018348862630784446,0.01631877570142106,0.004528655457810629,-0.0002862943105512467,0.011790120243610432,0.020834165994835983,0.01810813172863296,0.008259272509037,0.024685197249496988,0.014159687265743058,208.0861362553597,0.7137147734474308,1.026023656142886
1925Q4,1925-10-01,1925,4,10513,0.010713152862489918,0.0076467496216275,0.004892107194968325,0.00269845297758766,0.00405107802176888,0.0023604100017219345,0.0011917600891780933,0.024093038852285188,0.033850517939841035,0.00640967546061754,0.003904260429033632,0.004483827407763207,0.005627554580799521,0.0022706881394948387,-0.0030664032408624173,0.003356866441304683,0.014894709809964048,0.014612223934257833,0.002824858757062147,0.0040832049306625574,0.0009244992295839754,0.0018233179250128403,0.0002824858757062147,0.035182331792501284,0.04096045197740113,0.02226502311248074,0.011736004108885464,0.01694915254237288,0.017334360554699536,0.004288649203903441,-0.0002824858757062147,0.013045711350796097,0.02105596633455099,0.01786332611135354,0.007126786900793059,0.024684051704013093,0.01445685131504869,209.91344050223532,0.7035154656927162,1.1992068507564866
1926Q1,1926-01-01,1926,1,10846,0.01129528244165627,0.007767686318966027,0.005000260453223926,0.002788173834427678,0.003779661869912885,0.0023851335065567998,0.0011817513227933652,0.02387693894181828,0.034600548629265586,0.007178355719067207,0.004454191575265243,0.004715969137617303,0.005541031977475652,0.002644262392055382,-0.0035275961226902434,0.00289676958542027,0.01420805534964171,0.01455399061032864,0.002470966147763776,0.004250061774153694,0.0006424511984185816,0.0012849023968371633,0.0003953545836422041,0.031850753644675066,0.04294539164813442,0.021447986162589572,0.011687669878922658,0.016382505559673834,0.015591796392389425,0.004200642451198419,0.0003459352606869286,0.011391153941191006,0.02091062879687983,0.018111384762151333,0.007485303337930578,0.024588582989028735,0.013982438890523719,208.85874976950026,0.707041330836514,1.066232604275007
1926Q2,1926-04-01,1926,2,10258,0.011409788246347639,0.00805308453485482,0.0055271354034371846,0.002898764474476033,0.0033685391192089576,0.003079937254130785,0.0012290615705221873,0.024861639531718438,0.03417109811644038,0.006731615742548928,0.0038333064760619775,0.004835674468021183,0.0055061958359393995,0.002900585306432362,-0.003356703711492818,0.002605610529507037,0.014825007788970817,0.015240419565894694,0.004154117769238758,0.004465676601931665,0.0007269706096167827,0.0032713677432755217,0.00036348530480839134,0.033466611278429745,0.04203447917748468,0.023237096271679303,0.010800706200020771,0.016979956381763424,0.01518849309377921,0.004257970713469727,0.0004154117769238758,0.010930522380309482,0.020374116100631567,0.0175028496209367,0.010935569259841352,0.02456080477311394,0.01375622816006326,214.15461103528952,0.7183833015142949,0.8607952999806437
1926Q3,1926-07-01,1926,3,9803,0.011422198292439043,0.00924680001990797,0.005641195021197465,0.002523335309048625,0.003936348787649819,0.002765398136794907,0.0013035196387608194,0.02509942674092943,0.036003565336603066,0.0071288633905989135,0.003950374858042594,0.004536302637353688,0.005980987887809535,0.0028386956659442486,-0.002175398272531072,0.003142292221865286,0.015766262403528113,0.014911797133406835,0.0028390297684674753,0.003390297684674752,0.0007442116868798236,0.0017916207276736495,0.00035832414553472986,0.0344542447629548,0.04250275633958104,0.02571664829106946,0.011163175303197354,0.016482910694597574,0.015463065049614113,0.00545755237045204,-0.000854465270121279,0.010005512679162073,0.020415623117993158,0.017538297796102647,0.007634904136983676,0.02402087851751716,0.013101074457456936,225.4585331021116,0.7526896121112856,1.2808513629727993
1926Q4,1926-10-01,1926,4,11291,0.010066690525943115,0.006504731448450494,0.0042611898082406865,0.00261643904147281,0.0034291937488695706,0.002083453591783173,0.001096372235498755,0.022738660109213913,0.029254166714770047,0.005352944119265596,0.0034080282616977798,0.003602750743678254,0.004236945704752999,0.0025159991841666764,-0.003561959077492621,0.0017209465205863224,0.016164915270283065,0.013703493325759727,0.0037868029915743636,0.004993846445138691,0.0011833759348669885,0.0025560920193126954,0.0005443529300388147,0.03812837262141437,0.042861876360882324,0.02281548802423554,0.011857426867367226,0.016732935719019217,0.01436618384928524,0.005419861781690807,-0.0024614219445233364,0.008946322067594433,0.018388825375803032,0.01587100133415566,0.007009188412338666,0.023524309703854582,0.012724889209986271,230.14524842795146,0.6390191528417553,0.2958541987342841
1927Q1,1927-01-01,1927,1,12599,0.009884762819869771,0.006720100777044421,0.004258696965958038,0.0027018817750209807,0.0029692736971284905,0.002004915117919838,0.0010643247095651859,0.02185937701527,0.030048210938321947,0.005958820245867746,0.0036033246078513957,0.0036173058848243374,0.004461425482065692,0.0021919146974329327,-0.0031646620428253504,0.002269510784632759,0.015742456739479,0.013493534348124857,0.0026862128563396705,0.004789371759365304,0.0008745809299710556,0.0013951648168585885,0.000583053953314037,0.035337234241925745,0.04529079815921538,0.022447577202590427,0.011869312621035754,0.015180226141640465,0.014742935676654936,0.004935135247693814,-0.0022489223913541427,0.009807800428961122,0.018526843617924865,0.01603655939446597,0.006941542123635411,0.022765882725927167,0.011865567913630628,227.07905389316613,0.6307876806774209,0.663298553777219
1927Q2,1927-04-01,1927,2,11785,0.010271187369972921,0.006675738736570849,0.004601016762261001,0.002503830373107278,0.0031750975488658135,0.0024604245545953815,0.0010318400716424457,0.02254475368340253,0.029723847613593788,0.005675120394033451,0.0035124445243179194,0.003963255832371298,0.004426631982625488,0.0024002656131490692,-0.003595448633402072,0.002026366369476419,0.01716680486766321,0.013917213867909728,0.004280495730709755,0.004258084758297662,0.0010309047309562762,0.0031151251652809216,0.000582685282714417,0.03704533739718966,0.04506846552071894,0.02272472602586226,0.01127271912328276,0.015710091660877164,0.014746419847157168,0.004706304206539522,-0.0032495909997534793,0.010040115640617646,0.019135636919812,0.016930825563533602,0.011012508711254539,0.023773262967383777,0.011770110611751861,222.85753075943995,0.6394640371371045,0.4589158506257292
1927Q3,1927-07-01,1927,3,10258,0.010811939794426496,0.007898375926496747,0.005056721982096045,0.0023217209579856173,0.0035825685497505575,0.0025079595801591635,0.0012160048866428933,0.024667931688804556,0.033684951313345875,0.006641568218076135,0.003418549285970818,0.004242281499879409,0.004972692408534011,0.002759240324176399,-0.00291356386792975,0.002213452084357612,0.014888530894351193,0.013407472847269137,0.0036896533804500337,0.004001455074572572,0.0008314711843267682,0.002728264823572208,0.0006755703372654992,0.03492178974172426,0.0472119731850543,0.021722184690536817,0.009561918619757834,0.014914514368861403,0.011978381749207505,0.005326612274593359,-0.0014810580470820559,0.006651769474614146,0.01972705955446745,0.017134330150388944,0.007359195437199006,0.022933428011088247,0.011278031783954442,241.30620003899395,0.7030406989967758,0.7274929916799754
1927Q4,1927-10-01,1927,4,11045,0.010635559600795014,0.007740121753957534,0.004750292178413256,0.0029432023360626064,0.00379500239391071,0.0023264338918619547,0.0012820595441220678,0.024486882392834114,0.03362961216371999,0.006084286127486454,0.0035497355325721596,0.0038742307927047705,0.00488297131514972,0.0025550210902964923,-0.002895437846837479,0.0023279502248532286,0.015162819803124021,0.01328551830368962,0.0026956124094442706,0.005078341235649474,0.0006739031023610676,0.0016125538520782691,0.0007461070061854678,0.03732941827721485,0.050879684228260606,0.020193025102890564,0.010541769958362415,0.015884858841368022,0.012009916002791884,0.005294952947122674,-0.0018773014994344027,0.00671496305566921,0.019260973676148974,0.016502378780155695,0.006607909490552105,0.024092532793280226,0.011588691823622448,238.8359438660027,0.6936923959312237,0.7814609052870706
1928Q1,1928-01-01,1928,1,12429,0.008556232069485407,0.0054833055029264504,0.0034179963605866937,0.0023592827181008014,0.0024185543312901657,0.0017134265192097935,0.0008785143127320194,0.020516494199897945,0.02663475537515184,0.0054138146460837476,0.002945867303802444,0.0032619825741457224,0.0038250628994446864,0.0020843850638259894,-0.0030729265665589557,0.0017406778356186968,0.015315105105742103,0.013299959697091827,0.0027151432874445835,0.005112105720891755,0.0005939375941285027,0.0015272680991875783,0.0005090893663958594,0.035763527989309124,0.053687716097830004,0.023948412277538553,0.008293914260865877,0.014487834885348832,0.01497571219481153,0.006321192966081921,-0.0020151454086502767,0.00865451922872961,0.017957823928798026,0.015524810278722493,0.00645065304073253,0.023172454494233972,0.011735597568468573,236.19261404779147,0.5739876646916275,0.31152400379794326
1928Q2,1928-04-01,1928,2,11958,0.011699462724447905,0.008449652672200368,0.006307291136235583,0.0032629983243567602,0.0034773077461316233,0.0036443591928484397,0.0014543733409336857,0.025633604889625152,0.03629632288993141,0.006962308650993627,0.0037821033682114286,0.004610400124848976,0.005799176319138601,0.0032586022336536864,-0.003249810052247538,0.0025405740854849146,0.014934197560601747,0.012985306676593601,0.0040510653206910895,0.0048612783848293074,0.000503645958788622,0.003131364004642302,0.000635031861081306,0.034576389953358,0.04957628046510609,0.021525390325618062,0.008014540039853723,0.016226158933146474,0.01456193750410581,0.005759082050495982,-0.001948890884008146,0.008802855453609827,0.020198160023600826,0.017697347697139616,0.01239380356916727,0.02493872150654014,0.013438429719375063,228.27379160394716,0.7426253746751472,0.9511309986123381
1928Q3,1928-07-01,1928,3,11767,0.01140643120839151,0.008679646460918598,0.005577619651399738,0.0027522903871176423,0.0036565812472489656,0.0028311260005649884,0.0013881251152101336,0.02431112552136812,0.03631539346506867,0.007776128498958326,0.00414002905324225,0.004811677563886797,0.006177388632136411,0.0034598786627161263,-0.002726784747472913,0.002717509969420284,0.013409326882718096,0.013011686217332714,0.0025846643250049704,0.004042680098084697,0.0005743698500011046,0.0018114741423111758,0.0006848255903859323,0.030728786975059093,0.0459274968520114,0.023615437294276183,0.012790774736563058,0.014359246250027614,0.015728897430799478,0.005213510946163872,-0.0003976406653853801,0.010515386484635606,0.018985604783137072,0.016502584943172388,0.0076576144701355825,0.023409889347314184,0.012844977503527304,219.90847284779468,0.7534829689955763,1.164257177015971
1928Q4,1928-10-01,1928,4,13042,0.009956994452622128,0.008105757620960139,0.0052954801957765625,0.0026815140879756154,0.003892452357565233,0.0026037635482953985,0.0012668764406717646,0.023106334593290798,0.03589964058845549,0.007179435580335657,0.004302665612167643,0.004054637872463784,0.006168678564492842,0.002561194248289488,-0.00185123683166199,0.003607484316203353,0.011967193722645006,0.01315011237727219,0.002799574149284334,0.003982492803911518,0.0008477583691494815,0.0018138086037616814,0.0005520287054926856,0.02888293048381373,0.05139781554355112,0.021548834825125193,0.01269666022633177,0.013958440124600765,0.01683687551752691,0.003726193762075628,0.0011829186546271834,0.013110681755451284,0.01815441477372817,0.015672945801943616,0.00690888887960733,0.02304633514091002,0.012188831444809445,217.94387363901242,0.7347021415524214,1.6282333963074151
1929Q1,1929-01-01,1929,1,14257,0.009851069341006432,0.0072166211193593795,0.004878682186886525,0.002620727137159307,0.003135435135748378,0.0023489827321825025,0.0011672961632501167,0.02279339861892265,0.034600224490328645,0.007114549637194447,0.004246842979255728,0.003917536951549847,0.005705963183318374,0.002636790845827887,-0.002634448221647052,0.003069172337490487,0.012888609667409142,0.013440706684181469,0.0019418584727854246,0.004797532697469873,0.0007043996420888305,0.001294572315190283,0.0004569078759495117,0.031069735564566794,0.05336303234527005,0.02174119976393093,0.009290460144306737,0.01351685799683972,0.016581948331334362,0.0038266034610771604,0.0005520970167723266,0.012755344870257201,0.017960192815334633,0.016118318254682053,0.007239274763606246,0.023020384283270127,0.012309107524777164,209.5884127095462,0.6987358530599023,1.287278167172684
1929Q2,1929-04-01,1929,2,15135,0.010624103840279822,0.007291930624552114,0.005590044323133638,0.0027796127282541765,0.0029573659892949576,0.0032238402300145876,0.0012134539606601838,0.02295663131732288,0.034282720452956404,0.00676022734984519,0.004200082308165007,0.003676472877218258,0.005366841016362639,0.002926858424352757,-0.003332173215727708,0.002439982592009882,0.013910633626662347,0.012974860083859705,0.003275207399809246,0.0049128110997138695,0.0006118519318324965,0.0025373859525994707,0.000395904191185733,0.03295002609368533,0.05009987583004913,0.02064100487681981,0.008835861721463405,0.014954381039788371,0.014144577012363008,0.00372509852615667,-0.0009357735428026418,0.010419478486206338,0.018019964666388128,0.016118887546703244,0.011710388384828501,0.021904879431962346,0.012378960912732755,212.24433432441361,0.7033045918866065,0.9589479423690328
1929Q3,1929-07-01,1929,3,14398,0.010682626961966672,0.007502164215235201,0.00491015268441755,0.0024453192894577738,0.003169359893601022,0.00249107650235902,0.0011146591642781515,0.022118902136424458,0.03518796962124803,0.006993451671803699,0.004275944255602483,0.0034903332840994696,0.005569931320442136,0.002818442444659847,-0.0031804627467314716,0.0027514888757822886,0.014356332506297467,0.012140381446618307,0.0022917100702664825,0.004128866077009034,0.0007575901058732172,0.0015530597170400953,0.0003030360423492869,0.032595314305195175,0.05017140476145381,0.0224057273812004,0.009091081270478607,0.014754067311880907,0.014147995227182334,0.00397734805583439,-0.0022159510596791608,0.010170647171347942,0.017810409332703454,0.016021895955828907,0.00743510096756047,0.02126208166250185,0.011905612460212366,206.43207389915267,0.7066639660939052,1.2237167654246075
1929Q4,1929-10-01,1929,4,14208,0.012062562130846206,0.007560410176912896,0.005101672720400498,0.002826494603993868,0.003394092006964401,0.002436710335699706,0.0013101348379027371,0.023855052606510708,0.03605680060220233,0.00661420168287203,0.004258576690453829,0.0036980024274525605,0.0050537876751555145,0.0035233816291258555,-0.004502151953933309,0.0015304060460296595,0.01645817118775983,0.012395831355948291,0.002429810740522789,0.005163347823610926,0.0009111790276960459,0.001518631712826743,0.00030372634256534863,0.03320108582167467,0.050038914937641184,0.021773382182653428,0.009149756069781127,0.01412327492928871,0.01349683934774768,0.005011484652328252,-0.004062339831811538,0.008485354695419427,0.019426140485018627,0.01722743435180676,0.006807577520043079,0.02192665881917504,0.011343874723526435,220.4745213963964,0.7262811005388026,0.5942712706492904
1930Q1,1930-01-01,1930,1,15893,0.01116937503564634,0.007250112797728121,0.004778444932967939,0.0029067649837452685,0.002963516781873758,0.002250307617333637,0.001281291840333757,0.02332047147473924,0.035795137867340836,0.007219619294256097,0.004202456534051926,0.003856581147447948,0.005303893173351615,0.0030660088352102836,-0.00391926223791822,0.002237884338141331,0.014955530610482687,0.010741732147482946,0.0018996632415162766,0.005042742422934116,0.0008462136257663414,0.0008807529574302737,0.0007598652966065107,0.0325015110957603,0.04984025559105431,0.02001554269924877,0.008427596925999483,0.01359122700975736,0.011242552456609965,0.004369225455487436,-0.004213798462999741,0.0068733270011225285,0.018185976775004664,0.016064615911934477,0.007200741956100914,0.02263372758731665,0.011478264314073413,222.84892720065437,0.7058963706519229,0.9262457251681808
1930Q2,1930-04-01,1930,2,15657,0.0108862171784823,0.006079361675799946,0.004797202007575946,0.0028758639512457542,0.002724625861245342,0.002742470200684462,0.0010671500044903378,0.022052678245205213,0.030561210325963425,0.005657240662510593,0.0037730539358323406,0.0032649290570495233,0.004124675181829431,0.003474673177997871,-0.0048068555026823554,0.00065000200383156,0.015639744172229405,0.008894558417502535,0.0026736098975989934,0.00573166043406843,0.000506762660329221,0.001992101492328662,0.0005766609583056653,0.03318421696431692,0.042428266871701675,0.01915213364554573,0.009051829587949534,0.015657218746723517,0.00950616852479642,0.004735609687904099,-0.006745185754726872,0.004770558836892321,0.017511467928223678,0.015923387342266834,0.011071714703043618,0.021248109347189115,0.010745546973956849,218.33371654850865,0.6493587300212874,-0.047506450978738846
1930Q3,1930-07-01,1930,3,13211,0.012198538613304655,0.006809187750408862,0.00487227202410151,0.0026043996265760175,0.002840001454898634,0.0023995997062677622,0.0012360084790443806,0.02354936939646938,0.03244096273657258,0.00713883370213703,0.0040425865869487074,0.0038014142007937062,0.00454033231326589,0.004179556773650868,-0.005389350862895792,0.000360775539615022,0.015911292483357035,0.009068612296213854,0.0019373853541911417,0.003936602155856468,0.00041220964982790245,0.001009913642078361,0.00041220964982790245,0.03514087264782868,0.04338506564438673,0.023866938725035553,0.011191491992827552,0.017168531915332137,0.008450297821472,0.005935818957521795,-0.0068426801871431815,0.002514478863950205,0.01810848680409784,0.016371131791031043,0.007046320835611616,0.02096824994888096,0.011083684561286607,231.0013625009462,0.6860151800977731,-0.17224007088997254
1930Q4,1930-10-01,1930,4,13519,0.012899248318821815,0.0067543026488169075,0.004871604192402027,0.003349837564419015,0.003541684211963882,0.0022728950276925757,0.0014879495918056118,0.025247343980713884,0.03432299106482368,0.006487017997491687,0.004483683767790118,0.004124377758405241,0.004387760444017685,0.003987158630839251,-0.006144945670004906,0.000400601813178434,0.01843103063727975,0.008515987753198565,0.0015004359374683185,0.0055759443622133455,0.0005880086781970438,0.0005474563555627649,0.0007704941300512987,0.03570632007948255,0.04363429915448407,0.020073399703968046,0.012348182242137918,0.016504795312151502,0.0086376447211014,0.005798982136701879,-0.009915042884081186,0.0028386625843995214,0.018509170600753133,0.016799736104442728,0.0065002873116789,0.021564500350254284,0.01126699304212352,227.4852429913455,0.7104032584015012,-0.20389625061268316
1931Q1,1931-01-01,1931,1,14928,0.013223894484720044,0.0069915791295025705,0.005171463539911563,0.0037603219036406546,0.0032451720201316825,0.0024871182279569996,0.0015530120387170076,0.026122303781738587,0.03642530145191803,0.007290444710774951,0.004824501169750205,0.004719837717199351,0.004809376393370024,0.004042247735367233,-0.006232315355217473,0.0007671286580027914,0.02091406221707167,0.00856480643175316,0.001774526491145475,0.005649512910585594,0.0005613298084235686,0.0010140151377974142,0.0005975446347734763,0.03800746025422808,0.04619201100930721,0.019700865534349764,0.011244703581646327,0.012856263354217216,0.008763987976677651,0.007025676311882084,-0.01234925578531851,0.0017383116647955673,0.019477789557353752,0.017693362663255642,0.0074909435287686,0.023182160108869306,0.011550514792858313,221.45190246516614,0.727775502339198,0.02173170730062283
1931Q2,1931-04-01,1931,2,13251,0.013613487726130457,0.006923597035097698,0.006389091616614247,0.0035648604061197515,0.0034019741663169146,0.0037832845171597114,0.0015923341337247573,0.026695824670295142,0.03498065865678863,0.007142021146137658,0.004875032334968657,0.005064755666912922,0.004531741197992884,0.004432220314635086,-0.006689890691032758,9.952088335779733e-05,0.020521761048563267,0.008254915140312553,0.003024701730801546,0.005083179297597043,0.00042009746261132585,0.002142497059317762,0.0007141656864392539,0.039804234582423124,0.04303898504453033,0.01972357586960175,0.012308855654511846,0.017854142160981346,0.008969080826751807,0.00594437909595026,-0.012266845908250714,0.003024701730801546,0.02010673891582934,0.018401896382216554,0.012019591793216412,0.02328651712526232,0.012020508456087863,202.46426684778507,0.7282599053097932,-0.4219284990993252
1931Q3,1931-07-01,1931,3,12614,0.014394522156711002,0.006893396949196396,0.005373495301241872,0.003405834656081582,0.0033426990881364783,0.002651306518921691,0.0016628281790695134,0.026255487565391793,0.035266056381998846,0.007216434149602633,0.004928834982217461,0.004991583215389895,0.004627101194308038,0.004479913980693685,-0.0075011252075146044,0.00014718721361435246,0.023371923169163016,0.007303725990363442,0.0020712058778642596,0.004578455098436784,0.000675867181197811,0.001090108356770663,0.0007412736826040508,0.03752152964004622,0.04295026925676412,0.020101598098851026,0.013822573963852006,0.019164104912028256,0.008219417010050798,0.007870582335884188,-0.01606819717879957,0.00034883467416661214,0.020317548960577244,0.018914535559354247,0.007984600368830131,0.023036754892879437,0.012261074899261572,204.67306167750118,0.7280538054479411,-0.41273748737712573
1931Q4,1931-10-01,1931,4,13304,0.013698846087006458,0.006938942039359081,0.004687642512552365,0.0032399495690889593,0.0033559301549147807,0.002166847643923837,0.0016931664163763085,0.02491030271683584,0.03514286818862722,0.006392819863383127,0.004824266891971779,0.0047848560132931015,0.004266884464944774,0.00403454795159143,-0.006759904047647377,0.00023233651335334405,0.023240916825142628,0.007606846161545391,0.0013812431188069262,0.0052447202482234015,0.0008207386647983185,0.0006405765188669803,0.0008807927134420979,0.03853468121309178,0.04594134721249124,0.01743569212291062,0.01393253928535682,0.01927734961465319,0.007907116404764289,0.004884395956360725,-0.015634070663597236,0.0030227204484035634,0.02077512897981044,0.01897698740260919,0.006894182774768057,0.023422807599146857,0.012364483992384642,200.25849368610943,0.7020211024611531,-0.22558502783174514
1932Q1,1932-01-01,1932,1,14707,0.012302745950420359,0.005629564963555668,0.004083327565921517,0.003274405231373715,0.0024654828968259136,0.001881660932374641,0.0014736022706014805,0.023315190540439606,0.03085314068122156,0.00570151485354086,0.003936686837761221,0.004790149580395094,0.0036756115226720958,0.0037910739651721417,-0.0066731809868646914,-0.00011546244250004625,0.023470319634703196,0.007433789954337899,0.0015342465753424657,0.005607305936073059,0.0006210045662100456,0.0007671232876712328,0.0007853881278538813,0.04146118721461187,0.04732420091324201,0.016785388127853882,0.011397260273972603,0.01749771689497717,0.007799086757990867,0.007525114155251141,-0.016036529680365296,0.000273972602739726,0.01974542676803227,0.018227431279064777,0.0069579531545822864,0.02383273457496607,0.011869744469991929,198.45638131502005,0.639053098333572,-0.5591659070235702
1932Q2,1932-04-01,1932,2,12782,0.01431383672094378,0.006643425639676379,0.006087414413337292,0.0038415651461637225,0.0029355939126582678,0.003755437916985707,0.0016673068669566889,0.027820912054650454,0.03432697021487835,0.005342795457279259,0.004134470406575033,0.005448910018123059,0.003877542343162134,0.003981839873854498,-0.0076704110812674,-0.0001042975306923648,0.027161003821129816,0.00822059279149024,0.003346070432717133,0.005742022100588661,0.0009294640090880925,0.0023959516678715275,0.0006816069399979345,0.045109986574408754,0.045295879376226374,0.016028090467830217,0.013425591242383558,0.01832076835691418,0.00795208096664257,0.006939997934524424,-0.018940411029639573,0.0010120830321181452,0.02097320213571125,0.019054856622207027,0.011472192166779816,0.023601608059128754,0.012234723676614186,215.28266312001253,0.7206726790983025,-0.7161817773554243
1932Q3,1932-07-01,1932,3,11500,0.013851002700780844,0.00684231594913276,0.00494932024437084,0.003296591003139932,0.003053790974088381,0.002613372834434871,0.0015133831376013215,0.02498855672906557,0.03307612013154272,0.005351734901216281,0.003655935046136228,0.0053124646356479425,0.005056152257153522,0.004403336874694916,-0.007008686751648084,0.0006528153824586058,0.02624516715942688,0.009438253354559927,0.002797361837616557,0.005208096429383671,0.0010234250625426426,0.002001364566750057,0.0006140550375255856,0.04032294746418012,0.04721400955196725,0.017489197179895385,0.011234932908801456,0.021901296338412556,0.009915851717079828,0.007414146008642256,-0.016806913804866954,0.002501705708437571,0.020708699278806267,0.018715327040635502,0.008198994434039937,0.022608517451119622,0.013646293276262406,205.93078260869567,0.6825780211502049,-0.2569022252407749
1932Q4,1932-10-01,1932,4,12602,0.01529931260884675,0.006848779836526171,0.005379753670111149,0.00417303958045775,0.0034882008650800973,0.002577962251407277,0.0018675991573028192,0.026877563482075015,0.03562653514412439,0.005817987618712904,0.00371792027362134,0.005388000007853655,0.004476976028681548,0.004498180897162278,-0.00845053277232058,-2.1204868480730076e-05,0.025546610081341407,0.00819655079157045,0.0022259668393351225,0.0065322765191703595,0.0007697268509850423,0.0011233851338700617,0.0007697268509850423,0.04291747279951736,0.04474817449915746,0.015768998730990868,0.009111901641390502,0.020803428405001143,0.008113337077950446,0.006469866233955355,-0.017350059289770955,0.0016434708439950904,0.0214946294532317,0.019748931161766587,0.0073095886434627316,0.023879538849364383,0.013745178867919898,202.07784478654182,0.7329757302426583,-0.5724950557793238
1933Q1,1933-01-01,1933,1,12967,0.014996839419787203,0.00592059288543541,0.005043285548190132,0.004374788726202802,0.002841111493446154,0.002511789646333348,0.0018834632682976373,0.026612161185043254,0.03515633882026228,0.005700792343058623,0.004395631881083359,0.005474170404539108,0.0036665004267162253,0.0045419129316996345,-0.009076246534351793,-0.0008754125049834088,0.026821699177817186,0.00658955344188296,0.0019345477994518782,0.005622279542157021,0.0006650008060615832,0.0010277285184588103,0.0007456069643720781,0.04195550540061261,0.04491778171852329,0.016262292439142352,0.009571981299371273,0.016806384007738193,0.006126068031597614,0.008383040464291471,-0.020232145735934227,-0.0022569724326938576,0.020708836150715497,0.019257358108262835,0.007578598584986287,0.02374831906155198,0.012869238754226743,203.49780211305622,0.7184783284244546,-0.957262050373963
1933Q2,1933-04-01,1933,2,13403,0.014112261959973204,0.007133604490620552,0.0069427637786460975,0.005464014798151297,0.003414520597114645,0.004325722804754315,0.0018376858875603485,0.025587581493781684,0.036234858459805286,0.0058606223113049135,0.0037276130873371677,0.005633177142471298,0.005210626664747598,0.003627039676743554,-0.006978657469352652,0.0015835869880040444,0.0220125786163522,0.008874483929467145,0.004225026044681097,0.005073889724890999,0.001080371956630783,0.0033954547208396033,0.0006366477601574257,0.03966508469344446,0.04527916039665085,0.017671798433460662,0.0090288227804144,0.017671798433460662,0.010610796002623761,0.005228228575838253,-0.013138094686885057,0.0053825674267855075,0.02085076621954396,0.01872070916891695,0.012491208457433465,0.02332434579970793,0.014075694681253132,209.9429232261434,0.7326776515575552,0.29275530502055963
1933Q3,1933-07-01,1933,3,13626,0.014020669398112003,0.006451739548639966,0.005990950207544616,0.006207913798643323,0.0036425776238905153,0.0034015069671141742,0.002117977913106426,0.02709358672844045,0.034175553851224276,0.005470581975560257,0.003552348320925656,0.0048720379734498555,0.005560122505220041,0.003587131372831957,-0.007568929849472038,0.001972991132388084,0.020311797331734372,0.007532603807525109,0.0029043621645930147,0.0059773647129365915,0.0009743666616699146,0.0019299955029231,0.001161744865837206,0.0363513716084545,0.042591065807225305,0.016601708889222005,0.009069105081696897,0.018531704392145104,0.009575026232948583,0.003841253185429471,-0.012779193524209264,0.005733773047519113,0.020001910180510722,0.018189826549029755,0.009439310356008588,0.024458336819378954,0.013661348775308581,213.1009100249523,0.745655648474901,0.11112963548167443
1933Q4,1933-10-01,1933,4,13340,0.013951508226868222,0.006223499729160227,0.00525150741628725,0.004829300458048734,0.003276509257715762,0.002643198820357988,0.0018312081427440138,0.02583709225574464,0.03459841527895792,0.0053304509543886085,0.003409021625243042,0.0049078915696407115,0.004686215295240022,0.003322677130444681,-0.007728008497707994,0.0013635381647953406,0.021489710435257693,0.007885631032598798,0.0033873611364050264,0.005627390274995447,0.001092697140775815,0.00218539428155163,0.0007648879985430705,0.04170460753961027,0.04767801857585139,0.015771262065197595,0.007812784556547077,0.017191768348206155,0.008413767983973775,0.0037151702786377707,-0.013604079402658896,0.0046985977053360045,0.0201573000110207,0.018355283897532368,0.008199327583313364,0.030732776451880602,0.011785842790425645,212.70397301349325,0.7189539558289759,0.0026967715570008766
1934Q1,1934-01-01,1934,1,15543,0.014106413773735716,0.006099521314650161,0.005373614741526431,0.005670648722213821,0.0028127688395787774,0.002791166368256058,0.00196391878995663,0.02701738490648036,0.034882272884959216,0.005575343701672413,0.0035837864557587743,0.0050683209923921176,0.0045914782062832695,0.0031552315467242393,-0.008006892459085554,0.00143624665955903,0.019857167740811706,0.007616664819242767,0.0025177748570885655,0.006460705293661224,0.0008234232237019208,0.0014093205174898259,0.0006967427277477791,0.04118699624709031,0.04752102104479739,0.015391680258428212,0.007236623331380343,0.017323557821728872,0.00870928409684724,0.0028819812829567228,-0.012240502921568938,0.005827302813890516,0.020492444878506162,0.018632040077899193,0.008582026249258677,0.03154834789421774,0.012730595737475845,202.52126359132728,0.7134832460127556,-0.06287692514013091
1934Q2,1934-04-01,1934,2,14939,0.013744100604550107,0.0055847245060190506,0.006284967133672467,0.005843598289241838,0.002740869221159285,0.003916913723659906,0.0017952129949004682,0.0255699683873478,0.03279746147178667,0.0050428738182818735,0.003538463416626834,0.0047949559992825404,0.004170779066094828,0.002892687582541452,-0.008159376098531056,0.001278091483553376,0.02122537937316006,0.007969682676512206,0.004667956996242864,0.00661971601906218,0.0010084088284566465,0.003317990338792837,0.0009433501943626693,0.041474879234910465,0.04739521493746239,0.01680139225476961,0.00858773970040499,0.016655010328058162,0.008425093115170047,0.003204137729128377,-0.013255696696647853,0.00522095538604167,0.01998029177672522,0.018189782986068735,0.012553044821774616,0.03040292003259584,0.011991672519876958,213.84342994845707,0.6902886646150841,-0.18400485538113984
1934Q3,1934-07-01,1934,3,12718,0.014780358015529693,0.006551430795127514,0.005912143206211877,0.004294376368803055,0.003459248131187895,0.003179062064471755,0.001716954153016344,0.027079585150862458,0.03442849644337454,0.0060587521946098575,0.0037426921754239897,0.004880088327390541,0.00483447664211117,0.003871201288711108,-0.00822892722040218,0.0009632753534000616,0.019137554795975512,0.007396249734468841,0.002916014908367611,0.005020952822354827,0.0008690110654075662,0.002066315199969102,0.0005020952822354826,0.04099801093022807,0.044995461831102875,0.017689203020296237,0.0075121178765231835,0.01734159859413321,0.008168704014831123,0.00409400768592009,-0.011741305061506672,0.004074696328911033,0.018666585757841705,0.017279559983945342,0.008921913430361621,0.02818650024480586,0.011849254818331075,217.20789432300677,0.7272461040018824,-0.29741177300512417
1934Q4,1934-10-01,1934,4,11090,0.01230015937568263,0.006594257586116888,0.0051349567414494274,0.0035143875786330914,0.002978535147424478,0.0026138085110242078,0.0014186880408304568,0.02351796781415581,0.032482357088274884,0.005529650106894477,0.003425275989631512,0.0048116315070189175,0.004424035524768685,0.0029300363622599013,-0.005705901789565743,0.001493999162508783,0.016667708398441568,0.00943808988061754,0.002708502614746755,0.005000312519532471,0.0013750859428714294,0.001625101568848053,0.0007917161489259746,0.03621059649561431,0.04777381919703315,0.015063441465091568,0.007104610704835719,0.016626039127445466,0.00829218492822468,0.0040002500156259765,-0.00722961851782403,0.004291934912598704,0.01730466903287472,0.01571226069176139,0.007190485445808448,0.021062057474323534,0.01119868380881,228.68764652840397,0.6740960496753736,0.23020552651371826
1935Q1,1935-01-01,1935,1,11277,0.010786750533556329,0.005543278746725378,0.004731317004909941,0.0035161538139410605,0.0023339730944562393,0.002386226223436603,0.0013304165463794697,0.022468474871989098,0.029428146944692844,0.005099312445175906,0.0025915328436856913,0.004248068209233387,0.003723313382026332,0.002508520780624688,-0.0052434717868309515,0.0012147926014016439,0.01776119705602076,0.011191987185985686,0.002960199509336794,0.0058190223231483545,0.001480099754668397,0.0017436791630340018,0.0010137669552523266,0.03552239411204152,0.046572453924291886,0.016179720605827133,0.003994241803694167,0.01770037103870562,0.00940775734474159,0.004379473246690051,-0.0065692098700350764,0.00502828409805154,0.017003052910359043,0.015484623064122864,0.007274699479616986,0.022226544277102366,0.011923944957195978,239.28376341225504,0.6092414661560931,0.006483874892467416
1935Q2,1935-04-01,1935,2,11098,0.010877823448325642,0.0058165806799219694,0.005561732393831935,0.003481698983663562,0.002529700689526656,0.0032183803065618647,0.0012422012557538815,0.02229959331074808,0.029116784963656498,0.004796450979821687,0.002395279266950265,0.00429338340930292,0.003809834565897985,0.002375392261966361,-0.005061242768403674,0.001434442303931624,0.017157204631050357,0.010820397345714685,0.004941912599884423,0.005101329135364566,0.0013151864177111772,0.003367674312018014,0.0007970826774007134,0.035968355817707194,0.04664926369487675,0.017256839965725444,0.003487236713628121,0.017077496363310286,0.0099436064005739,0.004563298328119084,-0.006336807285335672,0.005380308072454815,0.017447072760431222,0.01612526770512087,0.010056848915144117,0.022057182832254305,0.011445253964683261,244.66939989187242,0.6127462443943504,0.09186345867344652
1935Q3,1935-07-01,1935,3,11021,0.011852201372564389,0.006182981163909146,0.005493051421883889,0.004504721245878077,0.0027344965647086578,0.0029118294624058136,0.0014791969497189449,0.02370401470815351,0.031470962805103773,0.0057592447869172555,0.0026875440907013146,0.00502585490366206,0.0043529987885485635,0.0026836637209486417,-0.005669220208655242,0.0016693350675999214,0.01824727617243013,0.010819516816674563,0.0031643770724774987,0.0061013737565135005,0.00098531501657982,0.0018000947418285174,0.0008905731880625296,0.03569872098531501,0.04839412600663193,0.018000947418285174,0.0031643770724774987,0.017849360492657507,0.009834201800094741,0.005476077688299384,-0.007427759355755566,0.004358124111795357,0.01790751683600824,0.016047148646421476,0.007861676912215182,0.021942979115902844,0.011111625007781682,233.83304600308503,0.6678201712484779,0.20474270053466603
1935Q4,1935-10-01,1935,4,11302,0.012116942114707449,0.007036230555244154,0.005704710692323511,0.003978968890617889,0.003164169309042531,0.00291174848194857,0.0015954481100732985,0.023513000043802437,0.034479571359739024,0.006484245599525449,0.0032176231312506637,0.005555485438659141,0.005116347440935382,0.0027706897844548863,-0.005080711559463294,0.0023456576564804964,0.015982608695652174,0.013391304347826087,0.002765217391304348,0.005060869565217391,0.0018608695652173914,0.0017043478260869566,0.0011478260869565216,0.036591304347826085,0.0488,0.01982608695652174,0.003791304347826087,0.01813913043478261,0.011565217391304347,0.0049043478260869565,-0.002591304347826087,0.006660869565217391,0.01867917726621171,0.016299116481203493,0.00863448747899687,0.022266591975852474,0.012188463097650126,238.3572818970094,0.698487776521448,0.7547065877695057
1936Q1,1936-01-01,1936,1,13521,0.0125143981570359,0.006547594340356867,0.005869518971841874,0.004468292923370674,0.003048582754380412,0.002953892172072245,0.0015740687894652188,0.024898434621990005,0.034788411948135506,0.007245775243471538,0.0033663799141817954,0.0056626265351548515,0.00483505678840676,0.0026902502425635464,-0.005966803816679032,0.002144806545843213,0.0163101323699162,0.01262236347010059,0.0033729593595874497,0.0057715082375163025,0.0016490023535760865,0.0020537574767265803,0.0010193832731197625,0.035438559671398806,0.049020342692670936,0.020822402446519856,0.003912632857121442,0.01681982400647608,0.01127317972626561,0.004722143103422429,-0.0036877688998156115,0.0065510366228431795,0.019235072798058153,0.01706722899750499,0.010631215768959154,0.02281422064053853,0.01198793467705183,228.06952148509725,0.7035912376188821,0.5241478022890064
1936Q2,1936-04-01,1936,2,13574,0.012649696416199318,0.006775484429652926,0.007538943437183642,0.004101492396092269,0.003394941424147588,0.004620863925687705,0.0016026811226789834,0.02501108164006216,0.03528229642435842,0.007395987709235591,0.003299637605515554,0.006034651508560031,0.004992480254454339,0.002747355404737834,-0.005874211986546392,0.0022451248497165053,0.017435990174359903,0.011829950118299501,0.0054854800548548,0.005741670057416701,0.0012056000120560001,0.0043552300435523005,0.0007987100079871001,0.035082960350829605,0.046475880464758805,0.0200280302002803,0.0037675000376750003,0.016682490166824902,0.012071070120710702,0.004581280045812801,-0.005606040056060401,0.007489790074897901,0.019531478004451625,0.017595261114893703,0.01355962536587603,0.0230593591289968,0.012209955435316455,214.89516723147193,0.7122664585066715,0.5988409893584485
1936Q3,1936-07-01,1936,3,12402,0.011327904089356097,0.006397234764584568,0.0055246391273467655,0.0031786383980238445,0.0029399705318981584,0.0029500500194570107,0.0013535311864744796,0.022274587559968452,0.03262910113649822,0.007539096712323145,0.0031271610151339907,0.005383526301522831,0.004828794504087412,0.0024968330610071784,-0.004930669324771529,0.002331961443080234,0.01633615218502217,0.010995170037749535,0.0038903450208529087,0.005011291891268153,0.001318761024017935,0.0023737698432322834,0.0008242256400112094,0.033282231343652637,0.04475545225260867,0.01974844633466858,0.003840891482452236,0.01786921187544302,0.010797355884146844,0.004582694558462325,-0.005340982147272637,0.006214661325684519,0.020929374439494577,0.019081497278411224,0.008598084015951786,0.02260017583252479,0.011904957850473684,223.9895984518626,0.6660903359673194,0.7137767114132757
1936Q4,1936-10-01,1936,4,12821,0.010299299842166574,0.006359196637241254,0.004999390275890606,0.003618043803552798,0.00337450158093992,0.0023812245275159284,0.0012663500733579747,0.020628130481654253,0.03354837544135514,0.0074157043390469055,0.003946704206679449,0.005408652384646626,0.004967080109409867,0.002217241747097557,-0.00394010320492532,0.00274983836231231,0.014760870630112829,0.01079307022843427,0.003739202847672387,0.005878222817301569,0.0015838544813284784,0.0023512891269206276,0.0007511062488774228,0.030387146286106167,0.045343957676795714,0.01820616233692014,0.004376010319546724,0.017471384484757442,0.012213640742615483,0.003624904070669301,-0.003967800401678559,0.008588736671946182,0.020484761106494002,0.018110066753428966,0.007533590494975857,0.02167174687039507,0.01217810300396929,224.5028468918181,0.6635222736907347,1.1502168894607372
1937Q1,1937-01-01,1937,1,13186,0.012499684290248149,0.006833515954846413,0.006119406444907524,0.004986657154432755,0.003702367183069792,0.0030557244146222225,0.0016582979075276622,0.02579201629719688,0.03697385023698126,0.008523990308316088,0.003917568789262616,0.006080310333171529,0.005793836169300695,0.002693133927017593,-0.005666168335401737,0.0031007022422831023,0.015593103231682422,0.010882195910932445,0.0031563079049024842,0.00601425834615747,0.002214126440752489,0.0016488175622624917,0.0008322602933324958,0.03055808548726485,0.044957758864357274,0.016974969379102416,0.0031091988316949847,0.016566690744637416,0.012797964888037435,0.003595992588172482,-0.004710907320749976,0.009201972299864953,0.021058502548796175,0.0186868307360775,0.008850299307105845,0.022607223475689935,0.013685541523448723,219.1955862278174,0.730694218930614,1.0057134131450538
1937Q2,1937-04-01,1937,2,13907,0.012325570664891337,0.006197720636218023,0.006912576050201373,0.004239366154941368,0.0030871602871286475,0.004160596932284835,0.0015809872848677401,0.02320066706655505,0.03466307206559927,0.007952725283272582,0.0035719700215544234,0.005338180332083133,0.004915331325102664,0.0028742526811197755,-0.006127850028673315,0.0020410786439828883,0.01936629805764052,0.010556924311006704,0.004941843809087263,0.00572967398155045,0.0015040394201569932,0.0033805076491147655,0.0006732366928321778,0.03430642296453332,0.04434767661720048,0.018678737179854465,0.0036240187933306595,0.015770927634217613,0.012433392539964476,0.005658053056781069,-0.008809373746633816,0.0067753394831834065,0.022141836024799945,0.020384294874151766,0.011817037652191583,0.022529692220996874,0.013274974294468138,218.17645789889983,0.6975700189177966,0.5956279974879658
1937Q3,1937-07-01,1937,3,12568,0.012092910684684465,0.006379059271385252,0.006055494495155936,0.0041731370398287206,0.003337845530839929,0.0033013199745723096,0.0016377469118380066,0.023161998958837172,0.034842798064219305,0.008273591912135007,0.0035466684080871272,0.005289564648574341,0.0050892275066216405,0.0030467479157373864,-0.005713851413299213,0.002042479590884254,0.017873213862793086,0.010262887818741613,0.0036788505565643007,0.006726138785821426,0.0017367964000947343,0.002242046261940475,0.0008052419673166496,0.03340964711454962,0.04191994947501382,0.017889002920975765,0.0028736085892476513,0.016625878266361412,0.01138391094971185,0.006110365516696929,-0.007610326044051472,0.005273545433014921,0.022704789275142637,0.020988607465728643,0.009140990692673864,0.023342058946828427,0.01368718754987486,215.6612826225334,0.7035626437271415,0.6466205964209514
1937Q4,1937-10-01,1937,4,11692,0.012294230529518311,0.005973989600148965,0.005363433089623694,0.003747978276961052,0.003122032818470431,0.0027142256973886492,0.0016004505883964256,0.023301560285434206,0.03288387345975867,0.0074170881955996845,0.003262456968654252,0.004881759018308231,0.0042669705470924895,0.003481364753461359,-0.006320240929369346,0.00078560579363113,0.019649568395943093,0.00911259460108802,0.0027286300217947176,0.006401125774398929,0.001767603095879597,0.0012012836573939009,0.0009610269259151207,0.034837226064423125,0.039985584596111276,0.017693192153901596,0.0035008838015479398,0.01599423383844451,0.00940433491788368,0.0068988004324621165,-0.010536973794855074,0.0025055344854215647,0.021772208700252187,0.02041839221357045,0.007891342299597865,0.021768232719784793,0.01302202788550293,222.31166609647622,0.6786487580349545,-0.03489665145202062
1938Q1,1938-01-01,1938,1,12691,0.01359683461420983,0.0062293079053895115,0.0061341637672865665,0.004167032380604639,0.0031717053270184778,0.003162928192507136,0.0018098451362386818,0.026264697311739242,0.03525178088059235,0.008681639287858414,0.0032980960639818,0.005243811242456053,0.00451320256573196,0.003767146132267906,-0.007367526708820318,0.0007460564334640541,0.022104414682539684,0.009889632936507936,0.002976190476190476,0.006401909722222222,0.0015811011904761905,0.001736111111111111,0.0008525545634920635,0.037140376984126984,0.04061259920634921,0.018523685515873016,0.002418154761904762,0.014369419642857142,0.009223090277777778,0.008448040674603174,-0.012214781746031746,0.0007750496031746031,0.022741338578506368,0.021355230415613654,0.008085953177360296,0.022150620367081125,0.013403849832856697,224.43542668032464,0.7218483943110124,-0.18065618377441148
1938Q2,1938-04-01,1938,2,12687,0.013349267706667755,0.006179903194635869,0.007696096336013707,0.004195463117553522,0.0033542370830238967,0.004977100775347774,0.0018034679699601016,0.02604674156410661,0.03490738605286225,0.0078068130113059745,0.0032424169192735663,0.00533683801267614,0.004014491010431277,0.003647029353896473,-0.007169364512031887,0.0003674616565348035,0.021954585371973402,0.008828879688872162,0.004830008781834149,0.005912056203738553,0.0013486388157069376,0.0036852339731526787,0.0012075021954585372,0.039377117049303724,0.04133734788608707,0.017406849830636055,0.002760005018190942,0.015085936519884581,0.008593651988458162,0.00907978923598043,-0.013125705683101242,-0.00048613724752226824,0.020200610285817502,0.018994093871406544,0.012321501482761869,0.022560017079487786,0.01298830582788384,214.28635611255615,0.7141538211414411,-0.31565453483110034
1938Q3,1938-07-01,1938,3,11245,0.012474479092941373,0.006557326875475827,0.00628144815499198,0.003277388189415184,0.0032952416659333987,0.0035702702208687586,0.0015634544436665429,0.02414300124591761,0.03370651350084145,0.008199846715151608,0.0030627213884223607,0.005498020602061737,0.004651680798543496,0.003777285531925204,-0.005917152217465546,0.0008743952666182923,0.021119642508822017,0.009806181618285958,0.003794797226606139,0.004841026368520916,0.0012590215097618498,0.002322983348997216,0.0007625059847853457,0.03684854503218485,0.04000496515524977,0.01721844909829234,0.0030854893337825618,0.016402745021545227,0.011313460890536059,0.009575656553118294,-0.011313460890536059,0.0017378043374177646,0.0188601665400046,0.01719167936718082,0.009140588275738885,0.021974776923814675,0.013407372159686133,209.2025789239662,0.7009972016800972,0.029208155452534672
1938Q4,1938-10-01,1938,4,11985,0.01165595115354944,0.006633684732135007,0.005377737536722184,0.0037282602200800078,0.0035725988858606606,0.0027862998235203894,0.001666984459366112,0.023660903391399958,0.03453892846391188,0.007654046680893123,0.0033099917450016155,0.005092675582369394,0.0044517619226496375,0.0029423417477989523,-0.005022266421414433,0.001509420174850685,0.01861463219882224,0.009814685431014407,0.003260471770303091,0.006105067039292012,0.0012476295039425091,0.0017633163655720798,0.000865023122733473,0.035116611770968496,0.04190371627241574,0.017683068835878498,0.003875968992248062,0.015770036929833316,0.011261935655587717,0.006870279801710085,-0.008799946767807832,0.004391655853877632,0.018951763167415047,0.017070967365627018,0.00786591625741146,0.02180461874535851,0.013161972680948186,219.2322903629537,0.6982571639418321,0.440885680193215
1939Q1,1939-01-01,1939,1,13082,0.012478775123256127,0.0066298856827478395,0.005935373386183166,0.004046590419955478,0.0030516949532986694,0.0030282584642035686,0.0016181080217490618,0.024379230121235967,0.03522966438947616,0.008033764388683938,0.002992938684863065,0.0048209848342809156,0.004581008389602913,0.0030866846412434673,-0.005848889440508288,0.0014943237483594457,0.020131434178833743,0.01122543043206756,0.0030479645544024504,0.005902643551696452,0.0011299771030955426,0.0016354931755330222,0.0007434059888786464,0.03638228909572096,0.04493145796782539,0.01862975408129888,0.002720865919295846,0.013336703440482916,0.012875791727378155,0.007716554164560349,-0.008906003746766184,0.005159237562817806,0.018727769670776433,0.016802580236016613,0.008291300535725013,0.02189668746171443,0.01292496406881413,231.57498853386332,0.7064866920352907,0.3664680861640149
1939Q2,1939-04-01,1939,2,12561,0.012279352047581597,0.006425856435919139,0.007282970338577833,0.004096447794555293,0.003103023521032476,0.004559617588748043,0.0016100324432955994,0.02435388170543543,0.03398445919038776,0.007651579273401494,0.0029442326439787212,0.005362849643237935,0.004346944863525486,0.002850028618041213,-0.005853495611662459,0.001496916245484273,0.018382186210336958,0.009946939577632992,0.006878202899427068,0.006802618252180617,0.0012395882148418013,0.004943235929917915,0.0008465480491602546,0.0366283200556303,0.04297743042433221,0.019485722060135144,0.003083853607655213,0.0145878369185651,0.011156293933576212,0.006590981239890554,-0.008435246632703966,0.004565312693685659,0.018948399642049585,0.017197884533489208,0.011783730055167937,0.022006942764296877,0.013824650124578553,223.1054852320675,0.699642595634928,0.2715543717625486
1939Q3,1939-07-01,1939,3,11517,0.011908338408628899,0.006090744336418256,0.005765379899024024,0.003487439179255543,0.00292321438243297,0.0030708947677891545,0.0016213669748471858,0.023484688193713025,0.0324729294839798,0.007333363726658024,0.00265824693641132,0.005148161612997121,0.004551984859448408,0.0029197074603532717,-0.0058175940722106426,0.0016322773990951362,0.017438920182062327,0.009783234222136965,0.004324852205151457,0.0055455766178958196,0.0012032854925623005,0.002179865022757791,0.0014299914549291107,0.035488202570496834,0.044033273459707374,0.017194775299513455,0.0028774218300402837,0.016549535252777147,0.012904800934726122,0.005859477181172942,-0.007655685959925361,0.00704532375355318,0.018330082684857533,0.017003794745175445,0.008552723533401503,0.02161122084519731,0.01377273962216559,222.83172701224277,0.6752138150909092,0.2745950842077611
1939Q4,1939-10-01,1939,4,11060,0.010912059267063663,0.005964040946225944,0.005042541250953634,0.003269148704343744,0.0027819007968006163,0.0025564695408756303,0.001445923985371489,0.02235763917314979,0.03183801221837407,0.006986786959948776,0.0031259800821598054,0.004635974003425764,0.004363083535727097,0.002274087230822227,-0.004948018320837719,0.00208899630490487,0.016669064230741566,0.010375458534129325,0.003937998993023089,0.006077824929871251,0.001636337481119183,0.002121844206286413,0.001438538444939941,0.03461483133136733,0.045206070632237645,0.01760411421995253,0.0034704739984176077,0.017676041142199526,0.01291088254333597,0.0038301086096525928,-0.006293605696612242,0.009080773933683377,0.018967803905522898,0.017217792815983478,0.007612819496062582,0.02089095677999259,0.012951071507354181,228.61546112115732,0.6521920025691254,0.5534037752933657
1940Q1,1940-01-01,1940,1,12403,0.009218226649171745,0.004917579359591456,0.004260507914877541,0.0027473546802848207,0.0019931392026768576,0.0020885967072220516,0.0012308283889943905,0.020766560865121582,0.02738281157767981,0.006110966819241265,0.0021941733818603756,0.0038476457750778333,0.003499546323874158,0.0020019091500909037,-0.004300647289580291,0.001497637173783254,0.015620154406124015,0.01015228426395939,0.003460264089966866,0.004929244128160347,0.001387370036071621,0.0018933520492271532,0.0008487440220673446,0.03421091288948373,0.0443795191538675,0.018052132469355445,0.003215434083601286,0.01666476243328382,0.010609300275841806,0.004423262115004815,-0.0054678701421646235,0.006186038160836992,0.015682508765176698,0.01443338979064133,0.006426983576075532,0.02111840054467735,0.010107135466538771,239.02846085624446,0.5758937756984757,0.16098835272248144
1940Q2,1940-04-01,1940,2,11732,0.011335891304203375,0.005951822831108213,0.006960712727369377,0.00317248436460609,0.0027941045096233994,0.0042522512678493775,0.0016331243692130953,0.023651140418425365,0.03237787190309932,0.0072995934170026556,0.0026279865245090474,0.004567506288488614,0.004240069282274325,0.0023965287985830506,-0.005384068473095162,0.0018435404836912746,0.016183320300547376,0.009876585183422297,0.0056947608200455585,0.004810797946486247,0.0015469350287287934,0.004130826505286778,0.0009519600176792574,0.03285961989596437,0.045456090844184546,0.018291231768265734,0.0033828579199673614,0.01637031244687723,0.011916499507020705,0.004504810797946486,-0.00630673511712508,0.007411688709074219,0.017798150298431077,0.016058786948410002,0.01352563644860903,0.022551120150354344,0.012257457997076796,230.899931810433,0.6638070993658722,0.36778668612946447
1940Q3,1940-07-01,1940,3,10462,0.010266765169669352,0.005925312581482264,0.005801925154273085,0.0034117787655669925,0.0029193930890624416,0.003314388060442767,0.0015764877885248141,0.02329539105278188,0.03185646084505643,0.007994962068066403,0.0026035523162691366,0.004504805125467165,0.00423280957051863,0.002308664125454749,-0.004341452588187089,0.0019241454450638822,0.013185042541903284,0.01010001768485587,0.004244365408421921,0.00457841268593661,0.0017095360672810516,0.0026527283802637008,0.0011003910318130906,0.031970289442141045,0.04442828790945354,0.019060344658191036,0.003183274056316441,0.018706647540822543,0.011789903912283115,0.004519463166375194,-0.0030850248570474153,0.007270440745907921,0.017716610884281888,0.016171103157715853,0.008734355818014976,0.021790485282126387,0.01159336216938342,246.34372012999427,0.6637351159065794,0.4688941225272576
1940Q4,1940-10-01,1940,4,10683,0.010325336216006622,0.006283694120359932,0.005594481599824924,0.003408976579993082,0.003453406369542755,0.0029727568280508393,0.0015407222888465073,0.023701640377205242,0.034105922087039796,0.00844202720278123,0.003497836159092428,0.004518619753704747,0.004614088722985035,0.0020459734493452663,-0.004041642095646688,0.002568115273639769,0.01280842073492794,0.009978872708066099,0.0033765939787217987,0.004885686259714781,0.0017165924696295179,0.0020750018863653513,0.000867728061570965,0.030823209839281673,0.047328906662642424,0.018693880630800574,0.0038670489700445183,0.017637516034105485,0.013713876103523731,0.00347091224628386,-0.0028295480268618425,0.01024296385723987,0.017616488509919266,0.0157468539876833,0.008013124724661232,0.021734812279110987,0.011493643578061331,254.9282036881026,0.6825579661878286,0.8773314768506051
1941Q1,1941-01-01,1941,1,11378,0.010387961153529645,0.0061591756127272615,0.005974655568332083,0.003121320377152073,0.0032823874065587046,0.0031654672288952183,0.0015927356355456654,0.024467702784079816,0.034087922594013824,0.009152883996559304,0.0028322964571461683,0.004664045907207456,0.004995147295281046,0.0021814752912140177,-0.004228785540802383,0.0028136720040670285,0.012815028695683172,0.010266281681103625,0.003439917299397569,0.004794496132320964,0.002281395929134139,0.0019427512209032902,0.0008733468791216626,0.02942644280469112,0.04384557801304673,0.01974833351156739,0.0034755641107902897,0.016486650269133426,0.01351014151784123,0.0034220938937012083,-0.002548747014579546,0.01008804762414002,0.017705306482451322,0.015999214275779473,0.008086899175154734,0.02289442782497329,0.01182759544681729,254.82633151696257,0.6845583279931738,0.8923578154884894
1941Q2,1941-04-01,1941,2,11211,0.010544853136560492,0.005966332546146704,0.007424913044853987,0.003368650692255846,0.0035802758544195806,0.00454585818596408,0.0017583261062092933,0.02485030581877333,0.03415977155369954,0.008667105114081954,0.0027599731760003456,0.004466924041877285,0.005033412619051912,0.002061814280887832,-0.004578520590413788,0.0029715983381640803,0.015586995991915317,0.008906854852523039,0.006406084067006954,0.0049158987359117536,0.0024493850844438353,0.004419170292213353,0.00130177109383029,0.032527148778733174,0.03996094686718509,0.021410708780103458,0.003631256209105546,0.016015210167517384,0.013839882155458874,0.0031859134664793945,-0.006680141139392279,0.01065396868897948,0.01668499211832267,0.014973948467386311,0.010192953861931342,0.022857860026390807,0.011847766025239691,262.1674248505932,0.7007232340951952,0.898682675480721
1941Q3,1941-07-01,1941,3,10491,0.010616294826839524,0.005525907712940585,0.0061388496947514005,0.0036245651779103394,0.0032075550774646904,0.0034506363420460737,0.0018503513502186335,0.0241991589947053,0.033932537963984856,0.009477724535840516,0.002900560204523547,0.004274178902222657,0.004755451865718557,0.002238024056663081,-0.00509038711389894,0.0025174278090554754,0.01625421822272216,0.008361454818147731,0.004330708661417323,0.005211848518935133,0.002530933633295838,0.0027371578552680916,0.0011998500187476566,0.0348331458567679,0.03935133108361455,0.019216347956505436,0.002962129733783277,0.016197975253093362,0.011942257217847769,0.0034683164604424445,-0.007892763404574428,0.008473940757405323,0.017053694504796182,0.014849899511543245,0.007933323687060638,0.0239485880884163,0.011968581808617755,272.9234582022686,0.6954341934312178,0.7213792186541662
1941Q4,1941-10-01,1941,4,10876,0.010863497241904819,0.005516860536419523,0.005793976891109691,0.003580396916402004,0.003743583935427533,0.0031283655228384758,0.001964275781370945,0.02532515097312407,0.03501718657537129,0.00879735523099843,0.003084134133698086,0.0041259173824668115,0.004454972110768802,0.0020440263163361934,-0.005346636705485295,0.0024109457944326085,0.017982921442112037,0.007721873423885633,0.004173985634532774,0.0057740134611036715,0.0032696220803840065,0.0026435242352040905,0.0018435103219186422,0.0374441294631211,0.0455486182368389,0.018939459816692466,0.0038609367119428165,0.01638289361554114,0.009739299813909807,0.0035826710029739648,-0.010261048018226405,0.006156628810935843,0.015858597469675703,0.014534274164016045,0.007016371152619631,0.022744425594708045,0.010597161695213788,274.3937109231335,0.7090351994735125,0.6578091775551139
1942Q1,1942-01-01,1942,1,10984,0.00957563418103246,0.004838871606116811,0.005239084184784452,0.0030002237489844775,0.002867961715280959,0.0028611087601667874,0.0017632653508764416,0.02552657250477908,0.031141198629820153,0.008721413326050927,0.0022210427525031274,0.0040072655030120455,0.003801676849586887,0.0016399121588213466,-0.004736762574915648,0.0021617646907655403,0.016825924387203987,0.007893643539675945,0.0048989059687023955,0.004552693532751696,0.003358260628721784,0.0024234870516548954,0.0023888658080598256,0.04071458246780224,0.044332502423487054,0.022071042791857082,0.0029774269491760143,0.01758759174629553,0.01062872178368647,0.003237086276139039,-0.008932280847528043,0.007391635507547431,0.014259656608885217,0.012601943466370101,0.00651569485971374,0.022053752813734923,0.009769807221177521,265.700018208303,0.6523482164670343,0.29487973303172105
1942Q2,1942-04-01,1942,2,11145,0.009843134716119716,0.004808274200403633,0.00596689025059602,0.0032358918352928595,0.0027559792047242545,0.003652121044942903,0.0018855218381357436,0.025845617314009226,0.031243578881592467,0.008340768929808907,0.0023154728898621625,0.004103182622940668,0.0034512192032605912,0.0018172644698583906,-0.005034860515716083,0.0016339547334022005,0.018135228963465037,0.007670689370143826,0.005951396925111588,0.004761117540089271,0.0024962803769218054,0.003951066291949083,0.0024962803769218054,0.04291618449330468,0.043643577450818316,0.02079682592163994,0.003190610018184824,0.017176392792197057,0.009224665233922963,0.004165977847578112,-0.01046453959332121,0.00505868738634485,0.014644317729327729,0.0134724390113583,0.008718781192575093,0.021730415387448195,0.009293769561568577,255.01875280394796,0.6658851080718208,0.057214181765927886
1942Q3,1942-07-01,1942,3,9865,0.01202163563571316,0.006002922698130849,0.006392039313184737,0.003865601000950798,0.004060723245601009,0.0034791160924721536,0.002362896546486653,0.028496494754820818,0.03526035661127927,0.009580539808133552,0.0028911176519462786,0.0045754098601022385,0.004305847915180849,0.002164766637179021,-0.006018712937582311,0.0021410812780018277,0.01855072463768116,0.0071996259934548855,0.004955586722767648,0.0041888733052828425,0.0025993454885460494,0.0033847592332865825,0.0019074333800841515,0.04258064516129032,0.04372136512388967,0.017727910238429172,0.0031977559607293126,0.01847592332865825,0.009125759700794763,0.0038896680691912107,-0.011351098644226273,0.005236091631603553,0.015530740010532808,0.014114439914218284,0.007823501556154236,0.021808145285048278,0.00985101436484854,269.627065382666,0.7287402283794966,0.27381684133621603
1942Q4,1942-10-01,1942,4,9032,0.010219926114061417,0.005026470297192994,0.00508089520730943,0.0038670547877428505,0.0029500775142659234,0.0027884520236171125,0.0017910743147409045,0.02560320942045717,0.03214162021308177,0.007814097700959857,0.002597552528284461,0.0038645809281921033,0.0034415509450143483,0.0016888214533100241,-0.005193455816868424,0.0017527294917043244,0.018204952530096897,0.0073015562298130565,0.0038758931193109522,0.005559361847900558,0.002995008319467554,0.002642654399530195,0.0015268669863952237,0.04247822257022609,0.04521875305862778,0.01742194381912499,0.003366937457179211,0.018733483410002937,0.008847998433982578,0.004208671821474014,-0.01090339630028384,0.004639326612508564,0.01424972825151839,0.013203690003030844,0.006173799501876891,0.02157088768453361,0.009154327448530683,268.52967227635077,0.6653201998878517,0.1779793515893304
1943Q1,1943-01-01,1943,1,9204,0.009922108418640791,0.004687425091202168,0.004924419567059939,0.0035196393342083435,0.00258839577353821,0.002623221297662348,0.0017335874541275483,0.025799833742043272,0.03184681111268906,0.008531348851345667,0.002335571513987649,0.003766583959815868,0.0036064770047516486,0.0017335874541275483,-0.0052346833274386235,0.0018728895506241005,0.01724172417241724,0.00654065406540654,0.0039203920392039205,0.0053005300530053,0.0030603060306030605,0.00282028202820282,0.00116011601160116,0.04020402040204021,0.044684468446844684,0.0175017501750175,0.0027802780278027802,0.01576157615761576,0.008340834083408341,0.00366036603660366,-0.0107010701070107,0.00468046804680468,0.014980655042145316,0.013772175133054274,0.006200837923075219,0.022089197990667362,0.009276667887865317,240.22403302911778,0.6604104346315867,0.18095353346213294
1943Q2,1943-04-01,1943,2,9038,0.009931888663150883,0.004914616124696507,0.005792686566095212,0.003582470104303691,0.0028271098877225317,0.0034616697662537333,0.001676880581942498,0.02550988008298458,0.03275264817737118,0.007890697180290923,0.0025186631747570265,0.003646928782709795,0.0033704726731013934,0.0018301489950414565,-0.005017272538454376,0.001540323678059937,0.01655540169067648,0.006820577475559597,0.005518467230225492,0.004898414732447347,0.002376867908149557,0.00452638323378046,0.0011160944960006613,0.0414401752681727,0.04247359609780295,0.019035611681789057,0.003327615071409379,0.016369385941343035,0.008680734968894033,0.0043610359010396215,-0.00973482421511688,0.004319699067854412,0.014132719972437691,0.012820287329529976,0.0088357763558825,0.02188457278674753,0.008876479559663104,231.72881168400087,0.6708883122091899,0.1681817992366742
1943Q3,1943-07-01,1943,3,8621,0.008935325288962797,0.004329128484415803,0.004662532322503427,0.003351963318407835,0.0024869570472404044,0.0026124316099615536,0.0014647234668672894,0.02389650243497473,0.03053794786096599,0.007545886559728197,0.0024618621346961748,0.003295627800451401,0.0032899942486557575,0.0018739241836599342,-0.004606196804546993,0.0014160700649958236,0.016159907403285403,0.006321506477318256,0.004496282776120732,0.005653741708587455,0.002337176690557806,0.0032275297155322084,0.0012910118862128834,0.04004362729822374,0.03810710946890442,0.018363531140097047,0.0032497885411565688,0.016226683880158483,0.008636424342251703,0.004629835729866892,-0.009838400925967146,0.0040065886123848106,0.01456532684806552,0.013573894609391669,0.0068935580426889185,0.022814474659411457,0.009133795578125754,226.49193829022155,0.6373160325250552,0.10793775371671677
1943Q4,1943-10-01,1943,4,6873,0.009257556330069415,0.004456234731855807,0.005017732005929515,0.0038973369821991067,0.0026859586038734213,0.002550133453084758,0.0014875778476327755,0.024213920063324415,0.03349877139977241,0.008548536045330507,0.003387180315361305,0.003779708502329499,0.0033618349522954775,0.001899602467728529,-0.004801321598213607,0.0014622324845669486,0.013950595343877732,0.0043243883656181505,0.0034950536105680945,0.005923819678928973,0.0019252413956519165,0.0022510514779930098,0.0010662875422072153,0.038978733487352646,0.03806054143711866,0.021266512647355015,0.005746105088561104,0.019755938629228125,0.006605058942005805,0.003909720988093122,-0.009626206978259581,0.0026953379539126827,0.015213616718324623,0.01303954896156538,0.006166203511040661,0.022539577358675403,0.010994729156961364,223.88229303069983,0.663073040787188,0.31637520202083586
1944Q1,1944-01-01,1944,1,5565,0.007173078126898675,0.0033854866683114175,0.0035379329898995106,0.003096059593991995,0.0018426120609343413,0.0018985826910826267,0.0009765402049556101,0.020570679490814557,0.02432733981168829,0.005422523023445066,0.0020245166089162686,0.0030069484591506456,0.0025621292406037464,0.0014677561300727986,-0.003787591458587257,0.0010943731105309477,0.011246485473289597,0.003219102726050283,0.0027708732325496107,0.00431930239191557,0.001955910517093843,0.0015891772951387474,0.0006519701723646143,0.037162299824783016,0.030398109286500143,0.020863045515667658,0.004441546799233935,0.01927386822052891,0.005175013243144126,0.0027301250967768226,-0.008027382747239313,0.002444888146367304,0.011602069584512426,0.011282934106788088,0.005660173056173833,0.022474637034746423,0.00773108013673206,243.9991015274034,0.5393985366626038,-0.1718109755376289
1944Q2,1944-04-01,1944,2,5624,0.008536447458786473,0.0040565363812633945,0.004792270584698384,0.0035945477061917514,0.002181689802875638,0.0027946867165154743,0.0012411636046700848,0.022387143751568694,0.026654677945626003,0.005640399047889608,0.002146523500743319,0.003168414868588356,0.0028070983525621753,0.0016783290076483259,-0.004479911077523079,0.0011287693449138494,0.01283275407707291,0.003666501164877974,0.004048428369552763,0.00485047549936982,0.002253370507581255,0.002979032196463354,0.0010693961730894091,0.03933850208150327,0.029332009319023793,0.02020394912729634,0.005041439101707215,0.01703395332849559,0.0040866210900202425,0.0028644540350609175,-0.009166252912194936,0.0012221670549593248,0.011648207870466885,0.011201646447191769,0.007270684999833002,0.022956519621342666,0.007371629211910986,257.86842105263156,0.5950027995134639,-0.17480171986347334
1944Q3,1944-07-01,1944,3,6066,0.009151167179210476,0.004393335160601046,0.004927882718113341,0.0031843249130732395,0.002678477895561605,0.0027172236245624963,0.0013388801910307942,0.023695883338045006,0.029319036637674337,0.005903701078135785,0.0023677945500544593,0.0037619232805865244,0.0030716752935706485,0.0017751283990408279,-0.00475783201860943,0.0012965468945298206,0.013089823270025346,0.004513732162077706,0.003159612513454394,0.0032984965799798616,0.0027776813305093575,0.0018054928648310823,0.0009027464324155412,0.03808895524460956,0.030658657685497033,0.017777160515259887,0.004513732162077706,0.015624457484115135,0.004201243012395403,0.0027429603138779905,-0.008576091107947641,0.0014582826985174125,0.012481251656340253,0.011945570218070172,0.006998022764128969,0.023556370636974616,0.008220643465979468,229.75634685130234,0.637611196654665,-0.028548977000530922
1944Q4,1944-10-01,1944,4,5865,0.008604614350441056,0.004320762873381843,0.004470537962306366,0.0030366721820810788,0.0025454666771722177,0.002375106386452382,0.0012194957477361602,0.022709026752954154,0.029029393538660075,0.0055970453846912824,0.002585217411673513,0.0037550247412830545,0.0030480295347957344,0.0016084850782131194,-0.004283851477059212,0.001439544456582615,0.011021466647457139,0.004034000864428756,0.0032416078374873938,0.003349661432070307,0.0032055899726264226,0.0020890361619363205,0.000900446621524276,0.037062382941939205,0.031659703212793544,0.016784325025212505,0.004682322431926235,0.016784325025212505,0.004934447485953033,0.0021970897565192337,-0.006987465783028382,0.002737357729433799,0.012185783895247295,0.011176340102792465,0.0056810874881880235,0.02355353848672499,0.008195066972859025,240.20102301790283,0.6175787685648352,0.11752950772458796
1945Q1,1945-01-01,1945,1,5675,0.00979767505643579,0.005075353207170334,0.005209673903106254,0.003489525095466149,0.003544378573387624,0.002540137977594464,0.0017236650562248148,0.024712898303058433,0.03238957221319719,0.006779327271320773,0.0025802232114601575,0.004392497732019663,0.0037251137506417154,0.001900883984894196,-0.0047223218492654555,0.0018242297657475193,0.012254035583834099,0.003416990691646047,0.0022779937944306977,0.0034955422017988297,0.0022779937944306977,0.0013353756725973057,0.001256824162444523,0.03436628569184243,0.03189191312202977,0.017988295824987236,0.0045559875888613955,0.01747771100899415,0.004202505793173873,0.002474372569812655,-0.008837044892188053,0.001728133223361219,0.012636977529757037,0.012165308693539224,0.005907090640962474,0.023836371524247068,0.008086065114612032,250.56740088105727,0.6695162345197156,0.3317189089501785
1945Q2,1945-04-01,1945,2,5644,0.010608884703016084,0.005292105619346252,0.007065775226149924,0.004042923368449548,0.004760568702203974,0.004194488935008685,0.0020274538112747863,0.025795049516118117,0.03422843962191793,0.008199344672787566,0.0036425082902840126,0.004571640461097701,0.004155716348214487,0.001903381533533353,-0.005316779083669832,0.002252334814681134,0.013414548271248503,0.004084219421167524,0.003943384268713471,0.004541933666643194,0.002675867896626998,0.002640659108513485,0.001337933948313499,0.03637067812125907,0.032638546581226675,0.018836701640729526,0.007147383987043166,0.017005844658826843,0.0045067248785296814,0.0020069009224702485,-0.00933032885008098,0.0024998239560594326,0.01369233041976881,0.01289962312879703,0.009490005615368113,0.02322104595668936,0.008711173587661002,251.33380581148123,0.711956337837533,0.502568815752975
1945Q3,1945-07-01,1945,3,6225,0.010416707479368363,0.004793696690449044,0.005554445450069414,0.0032134288807655286,0.004162895573029922,0.0030279759642572153,0.0016795243002090917,0.023611943690225717,0.0315491979161361,0.0067833975235505614,0.0027576326282204486,0.0040120518275601315,0.0035360124749736514,0.002199314869014083,-0.005623010788919319,0.0013366976059595687,0.015204473960153793,0.004252592333682861,0.004223464988931609,0.003728300128160317,0.003553536059652802,0.0026214610276127227,0.0013689852033088664,0.034865431667249216,0.033234300361179074,0.015816148199930095,0.005825468950250495,0.013748106722591169,0.006087615053011767,0.003611790749155307,-0.01095188162647093,0.0024758243038564606,0.013478758244606766,0.012768383829204097,0.007543473577101083,0.021833353933272247,0.00908849132509108,246.00578313253013,0.6804561358142232,0.09785404238525758
1945Q4,1945-10-01,1945,4,6151,0.008964470975765885,0.0040254859476774795,0.004296829007858799,0.003072740240108158,0.0031471734985120117,0.0022702143813175227,0.0011665721589840265,0.02083386902723851,0.028389521421215102,0.005772637522211561,0.002689747292321059,0.0036797096290923067,0.0033596466179557378,0.001622645033204,-0.004938985028088405,0.001737001584751738,0.015220061719147917,0.004284387452437307,0.003205800401474069,0.004314348203852953,0.0036552116727087513,0.0020672918476795396,0.0008688617910537197,0.03328639482278216,0.038409683314857536,0.01593911975312341,0.006471522305779429,0.014890493453575815,0.00653144380861072,0.0024567816160829315,-0.01093567426671061,0.004074662192527789,0.013160883470377912,0.012463535929998855,0.005609516077069498,0.020829624569677452,0.008487253651050021,240.2591448544952,0.6101537791118624,0.27227582624235985
1946Q1,1946-01-01,1946,1,6969,0.009499774886851022,0.004243975261249733,0.0048736996753631434,0.0031936447003625508,0.0030301414658420417,0.0025704367195090163,0.0014407241534560792,0.02151311580294306,0.030056159806639653,0.0062859884836852205,0.002865453425274283,0.0037522807516409563,0.004102983341626976,0.001891542854434729,-0.005255799625601289,0.0022114404871922465,0.015682559730554678,0.003946952952320808,0.003999578991685086,0.004394274286917166,0.0040258920113672245,0.0027628670666245657,0.0009998947479212714,0.03494369013788022,0.0379170613619619,0.01668245447847595,0.006551941900852542,0.014051152510262078,0.008578044416377224,0.0027628670666245657,-0.01173560677823387,0.005815177349752658,0.012583130937655842,0.0121924463958116,0.00618440859274549,0.021861067916852467,0.0096131622268849,242.22126560482135,0.6367254330466102,0.5008314868460175
1946Q2,1946-04-01,1946,2,7681,0.00934303972317953,0.0041543999665136526,0.005181082074107147,0.0032846851120629916,0.003103882090850321,0.0030579546353011215,0.0013284080497458293,0.02157020738280941,0.029889471799379574,0.006256017078037142,0.0029765642077455782,0.003683498207085153,0.003968364703529554,0.0017376856283108464,-0.005188639756665876,0.0022306790752187077,0.017421101818791786,0.004313340202726989,0.004816563226378472,0.0037861541779492464,0.0034027461599290694,0.003666339172317941,0.0011981500563130526,0.035129759651098706,0.03536938966236131,0.016750137787256477,0.005703194268050131,0.012916057607054707,0.008914236418969112,0.0032589681531715034,-0.013107761616064795,0.0056552682657976085,0.014136926655197621,0.013086891968306095,0.007816889465962562,0.02060828797093001,0.009471234440122525,223.94271579221456,0.6317141289131355,0.49589300299469397
1946Q3,1946-07-01,1946,3,6958,0.008319862209020448,0.003432359709729397,0.0038518485606043778,0.0025946888268295137,0.0025149728769747665,0.002183694298480039,0.0010055971051348832,0.01971858962882424,0.025907030293367765,0.00550562781537786,0.0021052851674753697,0.0029991492609285995,0.0034722176846567706,0.0017478702119790857,-0.0048875024992910505,0.001724347472677685,0.01602394321432355,0.0042907087615213476,0.004396652187731751,0.0034696472083907194,0.003019387646996504,0.003045873503549105,0.0010859201186566375,0.031226824875516476,0.0347494437970124,0.015891513931560547,0.004687996609810361,0.012686725288695836,0.00786629939612247,0.0033901896387329164,-0.011733234452802204,0.004476109757389554,0.013727684223477338,0.013367827853525457,0.006423703275392639,0.01935850303901161,0.00892311205256839,219.95314745616557,0.5804758650160673,0.16466496355761231
1946Q4,1946-10-01,1946,4,7023,0.009514209521161247,0.004022989615537365,0.0038878171644553096,0.002898483558202361,0.0027884145623212585,0.002064920109863019,0.0011238623789965184,0.02062924707013712,0.02726106499155816,0.005769288947849825,0.002231632799530887,0.0032589434277545087,0.0038408286457458332,0.0020784373549712245,-0.005491219905623882,0.001762391290774609,0.018342854148105447,0.005083591006760652,0.0037733871390388343,0.004926366542634034,0.003144489282532362,0.002620407735443635,0.001205387558304072,0.03293852523452649,0.03550652481526125,0.015958283108851737,0.0051097950841150885,0.015460405639117446,0.00890938630050836,0.003930611603165452,-0.013259263141344794,0.0049787746973429066,0.013077604929279877,0.012680442864327268,0.005216830589863688,0.019844779340460625,0.009613634762457982,221.21187526697992,0.5967574060020431,0.16489076623972687
1947Q1,1947-01-01,1947,1,6883,0.008249243401872814,0.003776652957160913,0.0036541245009832457,0.003087958531058851,0.002184386615305313,0.00194536558749075,0.0010134250143955846,0.019223085085450016,0.024796017281944617,0.005589832673208761,0.0016924620252324117,0.0026920045051842213,0.0033239616166030285,0.0017250558017525793,-0.004472590444711901,0.001598905814850449,0.01647289460070248,0.004628747243172597,0.003321806845100335,0.0061807389658834104,0.002913387970702753,0.00228714569662646,0.001170800773273069,0.033000245051324636,0.036104228496746264,0.01696299724997958,0.004247556293734855,0.015846652326626187,0.007678274838674544,0.003730225719497917,-0.011844147357529883,0.003948049119176627,0.012514391186860064,0.011927535116180122,0.005617619765947745,0.01907935092072717,0.008588849390515114,240.702891181171,0.5479828677453195,0.10317679055025632
1947Q2,1947-04-01,1947,2,7233,0.01154807177976596,0.005113954164315774,0.006153842396176045,0.0034860375312332843,0.0033211697551896713,0.0038200474330697893,0.0013714556481257587,0.024638573197628834,0.03198495917385368,0.007676732149704825,0.0026488756017673826,0.0038969857285568086,0.0044648636238181424,0.0028338938837718817,-0.006434117615450187,0.0016309697400462607,0.017654571407106905,0.005834773245185686,0.005609395737860917,0.00493326321588661,0.0027796559236721507,0.004131920967620765,0.0009265519745573836,0.0356096461573135,0.03455788445646458,0.019908346480354593,0.004657801818045226,0.014399118523526908,0.007637793303783838,0.004557634037011995,-0.011819798161921219,0.0030801592667718427,0.014598874432301538,0.013560317908830636,0.008737273282128326,0.020797929546140747,0.009819995744903956,226.417254251348,0.6943980372185952,0.0958625812262315
1947Q3,1947-07-01,1947,3,6668,0.008605576584970069,0.0037500181107039616,0.004116641752637391,0.002652666935020054,0.0026356586217344824,0.0024391181126567677,0.0010734135495782883,0.02007295936461981,0.026221779586118446,0.005551639443916347,0.0018161098963815757,0.0033015025899881508,0.003828130364311771,0.0019748541537135764,-0.004855558474266107,0.001853276210598195,0.016244785864186335,0.005259476125087442,0.004300852397854755,0.004948571132471435,0.0030054149286213956,0.0028758711816980593,0.001036349975386688,0.03673860662745809,0.03907039407207814,0.01862839080757572,0.0040158561546234164,0.015286162136953649,0.008368526051247506,0.00435266989662409,-0.010985309739098894,0.0040158561546234164,0.012051330656877971,0.011634464359060851,0.0064843432292917575,0.019016036564636216,0.00941589821026375,238.07123575284942,0.591431967691764,0.21217932702971587
1947Q4,1947-10-01,1947,4,6552,0.00996342947998201,0.004539745791653163,0.004498690266543666,0.002904989428202284,0.0030001636000470274,0.002409834913245321,0.0012851623466094047,0.022255204876401098,0.030643595120364225,0.006674633097347005,0.0028633118496820373,0.004382366278733425,0.004475052236935168,0.0019457830688258556,-0.005423683688328847,0.0025292691681093123,0.016463737427210166,0.00563790365272631,0.004102699841185812,0.005187930121757544,0.0026998411858125994,0.00235574377977766,0.0007940709370037057,0.034621492853361566,0.04126521969295924,0.019295923769190048,0.004923239809422975,0.018501852832186343,0.008046585494970884,0.002964531498147168,-0.010825833774483854,0.005082053996823716,0.01302820656448448,0.012356412453373537,0.00558497034176138,0.0192204989258367,0.009737028385094205,245.35699023199024,0.649346004146608,0.5936196802537775
1948Q1,1948-01-01,1948,1,6716,0.01138957791854846,0.005048103054679856,0.004951748707863503,0.0031426340807795316,0.0031883406299103656,0.002623185326468292,0.0014743450375040766,0.02449315142950321,0.032202734486950164,0.008124647936040478,0.0024125646068248524,0.004516918835051241,0.005027102748322446,0.002859747601023827,-0.006341474863868602,0.0021673551472986196,0.01762350480756969,0.005534443622637659,0.0031880435614272235,0.004284730546558188,0.002524930500650361,0.0019893391823305874,0.0007906348032339514,0.035400035706087886,0.03897064449488638,0.021143104899385347,0.004284730546558188,0.016985896095284246,0.008135887168762275,0.004182713152592517,-0.012089061184932031,0.003953174016169757,0.014401821077868972,0.013735494104044278,0.006264290449585453,0.020584230272813017,0.010604490435321868,241.06968433591425,0.6970779926671872,0.33163499642228395
1948Q2,1948-04-01,1948,2,6787,0.009439061467325423,0.004185985503031133,0.004646025690012756,0.003521271789334545,0.0024693892681368944,0.002885072963260785,0.0010987736697329676,0.021874087127555963,0.028074491025097535,0.00620420588255795,0.001820517158675211,0.0034262221639251187,0.003840638530710217,0.0022862603231813996,-0.005253075964294291,0.0015543782075288174,0.0172108651601816,0.006284145997383743,0.005027316797906994,0.006104598968887065,0.0018467694359658347,0.004103932079924077,0.0010003334444814939,0.035575961217841845,0.0398594403262626,0.019339779926642216,0.0044373765614179085,0.014543309308230949,0.009003001000333445,0.004745171467412214,-0.010926719162797856,0.00425782953292123,0.012931528704396508,0.012168192360774533,0.00738461201463022,0.01993608179291255,0.009438824914851117,232.5214380433181,0.6195784485746675,0.07279955335152453
1948Q3,1948-07-01,1948,3,6954,0.010211412776982209,0.004607730008367711,0.004480262692451251,0.003193391704012354,0.003043358403938435,0.0025286100085628762,0.0012771127250194554,0.02257330285502392,0.030946502760368765,0.0063068876262780274,0.0023267359340731725,0.0044503780107292105,0.0044570868168300765,0.002402972367037562,-0.005603682768614497,0.002054114449792515,0.017255922685754224,0.0059769117682500665,0.0031089581375171715,0.005687706360108934,0.0019762369556310705,0.0021931410117369196,0.0008676162244233967,0.03506615573711228,0.038247415226664735,0.016846215024220953,0.0040970766153327065,0.015568891138264285,0.007904947822524282,0.004844190586363965,-0.011279010917504157,0.003060757236160316,0.013637053997190986,0.012696972736337842,0.006248687028283842,0.02011545416728205,0.010278064133191914,235.78314639056657,0.6694315079688419,0.4008686110025117
1948Q4,1948-10-01,1948,4,7128,0.009232576047845898,0.004679627427022399,0.004227203119169186,0.002955422788955605,0.0031544894844110186,0.0022558812039853277,0.0010427600254106452,0.021896712466567405,0.030674368072447795,0.007197602712798553,0.003027810678212119,0.004058090033061296,0.004127357754677444,0.0023419978308594565,-0.0045529486208235,0.001785359923817987,0.016377365891928997,0.006349906835343729,0.003187211925076003,0.004829851917230558,0.0029665587918015104,0.0019368441698538786,0.0007355104442483084,0.03420123565754634,0.04069824458173973,0.017309012454643523,0.005467294302245759,0.015445719329214475,0.00737962145729136,0.004511130724722957,-0.01002745905658527,0.0028684907325684027,0.013617421298942781,0.012628409363366547,0.005694120786649714,0.020689863431522276,0.009406754326423123,224.8145342312009,0.6607061064176856,0.4170891210919377
1949Q1,1949-01-01,1949,1,6705,0.010916949492398981,0.004577197190804017,0.0047176817449295595,0.003512732727826339,0.0029415113910075032,0.002544193841454207,0.0011863827764698892,0.02351971363430447,0.03166101015202038,0.008372136776256997,0.0026135078064853114,0.004278280716607378,0.004039395087125179,0.003130268170779708,-0.006339752301594964,0.0009091269163454706,0.019099275101537198,0.0064006991928435555,0.0034445529792812707,0.004909773276438229,0.0028019124980720785,0.0022363888746079895,0.0007197573389542954,0.036964680479152745,0.03974088735797646,0.02097578530666804,0.004292838414477405,0.015346254691275513,0.007943036347745618,0.006554932908333762,-0.01269857590869364,0.0013881034394118553,0.013908788950197556,0.013200203323948874,0.006132805074751129,0.020493829010146,0.00979842314144687,240.9897091722595,0.6871266638445981,-0.10326700800010158
1949Q2,1949-04-01,1949,2,7142,0.008044802222315949,0.003058111042999017,0.0035330340124577727,0.0028524266426008214,0.002027377980329407,0.002235373441406234,0.0007187398710543694,0.021246736348997895,0.0244105784180443,0.005356460887897958,0.0015050782669587077,0.002720696183918831,0.0023491931798288314,0.0024745682216445854,-0.004986691179316932,-0.00012537504181575415,0.020488339690733423,0.005390466183961079,0.005093533724675087,0.005276261391928006,0.002740915008793769,0.003974326762750965,0.0007537516274182865,0.0385783787487723,0.03853269683195907,0.01898083643589685,0.0035860304698385145,0.013750256960782074,0.006212740686599209,0.007035015189237341,-0.015097873506772344,-0.0008222745026381307,0.012166833826468982,0.011138598443597245,0.0065504398177808655,0.01988916008110199,0.008200131450533879,242.34206104732567,0.5691183361287538,-0.7693854729962566
1949Q3,1949-07-01,1949,3,6840,0.006517668997775866,0.002404081723878463,0.0025467793041515827,0.002377146839248597,0.0015542001514084365,0.00155935789527373,0.0005278091222150332,0.018089353900887648,0.02066822583353439,0.003866588651015015,0.00101321012820432,0.0024636823196551878,0.002043612735959618,0.0019656734953285167,-0.004113587273897403,7.793924063110154e-05,0.02056451612903226,0.0062618595825426945,0.004388045540796964,0.004886148007590132,0.003273244781783681,0.0029411764705882353,0.0009250474383301708,0.039326375711574955,0.039705882352941174,0.018524667931688804,0.003747628083491461,0.01461100569259962,0.008183111954459203,0.006166982922201139,-0.014302656546489564,0.0020161290322580645,0.011607522925193691,0.010437678895749048,0.005438195549050165,0.017830452179153747,0.008132678189895536,255.1095029239766,0.49732055206198006,-0.669047645967695
1949Q4,1949-10-01,1949,4,6605,0.008130835398000677,0.003561514006144355,0.003141148329626148,0.0026625141434915563,0.00210361211247725,0.0017427040988329055,0.0007515448587256202,0.020129391765946098,0.025937810852093714,0.005571777587909641,0.001920482510825754,0.0033760060979779044,0.0028795346129811537,0.0023699824421521535,-0.004569321391856322,0.0005095521708290004,0.019455738195604998,0.006136040507844653,0.003342396048988551,0.004764161532513532,0.0030929635080192562,0.0021950063605297946,0.000723354368810955,0.0367164700306802,0.04043301489112269,0.017684767154723006,0.004165523434187224,0.015838966351550222,0.008031727819211295,0.005387742884936769,-0.013319697687760345,0.0026439849342745256,0.011872013114027946,0.010995007542486803,0.004735631986975407,0.018828671692691198,0.008755808407456605,254.6357305071915,0.587152744952193,-0.29209868734426675
1950Q1,1950-01-01,1950,1,6489,0.007219934906815723,0.0030866844886658757,0.0028305528155423082,0.0027739655854336132,0.001779817300681906,0.0015939729239038756,0.0006766641410892387,0.01845637184124125,0.02350216580177553,0.0055789052336635645,0.0016600906348729824,0.003034266843933611,0.002507707776395858,0.0021741409462814444,-0.004133250418149848,0.00033356683011441344,0.01869183310676566,0.006326466589982223,0.0027449545121823694,0.005176199937258183,0.0021698211858203493,0.001882254522639339,0.0008888424134685768,0.03586740562584963,0.03976262679075604,0.020155808846596256,0.004418069643417338,0.015241033148593538,0.00786886960158946,0.005463766600439192,-0.012365366516783436,0.0024051030011502665,0.011918101464385343,0.010914800219366921,0.005637885338460138,0.01964478835401955,0.008489367437547744,258.71844660194176,0.5378282655001358,-0.3822333765949429
1950Q2,1950-04-01,1950,2,6617,0.010541868376651053,0.0056325334448823336,0.004952019498309996,0.0033220788359552837,0.004205039583837672,0.003003773925461771,0.0012561458153575412,0.024395449337383083,0.03282626100880705,0.009229013065745818,0.0029366981780397663,0.004164794135384469,0.004872138380925609,0.0029562111227443492,-0.004909334931768721,0.0019159272581812594,0.015436379514049418,0.0076282940360610264,0.0042636256228489235,0.004135203164329378,0.002696871628910464,0.003236245954692557,0.0008732727179329121,0.03331278573997021,0.036754507628294034,0.021574973031283712,0.004520470539888016,0.01348435814455232,0.009477577438742488,0.004494786048184107,-0.00780808547798839,0.004982791390558381,0.013753789211294994,0.012274724027790845,0.009027205911820935,0.01988430888612034,0.01120228841994932,247.8369351669941,0.7129115325771661,0.4098576630789951
1950Q3,1950-07-01,1950,3,5896,0.007126976948644401,0.0037804349682328347,0.003604600783663866,0.0025495956762500516,0.0025508606703836412,0.002220064704449933,0.0011068698668909923,0.021241148994171538,0.025933012235655757,0.00648562492291442,0.0017532818691553319,0.0033003696945355415,0.0038000423773034754,0.0017539143662221267,-0.003346541980411566,0.0020461280110813484,0.011696257197696737,0.007137715930902112,0.0032989443378119002,0.0036588291746641076,0.002939059500959693,0.0024292226487523994,0.001079654510556622,0.030710172744721688,0.0321197216890595,0.02219289827255278,0.004648512476007677,0.013705614203454895,0.010976487523992322,0.0032989443378119002,-0.004558541266794626,0.007677543186180422,0.011773971225823675,0.01036532250179083,0.006506114314703032,0.017689568467289016,0.009454453866379107,268.1538331071913,0.6200830468648701,0.291606002930839
1950Q4,1950-10-01,1950,4,5996,0.006557876076614997,0.003289980243406013,0.0032487958027683107,0.0023898913088892734,0.002143381541014331,0.0019625281277792037,0.0009102358256883471,0.01916688054721587,0.02423077611779944,0.006209300521072706,0.002002518816514364,0.0027915888240946886,0.003236261407791619,0.001539343078328031,-0.0032678958332089843,0.0016969183294635877,0.012685332381663044,0.005807351652986406,0.0030172273951270157,0.003958083249521461,0.002271031372676248,0.0021412581513804625,0.0006488661064789281,0.02965318106608701,0.03448723355935503,0.022515653894818802,0.004834052493268014,0.014631930701099829,0.008727249132141582,0.003860753333549622,-0.006877980728676638,0.00486649579859196,0.010387908899419466,0.009300044425390492,0.004907293063657709,0.01711545855417869,0.008164475801984313,279.41794529686456,0.5573000913220205,0.19695095431582996
1951Q1,1951-01-01,1951,1,6818,0.00683784228340904,0.003232237916387543,0.0031468644901755105,0.0025065637935852685,0.0023426468152581664,0.001843496850005151,0.0009726879026424214,0.02045148882717971,0.023304099575011086,0.005873122567213076,0.0013352403859561853,0.0028309828131909912,0.0032885843776874844,0.0014917583340115779,-0.0036056043670214975,0.0017968260436759065,0.013904653802497162,0.007292849035187287,0.0026106696935300796,0.0031214528944381384,0.003433598183881952,0.0016174801362088536,0.0007377979568671964,0.031129398410896708,0.03652099886492622,0.025567536889897845,0.0037741203178206584,0.0155788876276958,0.011038592508513053,0.0034903518728717367,-0.006611804767309875,0.007548240635641317,0.010711375696674056,0.0096728355265372,0.005422591722915699,0.01751575392320498,0.00856706102716903,257.69829862129654,0.5486927336400326,0.03382464004512862
1951Q2,1951-04-01,1951,2,7402,0.01009197751660705,0.004561543504992032,0.005425436846538477,0.003272994962469347,0.0030338347531283323,0.003547737544419634,0.0013836293086753324,0.024480672355179745,0.031149742290291497,0.008528103074550321,0.00194419750666732,0.0036766507304302784,0.004613458769946545,0.0024540170748723117,-0.00553043401161502,0.002159441695074233,0.014764201500535905,0.005707395498392283,0.004287245444801715,0.0025991425509110395,0.0023311897106109325,0.00334941050375134,0.0008306538049303322,0.03129689174705252,0.03293140407288317,0.02119506966773848,0.0044748124330117895,0.014335476956055734,0.009539121114683816,0.004528403001071811,-0.009056806002143623,0.005010718113612004,0.01299296539679224,0.012142959319014041,0.008950007431767604,0.01902120130006024,0.010012427478623598,231.60389084031343,0.6908189312221903,0.31259561304123484
1951Q3,1951-07-01,1951,3,6746,0.010608549947229264,0.004692545483780101,0.004985111761527051,0.00351865351810949,0.002769103550328049,0.003073154867903908,0.0013123169193979905,0.02455259725108594,0.03182564984168779,0.008706264666093623,0.0019264643123543968,0.0034684820283305707,0.004793492939118408,0.002548469890456899,-0.005916004463449163,0.0022450230486615094,0.01535368838130754,0.005855960843724507,0.0028842792215359515,0.00355436429320592,0.002651206153129006,0.0020976576156625103,0.0009322922736277824,0.034261741055821,0.03487355786038923,0.020626966554014685,0.004166181097774152,0.01488754224449365,0.009410325136930428,0.004195315231325021,-0.009497727537583033,0.005215009905605407,0.013673195009824517,0.012724293420187391,0.007365308278371663,0.018566016760257643,0.010455035352743875,245.2306552030833,0.7089938742424408,0.3606937615180911
1951Q4,1951-10-01,1951,4,7376,0.008770426708642053,0.0037071932186600706,0.003766968293592397,0.002866926451039944,0.0025156767250090373,0.002203707762505088,0.0009467233296424596,0.02147291477497531,0.0270080867137087,0.006825744270843711,0.0021610112804105693,0.0031993897249492625,0.003590489500935053,0.0020511389998206747,-0.005063233489981982,0.0015393505011143782,0.01701022733294473,0.006067510995707699,0.0027555508452122303,0.004212813311430237,0.003338455831699433,0.0016692279158497165,0.0007683747549149489,0.03155635631392083,0.03293413173652695,0.021064066557151186,0.0050871707911610406,0.01595040008478618,0.00826665253563669,0.004901701022733294,-0.01094271633723703,0.0033649515129033965,0.012526705142706521,0.011875320333472066,0.005262810617479262,0.01815324160980421,0.009436244562918746,238.1487255965293,0.6256833571959227,0.030418474253484457
1952Q1,1952-01-01,1952,1,6862,0.011525669178767878,0.005429423566173558,0.005233367474467887,0.0035301663238094796,0.003746464194894792,0.002973228222592486,0.0013891644019971118,0.02516920681719996,0.03469267484704444,0.009011640179816401,0.002568392634999656,0.004158818157685775,0.005321274630630902,0.0026562997911626705,-0.006096245612594319,0.002664974839468231,0.015415244596131968,0.006569965870307167,0.0030716723549488053,0.003498293515358362,0.0029863481228668944,0.0020762229806598406,0.0006257110352673493,0.030290102389078498,0.03475540386803185,0.021245733788395903,0.0038680318543799774,0.015159271899886235,0.01077929465301479,0.006114903299203641,-0.008845278725824801,0.004664391353811149,0.013401018122369525,0.012444748314742338,0.006650342253553583,0.019286492973377145,0.010633385049218042,251.9814922763043,0.7429409686096269,0.6788434605389769
1952Q2,1952-04-01,1952,2,7153,0.012099833603060928,0.005381250787378459,0.006316129102134886,0.004515918298475864,0.0035599482168621266,0.00411517472818698,0.001361274033925822,0.026100776462044225,0.034727879154436765,0.008139141815909919,0.002315533972280858,0.003890005865791377,0.004598005174893501,0.0029135140650732314,-0.006718582815682469,0.0016844911098202696,0.017627491552947957,0.005867099714502737,0.0044789020141962855,0.004531286833075775,0.002750202991173158,0.003562167683805233,0.00047146336991539853,0.032190471201445824,0.03480971214542026,0.021215851646192933,0.004426517195316797,0.014065323869142722,0.00882684198119385,0.006626679588255324,-0.011760391838445218,0.002200162392938526,0.014014471500501044,0.01336223540975747,0.010805382870725962,0.020197752719498346,0.010415681280297146,245.24521179924508,0.7522948697412383,0.1931491316404803
1952Q3,1952-07-01,1952,3,6813,0.011844001033015727,0.005667427836149207,0.005319691182667083,0.003528337705527087,0.003968388812620915,0.0031811673983861396,0.0013501696773638163,0.025725149855241877,0.03443668927521261,0.008513318200559098,0.002220644003751478,0.003672756022526992,0.004787325621961552,0.0029710529058098074,-0.006176573196866519,0.0018162727161517445,0.016353976423709116,0.00594941612706846,0.0039293818141568435,0.004593502684155183,0.002490453262493774,0.0029332005091593336,0.0006641208699983397,0.033731805855332336,0.034838673971996234,0.019425535447451438,0.0034312911616580883,0.015828214068293763,0.00846754109247883,0.005811057612485473,-0.010404560296640655,0.0026564834799933587,0.014066243809368389,0.013343376308118087,0.007823521564731609,0.019872272295119058,0.011102517223790164,259.16688683399383,0.7534411203689859,0.292554751909556
1952Q4,1952-10-01,1952,4,7036,0.008479921548167907,0.004354693153673463,0.0037210964305672174,0.002710195712890497,0.0029054120005502586,0.0021382462385189133,0.0007888564606602078,0.02337286938831659,0.027917641558921926,0.006073395616081484,0.0020469169811342296,0.0028117995117309578,0.003453958352717017,0.0019869821559755307,-0.004125228394494444,0.0014669761967414862,0.01471072565594467,0.007382808211658799,0.003403227577121528,0.00411680755296959,0.003073882972883961,0.0022505214622900427,0.0004940169063563509,0.028707871336041278,0.03482819189812274,0.018635415523109013,0.0036776814139861673,0.016137885607640796,0.008672741244922604,0.004610824459325941,-0.007327917444285871,0.004061916785596663,0.011922217571071071,0.011029238232320241,0.005332616733350381,0.01974090831619744,0.009088613168314804,248.99133030130756,0.6392739780684205,0.0015175526925879923
1953Q1,1953-01-01,1953,1,7374,0.010367614558392411,0.005624771903629186,0.0048542552045019,0.0035350056669420744,0.003654748126941585,0.0027545971993800464,0.0012010689357342217,0.02445245157068267,0.03437962212403341,0.008825539921355235,0.0023526790292947323,0.0038452948241581974,0.0050036729698056375,0.0026411021720761626,-0.004742842654763225,0.0023625707977294745,0.013141520234954452,0.007143212703469561,0.0032107123301309175,0.004056946587684802,0.003011598387177062,0.002215142615361641,0.0007964557718154214,0.028846632485439793,0.037980984618447906,0.024316790283239582,0.003683607944646324,0.014609985564239135,0.011722833391408234,0.0064960923888695305,-0.005998307531484892,0.005226741002538703,0.01333978663605122,0.012144375781338366,0.006382833789918395,0.019359000192306523,0.010408602829215996,260.4812855980472,0.7356341586712544,0.7068639187199196
1953Q2,1953-04-01,1953,2,7517,0.011076701119429154,0.005391230707657035,0.006040878226420089,0.0034660171597642496,0.003815097238839852,0.003946397751966476,0.0011806499955442195,0.025764430005489312,0.034044272001932066,0.00788172196668131,0.0021129363698730182,0.004336608112262466,0.0046355936180568266,0.002793695255200212,-0.00568547041177212,0.0018418983628566141,0.01456092069051789,0.0067300475356517385,0.00412809607205404,0.00412809607205404,0.0025769326995246436,0.0031773830372779583,0.0004503377533149862,0.03002251688766575,0.036952714535901925,0.021591193395046285,0.003952964723542657,0.017513134851138354,0.010933199899924943,0.005679259444583438,-0.00783087315486615,0.005253940455341506,0.013883116757174447,0.01268694775754599,0.01040893137301315,0.01985793778668927,0.01038240597172179,252.28322469070108,0.7419175042567204,0.3078903745552808
1953Q3,1953-07-01,1953,3,6511,0.01085502287147617,0.004843194888025502,0.004505269652933377,0.003155369379892188,0.0035701230876162707,0.0026727905361727056,0.0010281810438948675,0.024388838503549417,0.03175236742736858,0.0079583493642744,0.002010144959722073,0.0035953324301986316,0.004299993577619866,0.002738815004840794,-0.006011827983450667,0.0015611785727790719,0.017313701753892064,0.006869175980405957,0.003716111595957321,0.005208186706455336,0.0030123025815714647,0.002561864812364517,0.000900875538413896,0.03400805157512458,0.0369922017961206,0.022690802623800004,0.003687959235381887,0.018101967850004223,0.01047267813406154,0.00582753863911489,-0.010444525773486106,0.004645139494946651,0.013886819236003992,0.01242051992455536,0.007540856226995927,0.0194508920068939,0.010928231934242055,255.8821993549378,0.70709084786822,0.1052389316425343
1953Q4,1953-10-01,1953,4,6535,0.008057044279970782,0.0033928172218350146,0.0030198225166861332,0.002312088973583128,0.002477067400860518,0.001709559065265705,0.0006162781105905391,0.020435208309174356,0.024597924858303855,0.005232087586807942,0.0016814649127945551,0.00259781248169397,0.002797460288616608,0.00208135827456475,-0.004664227058135768,0.0007161020140518582,0.016936508813615515,0.0073492844117809585,0.0027905177653754767,0.0045863955351715755,0.0031220644305686024,0.0018235066585621925,0.0005525777753218765,0.03262971763275681,0.03743714427805714,0.019948057689119742,0.0044758799801072,0.015416919931480356,0.011051555506437532,0.006990108857821738,-0.009587224401834559,0.004061446648615793,0.012185710368617823,0.011263596144791834,0.004802653723774777,0.01871740055139098,0.009468646389094101,255.99785768936496,0.5767394763489079,-0.3516340275011885
1954Q1,1954-01-01,1954,1,6420,0.011093704540876843,0.005578184096860103,0.004733343777275474,0.003200322270214623,0.00366190721303404,0.0025938276301949287,0.0011145178255712463,0.024916075464941925,0.03362968019157174,0.008819909137703377,0.002572007251079829,0.003976344471051631,0.0048060783743258065,0.0031348611328693237,-0.00551552044401674,0.0016712172414564824,0.01811720065200545,0.008764663442268124,0.0029126473024610536,0.004222002511824279,0.0028592042326911257,0.0016567351628677552,0.000507709162814312,0.034577666141143146,0.038719504048312536,0.023140849210378643,0.004222002511824279,0.015044224140234616,0.013868476605296208,0.007989738930604173,-0.009352537209737328,0.005878737674692034,0.014048734320664863,0.013003190050607015,0.0060579105091977635,0.0199183023058931,0.010824367079308514,278.398753894081,0.7331815231743616,0.2919517029196029
1954Q2,1954-04-01,1954,2,6984,0.012270429181117745,0.0061885189386872526,0.006373345971871528,0.004100958435355152,0.003921925353054397,0.004126451819242638,0.001359840272362043,0.025731515268798764,0.035884834797078456,0.008785367724680724,0.0026918695804831923,0.0036751030454164634,0.004858227815831159,0.003341950869614088,-0.006081910242430493,0.0015162769462170715,0.019437661678311534,0.007978144718709957,0.005367115538041245,0.005149529772985518,0.003239610279718589,0.004061600947706888,0.0005318763145806638,0.03353238401469913,0.03877861857215386,0.020694823876411285,0.003989072359354979,0.014094722336387594,0.011266107390663154,0.009138602132340497,-0.011459516959601576,0.0021275052583226554,0.014791496289680905,0.013552219726910234,0.009804989146095107,0.01969127868711102,0.01086312965715069,247.12743413516608,0.7678172680594552,0.3012845839639238
1954Q3,1954-07-01,1954,3,6764,0.011008383820722152,0.005362689023521926,0.004629637974928452,0.0034387304517216784,0.0037337534557047897,0.002723104387070181,0.0011596627244142652,0.023313426791333414,0.033539488919212365,0.008192746760304926,0.002258037574273994,0.0034537519896026925,0.004471611396420187,0.0030896299113669177,-0.005645694797200226,0.0013819814850532695,0.019254332224750568,0.0070515866069865716,0.0035758045560251054,0.005726288414893351,0.0024505513740591634,0.002650596384186442,0.0006751519091795654,0.03450776424695556,0.04205946337926034,0.01765397214373234,0.0037758495661523845,0.015228426395939087,0.011077492435798055,0.00875196919306844,-0.012202745617763997,0.002325523242729614,0.015440043303434752,0.014096657148310694,0.007694995929839222,0.01931879669027633,0.011354505431536061,246.04923122412774,0.7269553085213579,0.292100995430638
1954Q4,1954-10-01,1954,4,6917,0.010403374618730699,0.0056769397890981885,0.004464942198862477,0.0035678030824110923,0.004340421898495795,0.0024655019472603163,0.0010198805553842578,0.02265261445194465,0.03356770820980129,0.007872054798419422,0.003185940827953266,0.0032784416225113727,0.004847397407131574,0.002833726264058935,-0.004726434829632511,0.002013671143072639,0.01868506938389098,0.00700067266249782,0.0031141782306484964,0.006776451829891128,0.0030643513789581204,0.0021425546226861657,0.0006975759236652632,0.03360821146515858,0.04372306235830489,0.018136974015296844,0.00406088841276564,0.01547123744986173,0.011883704128154662,0.0077231620120082715,-0.011684396721393158,0.004160542116146392,0.014818349698541086,0.013356115513129416,0.005826734755787932,0.0192214086479566,0.011728727220395868,243.81552696255602,0.7273633953009596,0.6555285590195906
1955Q1,1955-01-01,1955,1,7989,0.010294435883998572,0.005305216831314024,0.004350966113670554,0.003643360526871544,0.00342643795936352,0.002386148242588262,0.0011179855402336611,0.022358146459234462,0.032247416874594245,0.00809965923341859,0.0026129783312084306,0.0035573215277397555,0.004664878098381685,0.002814257444328857,-0.004989219052684547,0.001850620654052828,0.016888126875267896,0.007993999142734676,0.003493356193741963,0.006236605229318474,0.0030218602657522504,0.0018859837119588512,0.0006858122588941278,0.03429061294470639,0.04410630090012859,0.020017145306472355,0.0033861980282897555,0.013759108444063438,0.012023146163737676,0.007865409344192028,-0.00889412773253322,0.00415773681954565,0.013384569362715643,0.012305738410235842,0.005554811001103987,0.018224747985899636,0.011192291883607413,240.04693954187007,0.6889085301149533,0.49327353689612696
1955Q2,1955-04-01,1955,2,7805,0.009561703565741566,0.004784619656358345,0.0041939330280776135,0.003976555711487551,0.003280948298399349,0.002599253033572912,0.0010619606506479873,0.021522673033793186,0.03065367967626431,0.006552621831290856,0.0020618963069622765,0.003107046445127299,0.003951050106340983,0.0024004252479985348,-0.004777083909383222,0.0015506248583424488,0.017296871236835768,0.008254329691502638,0.004992008407593108,0.007947802859457448,0.0028682153569942856,0.0035031637948021808,0.0008538961749830316,0.032469949423072714,0.04396470562476737,0.02069056116305038,0.0033499003787795852,0.013881286536903641,0.012239178508090118,0.006896853721016794,-0.009042541545333129,0.005342324787073326,0.013770447547934127,0.012267770007119918,0.0073638378690710415,0.018135187120567473,0.010566081454904588,221.0263933376041,0.6696137234067837,0.3392205264397236
1955Q3,1955-07-01,1955,3,7825,0.009907188122375597,0.004452554613598737,0.003681264771844692,0.0034648252968718517,0.00369561435029593,0.0020806888754295156,0.0010265927583656548,0.022091773924783096,0.03050780168643421,0.006384366612596658,0.002019703167011754,0.0031820190215620355,0.004364065546482769,0.0023174569198749434,-0.00545463350877686,0.0020466086266078256,0.016688033243446355,0.007559347508951859,0.003293399938110605,0.006321559612749215,0.002807126121745281,0.0020335086866186286,0.0006852040139693205,0.03439282083020202,0.04301312939304187,0.017859511073781,0.002762919411166615,0.01370408027938641,0.014190354095751735,0.0066089032315105435,-0.009128685734494496,0.007581450864241192,0.013589686158964921,0.012177847197913856,0.005805606289269607,0.017748940912630563,0.011337995772275707,213.74095846645366,0.6655017599160071,0.413439495274227
1955Q4,1955-10-01,1955,4,7555,0.005498427330917157,0.0022376850865040124,0.001699325059245569,0.001967062521890711,0.001853966524738884,0.0009347730376834709,0.0003952589696377639,0.014713443017216558,0.016881308636091125,0.003439041546045362,0.0010028614441320199,0.0018026117097056562,0.0021845992102898894,0.0013398413540129748,-0.0032607422444131443,0.0008447578562769144,0.01673744691481389,0.006835782254218427,0.003406536007085595,0.006722231053982241,0.003247564326754934,0.001589716803306611,0.0005450457611336952,0.03479208775236754,0.04174142120682216,0.020280244362182908,0.0034292462471328324,0.0141257693093816,0.01437558194990121,0.00681307201417119,-0.009901664660595463,0.007562509935730021,0.01116216078378107,0.010443638805404564,0.004362810892975565,0.0157211558668238,0.009272853461601038,229.38994043679682,0.4136186045223396,-0.34674904730799544
1956Q1,1956-01-01,1956,1,7927,0.010136089699145652,0.00520619978054075,0.004216704094265351,0.003857558010886722,0.004031741024468458,0.0023222510572965664,0.0010802751070346109,0.023077263499750925,0.032517188515949376,0.007234552463129371,0.001967076573576153,0.0035920282051660297,0.004919109862389745,0.0021764366127020834,-0.004929889918604902,0.002742673249687662,0.016481579411246255,0.0077340031729243785,0.0032390269698572183,0.00658822492508373,0.0035475057288912393,0.001894940948351842,0.0006389917151419002,0.031685175392208706,0.04512603560726247,0.019500264410364888,0.002908514013749339,0.014057817733121805,0.015556143134144192,0.00643398554556672,-0.008747576238321876,0.009122157588577472,0.013496165097834663,0.012463095594907079,0.005244375040820409,0.01802178839134628,0.010567583849043004,222.3431310710231,0.6970605623558167,0.7952716964358869
1956Q2,1956-04-01,1956,2,8169,0.0105062010526017,0.004842053510555741,0.004709233106771002,0.0033467528356888425,0.0035224185310170453,0.002892592745328123,0.0011032662572442015,0.022338999444617907,0.03136489567439292,0.007219431625073707,0.0018294939489059186,0.0032637400833233805,0.004454839188231684,0.0023264993308101025,-0.005664147542045959,0.002128339857421581,0.018133957297455396,0.007353862867170852,0.004846864162453516,0.005912338611958384,0.002862156854552292,0.0036560397777127816,0.000626749676179334,0.03307149124639619,0.04220114486274182,0.019157648435214975,0.0025696736723352692,0.012806585049931058,0.013684034596582125,0.007186729620189696,-0.010780094430284545,0.0064973049763924285,0.013927539342717626,0.012773654799781698,0.007753653007473914,0.018479439830679872,0.01057868950623636,228.5693475333578,0.672366340096284,0.4747553310885033
1956Q3,1956-07-01,1956,3,7595,0.010838563095960424,0.004556758241028207,0.003943912733457047,0.003319995039660571,0.0034368066043376395,0.0021934000912348147,0.00103026692826552,0.021616782776992884,0.02995746066052234,0.007050214578969046,0.0018374293040909514,0.0030016696856827773,0.004305419613713567,0.0026695040989233405,-0.006281804854932216,0.0016359155147902264,0.018658005666505426,0.006910372469076083,0.003984981457167208,0.007071614493354525,0.003086633036187317,0.002648976113145832,0.0006910372469076083,0.033791721373782044,0.04012622947043512,0.017206827447999447,0.0029484255868057955,0.013198811415935319,0.012231359270264667,0.007394098541911409,-0.01174763319742934,0.004837260728353258,0.014382996902996372,0.012833391651010242,0.005352688495582229,0.018094065798248953,0.01100851159338921,237.8312047399605,0.6577094525468242,0.18783093571751544
1956Q4,1956-10-01,1956,4,7618,0.011383221420973689,0.005351297765059122,0.00455778223369142,0.0035182111266440926,0.004076631241605203,0.002447951573632268,0.0013135750888731916,0.023238825706615167,0.03403841864629977,0.008228339574230692,0.002512616513343172,0.0038097513633068114,0.005327733422622097,0.002669346790947566,-0.006031923655914568,0.0026583866316745317,0.018941691944725312,0.0074823053589484325,0.0034378159757330637,0.006268958543983822,0.0034378159757330637,0.0021570610043815303,0.0008313672621053814,0.03332209864060218,0.043028873160319066,0.020132569374227614,0.00319065273564768,0.01406583529940456,0.01408830468486687,0.00817885630827997,-0.011459386585776879,0.0059094483765869,0.014237281396584343,0.013350351795170098,0.005450050985199982,0.018692539834388042,0.011104833656486386,239.5367550538199,0.7174618901561878,0.7814873414098784
1957Q1,1957-01-01,1957,1,7861,0.010819916209769007,0.004575316115219719,0.003982481212404432,0.003386385989317017,0.0029804761154370732,0.0021936521564301665,0.0011275274274442893,0.022279941966299156,0.030016681972059055,0.007653601838820633,0.0016263564290798832,0.003466263835984155,0.0046312849465579165,0.002700631958746081,-0.006244600094549288,0.001930652987811836,0.01982360174702116,0.008671500657253106,0.0038799134970105586,0.006021286519950812,0.0030530466861722425,0.0021837764491370905,0.0009116736632319892,0.03621252597209854,0.045922910571174154,0.02444557520247636,0.0028198278420896407,0.012021371326803205,0.01596488996310902,0.009689182885977187,-0.011152101089768053,0.006275707077131832,0.014981231262808524,0.01281666770311345,0.005306835986308651,0.018617037940292055,0.010836378619336548,234.10634779290166,0.6610109166390445,0.2533699879256996
1957Q2,1957-04-01,1957,2,7979,0.01309055489580032,0.005338071852256647,0.005262589189745318,0.004483463351357835,0.004454511097243901,0.002991388255414718,0.0014041843245258163,0.025024570640656513,0.034263441730228064,0.009412584614255159,0.0021817591493000534,0.003593698541892102,0.004968930612303984,0.0030834150631340092,-0.007752483043543673,0.001885515549169975,0.020300471815247082,0.008070523963248075,0.005856303286151809,0.006953066799106034,0.002710868305603841,0.003993874679248406,0.0008070523963248076,0.038345335651022265,0.04432580084430097,0.02522556079794719,0.00322820958529923,0.012457578015064977,0.01539607648373479,0.010884860524790993,-0.012229947851999007,0.004511215958943796,0.015198836904409138,0.014094490234547142,0.006757493934172337,0.019776991256780063,0.010888952426087874,242.4137109913523,0.7321642482056065,0.2326129976874475
1957Q3,1957-07-01,1957,3,7371,0.01423512819732343,0.005776395757603915,0.005497642074931339,0.004554578849644429,0.004379423278922964,0.003034783867103915,0.0014888223511324503,0.026186825844631667,0.035812906081903385,0.009014103761519282,0.001995064671388391,0.004297185602425691,0.005108348138785157,0.0033989792915918382,-0.008458732439719516,0.001709368847193319,0.020521390374331552,0.008333333333333333,0.004500891265597148,0.0064616755793226385,0.0030303030303030303,0.00285204991087344,0.0007575757575757576,0.03901515151515152,0.0428030303030303,0.020766488413547238,0.0032531194295900177,0.013302139037433155,0.012566844919786097,0.010294117647058823,-0.012188057040998217,0.0022727272727272726,0.014864783064004766,0.013855461726879898,0.006411381782665268,0.01945372958802414,0.011375330826029892,254.05250305250306,0.758554453891097,0.14036446426048887
1957Q4,1957-10-01,1957,4,7143,0.00858525809280898,0.0032512665473926144,0.003203944110050479,0.0026054228286664267,0.0021585484487651263,0.0018816046393196754,0.000678646771883804,0.019986201207475008,0.02201837723833784,0.005345284399782102,0.0010776609594731722,0.0021644637534328935,0.0027705136043941034,0.0022257678199897506,-0.005333991545416365,0.000544745784404353,0.02253782031491201,0.007765929655401715,0.00429857268387679,0.006792219820932387,0.0029686275441138054,0.0023986510556439546,0.0009262117937635072,0.039304628684066784,0.04058707578312395,0.02313154582373477,0.0032298667679958202,0.012254494502101788,0.012491984705630893,0.012159498420690147,-0.014771890659510295,0.0003324862849407462,0.011497777680705389,0.011068401525369427,0.004471772029788441,0.01738630519093652,0.007994695541011497,260.33641327173456,0.5286405608139029,-0.6362832693476729
1958Q1,1958-01-01,1958,1,7690,0.01427277954897009,0.005591972518286666,0.005187943662681444,0.003875576552568078,0.0036236640766511533,0.002865988860624094,0.0012740957916567556,0.026191630789324145,0.03376499182011124,0.008771883079668774,0.0019663706533592285,0.004140569099349921,0.0047519413005175344,0.003951634742412227,-0.008680807030683423,0.0008003065581053081,0.024374571624400276,0.008910212474297465,0.003427004797806717,0.005504626456477039,0.00227039067854695,0.0020347840986977383,0.0007924948594928032,0.04427261823166553,0.04277330363262508,0.024567340644276903,0.0032128169979437973,0.013215387251542152,0.013386737491432488,0.013472412611377656,-0.01546435915010281,-8.567511994516793e-05,0.013748827020455847,0.013376754067065712,0.0055604881668771195,0.020131670771251334,0.010691772616423265,268.4276983094928,0.737608933979069,-0.3769890275360588
1958Q2,1958-04-01,1958,2,7766,0.01573180630565061,0.006244464236811006,0.006778858133963618,0.004476474085843496,0.003869544728966567,0.0041966944554782774,0.00137965405026658,0.028440314912451675,0.03586014965989751,0.009035352401441828,0.0021992554013011974,0.0037461851035850775,0.00514261606290354,0.004854447978012381,-0.009487342068839605,0.0002881680848911598,0.02339229968782518,0.009240374609781478,0.006181061394380853,0.006493236212278876,0.00222684703433923,0.004640998959417273,0.0006659729448491155,0.04106139438085328,0.042747138397502604,0.026160249739854317,0.0036628511966701354,0.01117585848074922,0.01421436004162331,0.016628511966701353,-0.014151925078043704,-0.002414151925078044,0.015147612848890107,0.014530350428408606,0.009587126508680157,0.019696921670730498,0.01144464825913765,260.95737831573524,0.7756833506448008,-0.6448555813239051
1958Q3,1958-07-01,1958,3,7154,0.014700086501205387,0.006112524362231333,0.006155177816563985,0.004795385692439021,0.003887151471515739,0.0036050699601957964,0.0014604542763500244,0.027008167283435615,0.03571629651998997,0.008408417630776913,0.002101962229513119,0.003875208504302596,0.005186091334126119,0.0038678152388849363,-0.008587562138974054,0.0013182760952411825,0.020983423095754353,0.008090275349140846,0.004219999533701709,0.00624839709962463,0.002308176540532979,0.0027977897461005804,0.0006528176074234688,0.03928563101816232,0.04534750880138024,0.021729500361381177,0.003147513464363153,0.013196241635774405,0.012846517917511832,0.011634142360868247,-0.01289314774661351,0.0012123755566435849,0.014909185215136409,0.013788124817990717,0.006887106774679582,0.019735168345148223,0.010859695400098332,245.7865529773553,0.7764333408972126,-0.08762020320526216
1958Q4,1958-10-01,1958,4,7285,0.01353127876290062,0.006740856819613496,0.005761657457735646,0.004059153093411239,0.004476998612752876,0.003213664297722713,0.0013486324348405934,0.026401497097270403,0.036906421622842835,0.009638687538578668,0.0026154247817549627,0.003987687101137635,0.0059512728727196445,0.0035485170518433904,-0.006790421943287124,0.0024027558208762536,0.018858560794044667,0.009835325964358222,0.003586735844800361,0.005955334987593052,0.002571621926460636,0.0023911572298669073,0.0005413940897811866,0.0383713061132416,0.044800360929393185,0.02289645838032935,0.004195804195804196,0.012294157455447778,0.015565080081209114,0.010331603879990978,-0.009023234829686443,0.005233476201218137,0.015390439433501596,0.014144683617622854,0.006061181061496638,0.01971873288581102,0.011498033598101266,238.17309540150995,0.781752081014771,0.6020222648907546
1959Q1,1959-01-01,1959,1,7441,0.012460002811753128,0.005882187543933643,0.0052686630113876,0.003935329678054267,0.00336679319555743,0.002956277238858428,0.001322648671446647,0.025482918599746943,0.03365499789118515,0.007915085055532125,0.0018096443132292984,0.003964571910586251,0.00502910164487558,0.0029343455644594407,-0.006577815267819485,0.0020947560804161396,0.018662663125072178,0.009793278669592332,0.003811063633213997,0.006282480655964892,0.0027947799976902644,0.002240443469222774,0.000900796858759672,0.037810370712553415,0.04471647996304423,0.02249682411363899,0.0033029218154521306,0.013257881972514146,0.01690726411825846,0.010255225776648573,-0.008869384455479848,0.006652038341609886,0.014227215407325128,0.01286811684696672,0.005857728181938378,0.01807096074147207,0.011050763290363244,238.979975809703,0.7331612540418951,0.3217432923221125
1959Q2,1959-04-01,1959,2,7843,0.011953657064742176,0.005723079512473471,0.00582673431938817,0.003796229017598739,0.0032912966908459464,0.0035689068420382847,0.0011781754290898492,0.024981321609051015,0.033541566603858014,0.008404762784434947,0.0017067123158331179,0.00428320135305443,0.005120650090107842,0.0029598065657623043,-0.006230577552268706,0.002160843524345538,0.01806073406754456,0.010107976465010021,0.00551736028793724,0.005711329985560034,0.002198323239724994,0.004073363650078665,0.0006681178473674002,0.03605681156921486,0.046876010258841784,0.02571176102933253,0.0034699023685855297,0.01521584516907692,0.01814694282204358,0.008750188581650466,-0.007952757602534537,0.009396754240393112,0.013932264403221591,0.012632850336930068,0.007622152586058722,0.01874228729011871,0.011615705717024914,248.47328828254496,0.7189040710681988,0.4047502070204169
1959Q3,1959-07-01,1959,3,7337,0.008840315056711056,0.003421305731269675,0.003512928934289745,0.0029414755466674576,0.0020755568360442504,0.002215374903080658,0.0007562886353332966,0.01991560073044348,0.023887704907614153,0.005059931107825151,0.0009480088636180679,0.0031263107943784664,0.00324229623635185,0.0022508590337300496,-0.00541900932544138,0.0009914372026218006,0.016614991361151216,0.0077867979456107544,0.0035975479870298927,0.007313436368369979,0.002177463255307567,0.002437812122789993,0.0007573785235852406,0.03820027928333057,0.04305223545004852,0.02080424131973208,0.003053182173203001,0.015431587418049278,0.015242242787152967,0.009135878440746965,-0.008828193415540461,0.006106364346406002,0.01198040572397689,0.011272450498574746,0.004832669829083708,0.01693446706366609,0.009848280104762793,257.34878015537686,0.5656392863346905,-0.32480364177999127
1959Q4,1959-10-01,1959,4,7437,0.010794206788936266,0.004392648547196011,0.0042922576227538214,0.003987265629475648,0.002920612057277387,0.0024579408402829496,0.0009488033565487346,0.022400270619013715,0.028852569925825293,0.006907332083902806,0.0019919960061871365,0.0031350339774174982,0.0041029334337242575,0.0027214670169436964,-0.0064015582417402545,0.0013814664167805613,0.02044693748303628,0.007464036913055279,0.004591513616212793,0.007667601556138605,0.0021035013118610333,0.002804668415814711,0.0007237853976296029,0.03915226635302633,0.04299737627793359,0.023771826653397266,0.004727223378268344,0.012349588347055098,0.016963720256943815,0.00999728580475889,-0.012982900569981,0.006966434452184927,0.013792026571701433,0.012846757303917693,0.005020796432143368,0.018221768473409585,0.011181762795749318,246.44816458249295,0.6457526182116775,-0.0644852999300994
1960Q1,1960-01-01,1960,1,7761,0.009425836013773716,0.003950279319045588,0.0038499597671325836,0.003156126635838976,0.0025442298924952572,0.002247473102804956,0.0007804966185482973,0.020408463398595315,0.02636355805613273,0.005999214251048891,0.0013288401379052436,0.0032296592916914403,0.0037785280443044756,0.0023535702205349394,-0.005475556694728129,0.001424957823769536,0.020263714940906685,0.008026106897159994,0.0043217498677015345,0.006879520197565709,0.002976715470100547,0.002778267772093844,0.0006394425824660434,0.03627182924678074,0.04542247309931205,0.025246957135297232,0.0035279590756747223,0.012237608043746693,0.018080790262832953,0.010054683365672959,-0.012237608043746693,0.008026106897159994,0.013226551161895847,0.012364749360602301,0.004835957335732356,0.019315754816024284,0.011016556629945313,245.318386805824,0.5792918385054803,-0.012565235097581368
1960Q2,1960-04-01,1960,2,7546,0.012270854846052209,0.005189700542953266,0.005884769550203746,0.0035863784239920943,0.0033554289774935324,0.0036424502848006394,0.0011269888855578872,0.025488824489524,0.03265214349955031,0.00795443189767163,0.0015927739471259007,0.0037307218280536957,0.0046783917924119785,0.003166672218336054,-0.007081154303098942,0.0015117195740759247,0.018632577100319035,0.008241758241758242,0.006535802906770648,0.00695675292449486,0.0029688053881602268,0.0048520028358738036,0.0007089684509039348,0.035669975186104215,0.04869727047146402,0.02729528535980149,0.0031903580290677065,0.013115916341722794,0.016062566465792273,0.011808755760368663,-0.010390818858560793,0.004253810705423609,0.014861844022912926,0.012930870014603909,0.007940634051777407,0.01954573954319323,0.011164246617817338,238.70394911211238,0.7101939753283812,-0.015061785672532366
1960Q3,1960-07-01,1960,3,7182,0.012532970148858857,0.005097504218683679,0.005250492611120761,0.002961418167889232,0.0033968024275691983,0.0030269846217908384,0.0010542395614179377,0.024114651571811946,0.032932764477245566,0.008561598533151894,0.0015367856563604637,0.0036584930988431547,0.004636238464042552,0.003529660768369822,-0.007435465930175178,0.0011065776956727291,0.018358149083272376,0.006205903867481536,0.0044361594185799574,0.006489062979305789,0.002501238821114231,0.002737204747634442,0.00047193185304042094,0.036787087944500814,0.04556502041105264,0.022888694872460418,0.0032091366006748627,0.013143302107175724,0.01373321692347625,0.012836546402699451,-0.012152245215790839,0.0008966705207767998,0.012856202307850948,0.012470561617143501,0.00565329584275167,0.01828275563393762,0.011144024238874293,242.09050403787245,0.7072728151129526,-0.06502447499115922
1960Q4,1960-10-01,1960,4,6937,0.011427430486603246,0.00456144888498818,0.004352044292047441,0.0029311232040309574,0.0032503705162661915,0.0024176220187576733,0.0009831735022566457,0.02223368145719624,0.030151014800630052,0.008068299445321322,0.0020053059985487773,0.0033926790639235926,0.004283866052485341,0.0033926790639235926,-0.006865981601615067,0.0008911869885617475,0.02164000868495332,0.006007092711876673,0.0031844828834045017,0.0072615859689754165,0.0036428554196521194,0.0020023642372922245,0.0006996212395358374,0.03872041687775928,0.046175001809365276,0.02564473715953777,0.004270102048201491,0.013461677643482666,0.01411304914236086,0.012641432052302719,-0.015632915973076644,0.001471617090058141,0.012933371640733621,0.012518014146352997,0.004581104512417447,0.017250811990675012,0.010735970183787986,266.41156119359954,0.6502461721435617,-0.1699050527638891
1961Q1,1961-01-01,1961,1,7324,0.013320929698849864,0.00486856313866594,0.004930034895467277,0.003673449733519934,0.003379409830153536,0.0028195045786213522,0.001189478494105883,0.024148667394765476,0.0329918918752779,0.007603544051685453,0.0016402713773156924,0.003570484540877694,0.004632921404260812,0.0032083134403898127,-0.008452366560183923,0.0014246079638709996,0.02264159724484572,0.00642248801600968,0.0037697212267882906,0.006934425466561176,0.0030948945874249545,0.0026062270209894355,0.0005817471028994276,0.040117280215944524,0.047982501047144785,0.023572392609484804,0.0030948945874249545,0.012914785684367292,0.012984595336715223,0.010960115418625216,-0.01621910922883604,0.0020244799180900077,0.014283172006472533,0.01349040572099108,0.0054279642658041395,0.018455110838056333,0.010925285746337608,266.5368651010377,0.6854751459441959,-0.026523704728140668
1961Q2,1961-04-01,1961,2,7667,0.013009170736653006,0.0049531588532962,0.005300091195152875,0.003969391801730015,0.0033373095898541565,0.003339421811113558,0.0012161113901003357,0.024755233160183996,0.03323791373793988,0.007929806663107573,0.0016971697819289967,0.0037771796671244905,0.004680682310833424,0.003384306512875837,-0.008056011883356806,0.0012963757979575876,0.020213116554981873,0.006569262880369109,0.005229045369658354,0.007470064813797649,0.0030978798198396133,0.003910798637811711,0.0007250357025156542,0.03743820718444469,0.048313742722179503,0.022893551576403385,0.003031967483247281,0.013116554981874107,0.012896847193233,0.011183126441832362,-0.013643853674612766,0.0017137207514006372,0.014190473478892664,0.013601668514892837,0.0070040009836410885,0.01922513138280741,0.011827446138788614,246.99895656710578,0.7022845257086371,-0.07058514618325232
1961Q3,1961-07-01,1961,3,7455,0.013104727141731788,0.005181127890852353,0.005142608510721409,0.004258832873632562,0.0036316722619231046,0.0030631045101311397,0.0014219619059606299,0.02492475157712448,0.03553005922219064,0.00817912922329739,0.0017431375825454041,0.004196984854830764,0.004779115768640667,0.0033913330309652415,-0.007923599250879435,0.001387782737675426,0.017302018175380622,0.005688658090404816,0.0037767024666587987,0.008308745426649358,0.0032101970966599788,0.0026200873362445414,0.0008025492741649947,0.03552460757700932,0.048672253039065264,0.018694677209961052,0.0029505488020771862,0.01402100790747079,0.011330107399976396,0.009866635194146111,-0.011613360084975806,0.0014634722058302844,0.013829101216660627,0.013253847718581891,0.005743864646408697,0.017817788322755573,0.011210170772065577,247.24721663313213,0.7386492609704279,0.14033909071647202
1961Q4,1961-10-01,1961,4,7304,0.012291397728117232,0.005093707594870511,0.004798093093795673,0.004037312385256709,0.003781333348013135,0.002715579764994729,0.0012358557819609095,0.02381871179237623,0.03419439543531575,0.008107103831152923,0.002144718987313899,0.003936021755465703,0.004967094307631753,0.003116888836286267,-0.007197690133246722,0.0018502054713454865,0.017076740782045026,0.006760995330034153,0.0035779837829046724,0.006830696312818011,0.003229478868985386,0.002346599753723194,0.0005343742013429056,0.03617481006482191,0.04767547222415836,0.020770892869589462,0.004437629237238912,0.014962477637601357,0.013614925303780117,0.008108547663855393,-0.010315745452010873,0.005506377639924723,0.014075138706290517,0.012620853547786262,0.005090926185672148,0.017534633410206807,0.010973887098301393,248.70687294633078,0.7146835631180999,0.35318279535680425
1962Q1,1962-01-01,1962,1,7976,0.01229098930334154,0.004818879327050751,0.004951899727499575,0.004109277694440657,0.003056119775779282,0.0028939114457355716,0.0012871398460695582,0.02459824728875236,0.033142176319019286,0.0062242063634471425,0.0016340455666645135,0.0040997078814587265,0.004235120735153033,0.002757541610743072,-0.007472109976290788,0.0014775791244099612,0.019052601748305104,0.007150175484489787,0.0035532884267434,0.005973012447409151,0.0027249144376866566,0.0019401390796328995,0.0009809691975671965,0.0358598739999564,0.046933926274714974,0.01863841475377673,0.0035750877422448934,0.015085126327033332,0.012120419418830249,0.00717197479999128,-0.011902426263815316,0.0049484446188389685,0.01283637855378786,0.012559292333241413,0.005512912706978485,0.017489341343655998,0.009775472854675693,262.0241975927783,0.696387634844646,0.048797343261376545
1962Q2,1962-04-01,1962,2,7763,0.01444480830802649,0.005174140136692292,0.006148561573963911,0.004899907411115849,0.003110798031367135,0.0038821364708321454,0.0014540931119053284,0.026666069825683168,0.03450055011461703,0.007249261998270732,0.0016256063629531377,0.004015012121369185,0.0045399180600155025,0.0034184852647029026,-0.0092706681713342,0.0011214327953125993,0.021210952564596992,0.007263144363028667,0.0058490808587222005,0.007691648455242748,0.002721000985559412,0.004263615717530102,0.0009641342074816814,0.037108454385739384,0.04957792346916913,0.02326777220722458,0.003449457942323349,0.014526288726057334,0.013797831769293396,0.00908428675493851,-0.013947808201568325,0.0047135450143548875,0.014591427684363905,0.013414752679598914,0.008407204218922142,0.019292468102545115,0.01113255721477102,273.384645111426,0.7249068810268178,-0.2844338125549536
1962Q3,1962-07-01,1962,3,7324,0.014842697146701856,0.005049690921069231,0.005443173330503197,0.004794377907314368,0.003590401832646825,0.0031623770742930835,0.0016094732141605607,0.026838403883160757,0.034127840732738335,0.007368033208713883,0.001584442526537535,0.004246706462122562,0.004470981423224873,0.0031844040794013462,-0.009793006225632625,0.0012865773438235277,0.02336760582187208,0.006453910179374194,0.004384207949436952,0.006921262295811635,0.0032937196777495883,0.0030266613254996215,0.0010904882716873637,0.03970267503449504,0.04542217474518182,0.019317220812747584,0.003182445364312102,0.01455468019762318,0.01168380291093604,0.009057729113811367,-0.016913695642497884,0.002626073797124672,0.014845816657464187,0.014396901868843688,0.0057040143969693795,0.018435348575409575,0.010707935497854697,272.7400327689787,0.7332499644564235,-0.30767605775291673
1962Q4,1962-10-01,1962,4,7647,0.014203820225178033,0.005401740401954838,0.005223043885822116,0.00460271169410424,0.003997696346626312,0.0029842318194164487,0.0014413150429790648,0.02638071139593634,0.03529511474358581,0.008155198434822743,0.0023250969556240387,0.004651725595672072,0.005255719820200671,0.0033237552000686195,-0.008802079823223195,0.0019319646201320516,0.022055754945330106,0.005905183206744011,0.0038602787747266504,0.007699691177698022,0.002754361071696853,0.002483098238878224,0.0008137884984558885,0.03745513730072615,0.04550955679826392,0.02170102662549036,0.004778399131958935,0.014815123946248227,0.012770219514230866,0.008722143393706703,-0.016150571738586094,0.004048076120524163,0.01570803599768992,0.015041571843201101,0.005095134267198973,0.019041092583646918,0.011688448643310926,256.1302471557473,0.7501102812785276,0.1399112143826511
1963Q1,1963-01-01,1963,1,8393,0.014805522601836452,0.00519186632836284,0.005341340614055503,0.005009280650269905,0.0032189003611979893,0.0030438830013679737,0.0014446027484347772,0.026541619128167576,0.03548595225526424,0.007920718082036786,0.0019015399635585477,0.004719319456821798,0.005140780180088133,0.0034005399995080594,-0.009613656273473612,0.0017402401805800738,0.020347444089456868,0.005251597444089457,0.0037939297124600637,0.008426517571884984,0.0019369009584664536,0.0025159744408945685,0.0007388178913738019,0.038578274760383384,0.04662539936102236,0.01986821086261981,0.004013578274760383,0.015615015974440894,0.01204073482428115,0.008266773162939297,-0.015095846645367412,0.003773961661341853,0.016348741741689234,0.01590547369771926,0.00535018589298709,0.018096281397665344,0.011080397361413969,251.88561896818777,0.7374531473797536,0.005394812934337088
1963Q2,1963-04-01,1963,2,8025,0.013326651983944454,0.0049714113385951495,0.005605022587631786,0.004781531044412696,0.002900497648835181,0.003543755222977343,0.0014210559984403415,0.025383542963208917,0.0331041569568789,0.006599609476143623,0.0015647354723805403,0.004049425739035428,0.004428170924757648,0.0029532985862549006,-0.008355240645349303,0.001474872338502748,0.019921141182056522,0.006296319233706983,0.005532503457814661,0.007885881794347764,0.001961148613777585,0.004149377593360996,0.0009908961416981482,0.035734192109989474,0.04576701554468322,0.01946698045044487,0.00392229722755517,0.015813050927932948,0.012076546726946183,0.008009743812060032,-0.013624821948349538,0.00406680291488615,0.014624434697230028,0.014079832798470622,0.0074119998821944475,0.018867369779963828,0.010416830176950461,245.4407476635514,0.6960204339627815,-0.08785963161690653
1963Q3,1963-07-01,1963,3,8197,0.01279168635835502,0.004632104228020464,0.004783274481842028,0.00409552721786884,0.0028221886976244085,0.0026844328690566357,0.0013966480446927375,0.024033490660464386,0.03222712479336626,0.0076905931858847225,0.0015395632675888912,0.004141445827391431,0.004857569760170714,0.0030806743534762967,-0.008159582130334556,0.0017768954066944174,0.01957618164782808,0.00552199828558898,0.0036481071706237667,0.006658293961684907,0.002192851304746526,0.002073241233578534,0.0006379203795626258,0.03604250144528836,0.04481390666427446,0.0213304626916253,0.0032494069333971255,0.013834898231764448,0.013037497757311165,0.008213224886868807,-0.014054183362239101,0.004824272870442358,0.015021733735704142,0.014302442145785315,0.00615315197244587,0.017596713779095163,0.011455276437760504,236.4538245699646,0.6930779501932709,0.0774869778051086
1963Q4,1963-10-01,1963,4,8027,0.012677381605811595,0.004790060178480858,0.0047017229725370546,0.004247630031870873,0.0027538379538323957,0.00265855287775818,0.0012476389648467547,0.02344310637288425,0.03217657912681153,0.00730072267774885,0.0020833684862476835,0.0035841084344165725,0.0046759165977669544,0.0026317539501123075,-0.007887321427330738,0.0020441626476546473,0.020313254952488324,0.00567724271219198,0.0034023192140441296,0.007348204219681108,0.00255677242712192,0.0018320180383314543,0.0009663391850539539,0.03655983250120792,0.04628362055081334,0.019427444032855533,0.0046505073280721535,0.013991786116927042,0.012965050732807215,0.006301336769205992,-0.014636012240296344,0.006663713963601224,0.014544634657634888,0.013782402591788643,0.004869762255299478,0.018256265866894,0.011213566124611342,251.0285287155849,0.6745617630915243,0.24128911134727207
1964Q1,1964-01-01,1964,1,8408,0.016519702787364,0.006517778879133944,0.006240467418542157,0.005837454223218454,0.004605385311800274,0.003336373524144089,0.0018476235895137885,0.028309757861036254,0.04039631549983951,0.010264842040417426,0.002579284450071703,0.004958501635321995,0.006860819872772573,0.003542198120327266,-0.010001923908230057,0.0033186217524453065,0.019268163337458018,0.006403079763518158,0.0030640504389841494,0.006953037534617877,0.0025730167147879715,0.0018070041050419342,0.0006088818180032604,0.03631685424154931,0.04672676919450828,0.02040736157759315,0.004222890028087129,0.0132579105532968,0.015202404101113665,0.006599493253196629,-0.012865083573939859,0.008602910847917035,0.017075306560275696,0.0159276572842481,0.006519631332171702,0.01906901731914241,0.013698107607268748,247.8947431018078,0.8151728710708013,0.8082548111701778
1964Q2,1964-04-01,1964,2,9037,0.01641199695482593,0.006169515303656694,0.00694921978921283,0.006254666029647181,0.0043284185254840015,0.004304944541562299,0.0016661925842462871,0.028209745109356546,0.03942432585940096,0.009666218359601181,0.002358905247033763,0.004578807687315487,0.005857909673950966,0.0034474537171283676,-0.010242481651169234,0.0024104559568225983,0.019988263119520566,0.006437501111447015,0.0049792826276385755,0.008660395141642808,0.002667472836234951,0.003556630448313268,0.0006579766329379545,0.03601088328917184,0.046823039852044175,0.021144168015222377,0.00344993153486387,0.012981701136343428,0.013675244073764515,0.007273309266800633,-0.013550762008073551,0.006401934806963883,0.017774743927343146,0.016288741210982522,0.010318402654530741,0.02123717932889519,0.013127686987022675,240.41363284275755,0.8030040255581055,0.38219146838387946
1964Q3,1964-07-01,1964,3,8106,0.015032776309187168,0.006170518730259972,0.006110539766784235,0.005269371376575728,0.004248753729789405,0.0034475713152313896,0.0015014246222910112,0.02657604479209487,0.03796814678168974,0.009248951221498412,0.0023801408189030285,0.004549136181017487,0.0063299749990125415,0.003363698293135237,-0.008862257578927196,0.0029662767058773044,0.01851144654593693,0.006572467991879887,0.0031957871887122384,0.0070548509637609795,0.0031354893172271018,0.0019094325970293248,0.00038188651940586495,0.03440998532751794,0.046690651819990756,0.019697304685144613,0.0043012481659397426,0.013948907603561595,0.014471489156432779,0.00651217012039475,-0.011938978554057041,0.007959319036038028,0.01673188517721683,0.015660952106416336,0.007536505505299277,0.019484149770875578,0.013449109431076143,252.98778682457439,0.7860486980420038,0.7144573428939219
1964Q4,1964-10-01,1964,4,7907,0.014738857403163991,0.006412899313549498,0.0059416372107376995,0.00471458666775432,0.0046624972173913894,0.0032167692648655184,0.001559243641524334,0.026637365531821004,0.03950788246064667,0.010313219761951212,0.003480656386043762,0.005050219635658865,0.006467937223366934,0.003245762449501489,-0.008325958089614494,0.003222174773865445,0.018356949858713365,0.0065383742755192546,0.0028669843037765815,0.0067240063527421986,0.0028669843037765815,0.001670688695006497,0.0005568962316688324,0.035290720458717485,0.04661427716931708,0.019718251758348286,0.00622898748014768,0.013035496978322299,0.014871191964193635,0.006167110121073366,-0.011818575583194109,0.008704081843120269,0.016019958691041534,0.014979490906443842,0.0061920678311793076,0.018584693699097876,0.013093892055136353,257.36195775894777,0.7988035151533617,0.9687922765954401
1965Q1,1965-01-01,1965,1,8114,0.013323271701806543,0.005668138478770377,0.005168606547934252,0.004296361839245591,0.003304074573534295,0.0028398777502088644,0.0013930745125449312,0.0259533944453211,0.03723158629462509,0.008970276882030113,0.0025804309334180086,0.004736356534139038,0.005561165071101013,0.00290231924156338,-0.0076551332230361665,0.002658845829537633,0.01753720920952875,0.006743545748373968,0.003072503092454411,0.005686125852918878,0.0021148397909101792,0.0018953752843062926,0.0006184908822473165,0.034755197318542756,0.0471848689198356,0.020110929332428872,0.004848170464067675,0.013706556003351822,0.014983440405410798,0.006005346953433622,-0.010793663461154783,0.008978093451977176,0.015509518581750075,0.014242655311295743,0.006327985065806127,0.019276871262993885,0.01416249874214214,254.61350751787035,0.7491071834821441,0.6882871461154227
1965Q2,1965-04-01,1965,2,8843,0.014409393905586217,0.005962096200667281,0.006142070150356298,0.004598977178660415,0.0038703581527510535,0.003701862133526897,0.001489376257120334,0.02703190359640291,0.03806494947644568,0.009754863543475876,0.0025260629367065595,0.004580612489916638,0.0056838711661990554,0.003307480442754281,-0.008447297704918935,0.002376390723444775,0.018834373639134854,0.007239802583829293,0.004862824793148497,0.0061511104659602266,0.002485847002467702,0.0033749455653941064,0.0008709536942952533,0.033967194077514876,0.04815648134707505,0.019923065757003918,0.004989838873566556,0.01241109014370736,0.015114675569748876,0.007130933372042386,-0.01159457105530556,0.007983742197706489,0.016597207053869863,0.01535504594444311,0.008583076193190273,0.019900118005177162,0.012948564082709899,246.30702250367523,0.7672789913011061,0.4999903812597615
1965Q3,1965-07-01,1965,3,8273,0.013576165982566848,0.005447480274531131,0.005015550485148805,0.004383099949464721,0.0031961791683250136,0.002782478537697394,0.0013550341340997682,0.025630197209115795,0.03667757377998823,0.00947561799380006,0.002312064968721802,0.004264610417559136,0.005386716412015446,0.0031141479539288394,-0.008128685708035717,0.002272568458086607,0.018041791278171973,0.006860962880431596,0.0037139115307179577,0.006763228366465333,0.0021306124044645127,0.0022283469184307745,0.0006059539865908247,0.03276060908149104,0.046072049883695926,0.01939052757090639,0.004691256670380578,0.012607752301647804,0.014015129302761978,0.006685040755292324,-0.011180828397740377,0.007330088547469653,0.016382813413619364,0.01509862435891028,0.0061729990152943,0.01883778489114335,0.012859352203981579,238.71122930013297,0.7480694814513246,0.4881086476024694
1965Q4,1965-10-01,1965,4,8562,0.012590127539430581,0.005200330601063734,0.004719557577442278,0.0038754203863540283,0.0036127586765376733,0.002525450573887992,0.001284536418324506,0.02399595705156198,0.0357229206682745,0.008848822407735433,0.0027208226230623477,0.0046722227816803205,0.0054880519086364194,0.0026219764319123768,-0.0073897969383668475,0.0028660754767240422,0.017606096439364078,0.007170073390018207,0.002834243669876307,0.005462019257841095,0.0028717833211329468,0.0015766653527788726,0.0008071025020177562,0.03187116391688721,0.04709349250145466,0.018619667023293353,0.005462019257841095,0.014002289918726655,0.014358916605664733,0.005630947688495974,-0.010436023049345872,0.00872796891716876,0.015300506474173163,0.0140483946600749,0.005484969894200286,0.018670869266199354,0.012194502898236563,251.67752861480963,0.7299768013094103,0.8220298127669047
1966Q1,1966-01-01,1966,1,8322,0.013308732852332065,0.005959521109423467,0.005367708502495757,0.00423093701539941,0.003991664585542396,0.002944051646453605,0.0014579242161439747,0.026007002585143,0.03811573416378152,0.008552852141010613,0.002431844885961213,0.005070664972654255,0.00666869547852439,0.002800306232318973,-0.007349211742908597,0.0038683892462054166,0.01728395061728395,0.007277452891487979,0.003620161514898357,0.005847953216374269,0.002691914972616727,0.0020607073238652187,0.0009839413348185278,0.03395525851666203,0.04784182678919521,0.018676320430706394,0.005420959806924719,0.014072217580989511,0.015371762740183793,0.005717998700454841,-0.010006497725795972,0.009653764039728951,0.01522026950969792,0.013912841994685456,0.0066698323518118805,0.01783137514821611,0.012528240419499946,264.1589762076424,0.7698240164925119,1.2286745057938577
1966Q2,1966-04-01,1966,2,8035,0.010648313475960134,0.004055760070927791,0.004137149619138066,0.0035271852522138643,0.00221809381105645,0.002470950104091745,0.0010191983312399149,0.02154125284120396,0.029105908378230946,0.00623361635253197,0.0014078562861766254,0.003084115183586014,0.003946021354239778,0.002086864595683702,-0.006592553405032343,0.0018591567585560763,0.01917328306772529,0.008263361322137812,0.004760000761600122,0.006873441099750576,0.0021324803411968546,0.00312256049960968,0.0008948801431808229,0.03164448506311761,0.04600064736010358,0.01907808305249329,0.004112640658022505,0.013118562098969937,0.013746882199501152,0.0060737609718017555,-0.01090992174558748,0.007673121227699396,0.014366925186304079,0.013190337020093318,0.007055309463652469,0.0177645944336742,0.011315537455721081,272.1858120721842,0.6115519203589553,0.18520800237828094
1966Q3,1966-07-01,1966,3,6565,0.011577225486757802,0.004240376465611295,0.0041505802581042325,0.003348400804374472,0.0023182387571406694,0.002411028171564634,0.0010546065703885034,0.022874087258965777,0.03087293387656713,0.008186919785546701,0.0013504351873423266,0.003957518411964047,0.004274299477336186,0.0027702130015928848,-0.007336849021146508,0.0015040864757433006,0.020146753191669847,0.006913517411036179,0.003944522203842728,0.00638333969546592,0.0015905331467107775,0.0021631250795266575,0.0006150061500615006,0.03556432116045299,0.04671926029605124,0.020464859821012003,0.00405055774695678,0.015841710141239345,0.014590490732493532,0.008313186580141664,-0.013233235780633668,0.006277304152351868,0.014928625179187482,0.013896962698367063,0.0059876459134774445,0.017193928236852653,0.012005210258184257,305.3372429550647,0.6462194050602158,0.026900479263994016
1966Q4,1966-10-01,1966,4,6353,0.013112353500126257,0.004957443162054695,0.004689719935137964,0.00408987793240597,0.0030149286122100045,0.0026483303298978898,0.0011484717972848402,0.023531249080969038,0.03398563827144093,0.009014869794228334,0.0019420074982785598,0.003919001554620102,0.004899132231949725,0.003063605562558501,-0.008154910338071562,0.0018355266693912237,0.023166106837143787,0.006717954274569293,0.0032289522158413697,0.007389749702026222,0.0025571567883844403,0.0015386282370787735,0.001040199371546213,0.03536677863257124,0.045812113988514466,0.021497453678621735,0.00422580994690649,0.014649474482609167,0.013977679055152237,0.009643515007043017,-0.016448152562574495,0.004334164048109221,0.016061520547469326,0.01500400915686255,0.005789433094523631,0.016332566180347362,0.012342097971277244,310.43381079804817,0.6968034455168022,0.2767161360955053
1967Q1,1967-01-01,1967,1,6706,0.015383746498031113,0.006159858264883872,0.0060506998242549105,0.004356370984927117,0.00466960824934066,0.003314145177878425,0.0015443546339419154,0.027131567719286254,0.03992968298015832,0.009681404479957323,0.002176998987674114,0.005550944006940579,0.006407600464920037,0.003767390007446504,-0.009223888233147242,0.0026402104574735326,0.022464234830298416,0.007045689638347288,0.0034935691004547493,0.0074555497004118116,0.0022054374768233896,0.002068817456135215,0.0009758572906298183,0.035677342545426156,0.04674356422116829,0.020180728770224643,0.004703632140835724,0.01594550812889123,0.014481722192946503,0.009387747135858852,-0.015418545191951129,0.005093975057087651,0.01697743166692916,0.015539647355635034,0.006994220166393792,0.017721526022042664,0.014181459684918062,314.2005666567253,0.7953692141873699,0.6738916651352032
1967Q2,1967-04-01,1967,2,6854,0.016702894456768494,0.005903335889450679,0.007032821171976081,0.005453149584671871,0.00408159984064834,0.0042571189059043635,0.0016448771433535216,0.027717274068330956,0.04051096145592395,0.009705802356600254,0.0019945754336727745,0.00514811263411242,0.005576861495806523,0.0038703517035844743,-0.010799558567317813,0.001706509792222049,0.02370947808727065,0.007320087460785245,0.005589884970054188,0.008384827455081281,0.002433691415533796,0.0038786956935069872,0.0011027664226637513,0.03515543302595304,0.047323890103622014,0.01876604239946763,0.004411065690655005,0.015514782774027949,0.013594448141458314,0.010248122445099345,-0.01638939062648541,0.0033463256963589694,0.017599087554106184,0.016370800583939003,0.008571839650747008,0.01782178219200172,0.012616290257617603,326.68120805369125,0.7987068755685947,0.19861779124176052
1967Q3,1967-07-01,1967,3,6552,0.015244726279351868,0.005520764504580913,0.006037534886931824,0.004101618359155416,0.004103097663685046,0.0033595005867907966,0.001481276935669977,0.026034280416966638,0.03965275791674474,0.010266866537145336,0.002175563861576544,0.004666712689474255,0.005785560015384767,0.003553782581682265,-0.009723961774770954,0.002231777433702502,0.021418228621993402,0.00627463599066849,0.0043439787627704935,0.00661652320810876,0.0015887700104577267,0.002212211406966455,0.0008044405116241654,0.03396750060333038,0.04659721663582978,0.016611696565039014,0.004987531172069825,0.014882149465047059,0.011986163623200064,0.009552731075536964,-0.015143592631324913,0.0024334325476631003,0.016555619109716136,0.015446380756433334,0.007143218603796334,0.016942458574338397,0.01335437910383695,309.520757020757,0.7896788922967682,0.5456214445680624
1967Q4,1967-10-01,1967,4,6497,0.01615458745500411,0.005994255642791682,0.006145422937747418,0.004938446567085211,0.004562890318679554,0.0033266252846196726,0.001736534300804021,0.02691155768449496,0.040794384134992395,0.008982644104947894,0.002447965382689455,0.004920495450809218,0.0058775733869977234,0.0032496244437515945,-0.010160331812212427,0.0026279489432461285,0.022393109812365426,0.00695170716702553,0.004203834717522814,0.007710448067261355,0.002153183635804368,0.0022967292115246593,0.0009638060084076694,0.035681328821900955,0.04993335383984415,0.014846713831641547,0.005065108171844561,0.015502922177791449,0.011053009330462422,0.007607915513175433,-0.015441402645339896,0.0034450938172869887,0.01720430978373361,0.015985410899913316,0.006640079956871256,0.01798719303631122,0.012362533093506644,325.82114822225645,0.8008493712385325,0.6787654999362447
1968Q1,1968-01-01,1968,1,6811,0.01635384393688306,0.005887942214856978,0.0064877692917357154,0.00497829454571655,0.003873658044527704,0.003468369479069097,0.0017431911521002953,0.0266648353627783,0.041159755746091216,0.00892040132574393,0.0021020966928453058,0.00463965343324447,0.00580463289862382,0.0033945168960299735,-0.010465901722026083,0.002410116002593847,0.023528706221013912,0.006876699184391492,0.004297936990244683,0.007796257796257797,0.0024788101711178635,0.0024988005757236526,0.0009995202302894612,0.03658244042859427,0.04777706700783624,0.015812410043179275,0.005477370861986247,0.01437310091156245,0.012394050855589317,0.00745642091795938,-0.01665200703662242,0.004937629937629938,0.01800191996935379,0.016448789157565064,0.007003430265434088,0.01852540227149581,0.01417240654791613,326.0372926148877,0.7948037502701923,0.6208889546718456
1968Q2,1968-04-01,1968,2,6938,0.01653285302797114,0.006161928328367903,0.007392549030682123,0.005553898451068156,0.004104422292193214,0.004459621168264547,0.001741577594849131,0.02750695395563588,0.04142986741595245,0.0076917103200937545,0.0022004680682829025,0.0047856981489064285,0.0055719893255016025,0.003281066885051466,-0.010370924699603237,0.0022909224404501364,0.022368758760932656,0.007620777477246253,0.004896250814396557,0.007423348008923812,0.0019940376300566624,0.0031983573868235573,0.0014017492250893368,0.03563601903220075,0.05233855205227932,0.015281040848156995,0.004619849558745138,0.013899034569899903,0.012852658387790962,0.0066138871888018,-0.014747981283686403,0.006238771198989161,0.01653556968061785,0.015359069335826602,0.010482312374927789,0.017312058360652225,0.013079564687546086,326.6555203228596,0.8057207757366958,0.5393456848858583
1968Q3,1968-07-01,1968,3,7142,0.01692705056397092,0.006335060526323148,0.006792258670685909,0.0048977525984793616,0.004522113756118113,0.0038924759446664413,0.0016889766311627373,0.026640996458928135,0.04267555523242537,0.010026667561488723,0.002254299107321788,0.004571981443627609,0.006082459716695608,0.0036855483441597483,-0.010591990037647775,0.0023969113725358605,0.02309146029371235,0.006614433639119651,0.003937162880428363,0.006870349226347494,0.0012402063073349344,0.002362297728257018,0.0011220914209220836,0.03468640497657388,0.050120083467853065,0.015020276388834205,0.004508051498090476,0.012087090042915076,0.012087090042915076,0.007205008071183905,-0.016477026654592702,0.00488208197173117,0.017550232534027085,0.01606141836550748,0.008141146273466623,0.017300330092675738,0.013671672868257313,300.430971716606,0.8236026095248216,0.7263506304335796
1968Q4,1968-10-01,1968,4,7182,0.015852919450117436,0.005958052129525657,0.0063806868729374255,0.00486487351831989,0.004203477588694978,0.0035686106797604153,0.0015199299267936249,0.02586533777618197,0.04116983833306271,0.009142449406184463,0.002379836114687701,0.0045661933370992345,0.005597623365663672,0.003235625730405688,-0.00989486732059178,0.002361997635257983,0.021781370225002913,0.006936618349978626,0.004138654645785567,0.006936618349978626,0.0017875879221233436,0.002506509151672949,0.0009132242645630125,0.034955115998911906,0.05215093459759841,0.013251466987914351,0.005654218318890141,0.012785139703882174,0.01181362452881514,0.005809660746900867,-0.014844751875024287,0.006003963781914273,0.016973727659686744,0.015436612003803496,0.0070847308771349385,0.016906261680076896,0.013100174010407547,304.411723753829,0.7917252325291534,0.7123747152085754
1969Q1,1969-01-01,1969,1,7044,0.01685525586975844,0.006016053851433787,0.006639879577712308,0.005268935135005824,0.00417171953236993,0.0036307025308186473,0.0017647459336315675,0.02747225447673167,0.04205533094966886,0.008753802300610392,0.0022220341135141997,0.0048590319476059995,0.005943826241532808,0.0032428816700127527,-0.01083920201832465,0.0027009445715200555,0.02300818768697843,0.007242953865532987,0.003975751850102346,0.007833412061092742,0.0018304204062352385,0.0024208786017949928,0.0008266414737836561,0.03570303889151315,0.05194063926940639,0.013619902377578335,0.0051960321209258385,0.011651708392379154,0.012242166587938906,0.006160447173673437,-0.015765233821445443,0.00608171941426547,0.017647213461692495,0.016049690874268843,0.007785958021017775,0.017776467970213473,0.012975329317303254,308.5865985235662,0.805398576794051,0.7060689781742194
1969Q2,1969-04-01,1969,2,7384,0.017982851975513508,0.0061403231472506575,0.007423063411715101,0.005878966488021005,0.004499608855493811,0.004511630371335719,0.0018410728891219974,0.02816819258290282,0.04265857158567801,0.009663963012912443,0.0021371583718949425,0.005435060884525326,0.0060624059149419875,0.0034448321506981606,-0.01184252882826285,0.0026175737642438264,0.02328830926874709,0.006947678931842881,0.0050458003415618695,0.008636081353827046,0.002154168607359106,0.0032797702220152152,0.0012420431609998447,0.0351653469958081,0.05072970035708741,0.013332557056357709,0.003881384878124515,0.012401024685607824,0.011857630802670393,0.006870051234280391,-0.016340630336904208,0.0049875795683900015,0.017727311098105263,0.016380025772786324,0.010298271624140376,0.017755833550446486,0.013074928166768982,304.16752437703144,0.8168361774607263,0.5868697522582479
1969Q3,1969-07-01,1969,3,6975,0.014937951844982035,0.004942525832741708,0.005850308066026309,0.003942609081189686,0.00345855209435323,0.003440779953773727,0.0014839737383884784,0.02508397336423815,0.03557795468852453,0.009680672048819134,0.0014437525781296038,0.004458936533815239,0.004861148136403985,0.003282233752288163,-0.009995426012240329,0.0015789143841158219,0.023969357927628263,0.0069751033161979635,0.003870577562745691,0.007458925511541176,0.0028222961395020663,0.0023787924604374558,0.0008265295837113194,0.03628666465074085,0.050418304606390484,0.01451466586029634,0.003971373853442193,0.012821288176595102,0.012135873399858886,0.0071565366394516685,-0.0169942546114303,0.004979336760407217,0.017232049804851463,0.01589568860616243,0.007446748545954837,0.018353500081937396,0.01290576864234271,306.5488172043011,0.7226353465427107,0.03583732643479259
1969Q4,1969-10-01,1969,4,7360,0.017584821362777878,0.006125993514494582,0.00651185473754068,0.005306038415521625,0.004591033996428104,0.0036719339998669137,0.001805598292564088,0.027395700237635136,0.040669504949876,0.010122604724031072,0.0018288214217288994,0.005086758484369271,0.005757549638322093,0.0036071771973881124,-0.011458827848283297,0.0021503724409339805,0.025055339287077323,0.0073849324479047405,0.0042554003511182355,0.007995572857033815,0.0025570567132279978,0.002423479123731013,0.0010495382031905961,0.036943744752308987,0.050950309136707124,0.013739409205404167,0.003930997633768415,0.01204106556751393,0.011754827875734676,0.007423097473475308,-0.01767040683917258,0.00433173040225937,0.017911050736468245,0.01608969221748767,0.00745695057673042,0.017723552329335368,0.012683200440602503,304.2319293478261,0.8064673735132173,0.3484587052921307
1970Q1,1970-01-01,1970,1,7571,0.01670913310103264,0.005772206673535665,0.0063373208400009165,0.004657976216779005,0.0040807555494254385,0.003493590256342185,0.0016054084927968483,0.026723371210827362,0.03913772312173044,0.009473336945106098,0.0014787226085012713,0.005063976371569266,0.0055339680310549045,0.004079890799361987,-0.010936926427496977,0.0014540772316929168,0.023825071363271704,0.007313569283009011,0.0043097818989160245,0.007294912218511539,0.002500046642661244,0.002406761320173884,0.0012313662568331498,0.0386014664452695,0.048321797048452395,0.014832366275490214,0.00464560905987052,0.011324838149965485,0.011884550084889643,0.009776301796675312,-0.016511502080262693,0.0021082482882143322,0.017616210101964472,0.016244363445802813,0.007319315959029997,0.019133406231764117,0.013798755265221166,305.4823669264298,0.770448204281637,0.06378332145074182
1970Q2,1970-04-01,1970,2,7588,0.01949236546328674,0.006312739941429268,0.007675704124167369,0.005595539067065748,0.004489669401474277,0.004545366486821585,0.001953837609900843,0.029083565000920214,0.04153589959672081,0.010210728711605336,0.0016265163329684772,0.004865019324467003,0.005806219346422956,0.004449309194700866,-0.013179625521857474,0.0013569101517220893,0.027422833632392656,0.006688053939426893,0.00581806318307868,0.008283036992731953,0.0023199753502619034,0.0038243343664473564,0.0012506117122505574,0.03898646076885433,0.04908197850397839,0.014644844398528265,0.004766824352491255,0.011400503869646385,0.010439889076178566,0.008917405252569191,-0.020734779692965763,0.001522483823609374,0.01813123874741827,0.01684425369984965,0.010347160417340451,0.0177699856522382,0.013144332097637103,326.52714812862416,0.8200600721317616,-0.1502279894766938
1970Q3,1970-07-01,1970,3,7511,0.019644173963162936,0.0063566397409708505,0.006908432856694836,0.005304757626357233,0.004661846599818612,0.003977826562354317,0.0019393281855245425,0.02846311631731071,0.04086320446859187,0.01084811703777791,0.0017206451995694148,0.005316200340738606,0.005962925605404352,0.00461904237194755,-0.013287534222192084,0.0013438832334568016,0.02817312604919349,0.006751332019560616,0.004142033428216918,0.007864389460623311,0.0026092985913436974,0.0024268301583825996,0.001040070067878257,0.04039851105758704,0.04629224144223049,0.014378512517334501,0.004415736077658565,0.011623239179621925,0.010163491715933143,0.0087767316254288,-0.021421794029632873,0.0013867600905043429,0.018626953596904586,0.017176328703121267,0.007876435873768493,0.01905364974302456,0.013616010006460998,314.1499134602583,0.8215207791217081,-0.1678709791309497
1970Q4,1970-10-01,1970,4,7432,0.01926690215243945,0.006235342197682563,0.006534645406246873,0.005466311007405422,0.004741793750413344,0.0035818878316711974,0.0018615302957590515,0.029369021354817594,0.04022999713415058,0.010320873388807586,0.0018657697179766764,0.005607483767252328,0.00561638655390934,0.004545508501737315,-0.013031559954756886,0.0010708780521720255,0.02911392405063291,0.006622638048064575,0.004109337736195194,0.008365437534397358,0.002348192992111539,0.0024032287653641534,0.0008622271142909557,0.04241423592001468,0.04797284901852871,0.013557145477893964,0.004714731241973949,0.012841680425609979,0.00983305815446707,0.008695652173913044,-0.022491286002568337,0.0011374059805540268,0.01871802389272637,0.01702750352526339,0.00699008335288163,0.019009236169823647,0.01307127838397272,317.3858988159311,0.8122092816214264,-0.3694693444165896
1971Q1,1971-01-01,1971,1,7080,0.019613810024202254,0.006513730099277217,0.006853486676225382,0.00589430112374704,0.004778205091075079,0.0036832898119278767,0.0019127517213684841,0.02895711589027678,0.041462837935680535,0.009252963468387294,0.001757570282278928,0.005610738382680887,0.006074553658845494,0.004384848239900995,-0.013100079924925035,0.0016897054189444981,0.03014755597979557,0.006920415224913495,0.004195998886369964,0.009048244044067932,0.0022272600723859523,0.002326691325617468,0.0011335162868392793,0.04154237760012727,0.04780654655371276,0.012985721672035955,0.005548263930318578,0.01282663166686553,0.010261305333492423,0.009624945312810723,-0.023227140754882074,0.0006363600206817007,0.019353609435186624,0.01785317347898357,0.00748968416893639,0.019435752314361388,0.013157360187079784,326.7543785310734,0.8221080382688668,-0.0156296701093228
1971Q2,1971-04-01,1971,2,7768,0.01847716032150134,0.006395026645944358,0.007099196246651028,0.005855024395934983,0.004579602415010062,0.004245017687573698,0.0018258409410039209,0.02961220671752799,0.040835170146542275,0.009463372764053183,0.001655840232667636,0.005036270984462435,0.005825440939337247,0.003980433251805216,-0.012082133675556982,0.0018450076875320314,0.026920680138876524,0.0076382088489272675,0.005074334549986646,0.009329653698922817,0.0028131398557820707,0.0034184990652541616,0.0010860856405234577,0.03938395798094899,0.05239918098459895,0.013406926021543666,0.0038458114484109323,0.012124988872073356,0.01121695005786522,0.007121873052612837,-0.019282471289949258,0.004095077005252382,0.018545006386908962,0.017050001540000845,0.010711774662821751,0.019029077200776914,0.012639944070127107,308.95854788877443,0.7989212455051896,0.02386008405304596
1971Q3,1971-07-01,1971,3,7449,0.01836538212664701,0.00620425149494796,0.006686266930473941,0.005680229432558361,0.004506165427188302,0.003893038398724356,0.0019284860514661797,0.028422786940267,0.04055845901023052,0.00970140925868487,0.0016832352400806018,0.005188879191062687,0.0058007332914398555,0.00392316436344473,-0.01216113063169905,0.0018775689279951254,0.026232652600699537,0.005961111737936741,0.004174658693444658,0.008405731693557485,0.0024634247245101356,0.0027643010267403814,0.0009778479822482981,0.03759073300989131,0.05114897137914175,0.014178795742600324,0.0038549776223250217,0.012617999924780925,0.011734175786979578,0.007315055097972846,-0.020271540862762796,0.004419120689006732,0.01820440473046914,0.016799776261710635,0.007295595638632164,0.01792371358608511,0.013251055773525268,316.3875688011814,0.8037191564220707,0.10108565260976836
1971Q4,1971-10-01,1971,4,7572,0.018868797630089924,0.006316454885563835,0.006650704754900644,0.005969396924818569,0.004762544182750806,0.003720957136276027,0.002031941727315734,0.02850709299707273,0.042429488358064656,0.010634434347169515,0.0019666617775565055,0.005359566508080459,0.006249109114609694,0.004058925483763678,-0.012552342744526091,0.0021901836308460157,0.028428469697537574,0.007139912297140287,0.004366403058356134,0.008826505753157677,0.0024361905475806752,0.0024549304748697574,0.0010119560736104344,0.03914770810689255,0.053202653573704135,0.013905026048498931,0.0050785202953412545,0.01283685019302125,0.011262696300738353,0.006708893969491398,-0.021288557400397288,0.004553802331246954,0.01899417501263666,0.017513279407761338,0.007554065991672721,0.01744206632500477,0.012654105651031759,319.64408346539886,0.8130431818604372,0.32592878408049364
1972Q1,1972-01-01,1972,1,7561,0.018224231125594792,0.00636366217272994,0.006450122636209642,0.005939962886523438,0.004316570900591114,0.0036197253740382885,0.0018862145888482347,0.029312247877417128,0.04042435311657709,0.008795308939151621,0.0018750306482986216,0.0050753582517264135,0.00615288790852569,0.003540577487071795,-0.011860568952864853,0.002612310421453895,0.028718717780485518,0.007460867935139189,0.0036179585715624706,0.008941793982566313,0.002418221014153154,0.0019120817321210985,0.0008998031680569875,0.04174711781797732,0.05153247727059706,0.013984440903552348,0.005623769800356172,0.012503514856125223,0.011809916580747962,0.006467335270409598,-0.02125784984534633,0.005342581310338363,0.018267747962302263,0.016688530704639146,0.007505708956049974,0.018354579606701397,0.01254498860836357,307.4675307499008,0.7978700615374821,0.3189530905083676
1972Q2,1972-04-01,1972,2,7737,0.01906538229058669,0.006658302832256449,0.007198308525972071,0.006264310762672392,0.00475400782926684,0.004360015759682784,0.002035217833565677,0.02942623171464859,0.04293004479110671,0.010820506838576636,0.0019002164101367715,0.005086005287487774,0.006266757918384094,0.0036788907532589996,-0.01240707945833024,0.0025878671651250944,0.027199797178609587,0.007533365929628221,0.005070534760326688,0.01024972383694609,0.002154977273138842,0.0036399195958059434,0.0011046522156425997,0.039133662918092754,0.0527878886655439,0.014650223646801035,0.004255627388131327,0.011933865739483168,0.012114956266637692,0.0058311149743756905,-0.019666431248981365,0.006283841292262002,0.01917844724416839,0.017704952786243792,0.010099307716701452,0.017648574489717996,0.012784504510049673,316.89621300245574,0.8162985464710791,0.45305038297784334
1972Q3,1972-07-01,1972,3,7556,0.018137229469549626,0.006510573196178945,0.006467549000130338,0.005182306594639101,0.004323509897041411,0.0037633517367222902,0.0018141869333829377,0.027328378801894246,0.04177649436319761,0.01187003824513584,0.0016239524979131156,0.00477104589711565,0.006330462100955854,0.003997032174084333,-0.01162665627337068,0.002333429926871521,0.026139599796314805,0.006996963581841842,0.004130283084699093,0.0077890726665786544,0.0019236934915036871,0.002508345434999906,0.0011693038869924372,0.039548875016502276,0.05227919959262961,0.014484280406615997,0.0030364181581577806,0.011561020689134904,0.012636025875563435,0.0061294155366539045,-0.019142636214472965,0.00650661033890953,0.018604755180819582,0.017383445584397327,0.0075104612138447895,0.017747714695274773,0.012491396103756151,313.7584700899947,0.7980520162530228,0.495083873036299
1972Q4,1972-10-01,1972,4,7422,0.01690492744874129,0.006275882344217404,0.005734136036772448,0.005330661532435424,0.004168654959944796,0.0031837409807091207,0.0018036400815498307,0.0260640167915184,0.040574704722091126,0.011999549853309756,0.0017137852189623422,0.0044971050159078,0.006208273102950118,0.0034803492649785003,-0.010629045104523886,0.002727923837971618,0.02417066989446609,0.007338200249650112,0.00440670272723834,0.008416234822407989,0.0022317206944812195,0.002553239777584446,0.00141846654310247,0.035442750690320386,0.052464349207550026,0.016378560351023187,0.003688013012066422,0.011669251427922987,0.012671634451715399,0.005484737299996217,-0.016832469644815978,0.007186897151719182,0.01807953276610272,0.01678587404562762,0.006739353937023071,0.018552233503935443,0.013126825113526829,308.8905955268122,0.7702742667014454,0.7273946173833615
1973Q1,1973-01-01,1973,1,7288,0.01578627128840174,0.005590558703017921,0.005393477738887517,0.004881411478374021,0.0036274946017888754,0.0030814340265017956,0.0018283777654805376,0.028525963480639162,0.03626375801555821,0.0082748186467853,0.001382148595604492,0.004278550275870319,0.005632728865648444,0.0028447647464325335,-0.010195712585383822,0.0027879641192159106,0.026458423825801214,0.007799663840154104,0.004268096919793771,0.008460652301184113,0.0025872976903174635,0.002511756151914034,0.0014541746142660195,0.03873392381635852,0.053388982266623856,0.013899643066231043,0.003682649997167192,0.01225661460595645,0.014050726143037902,0.005193480765235784,-0.018658759985647106,0.00885724537780212,0.017952274778900122,0.016480934954623095,0.006891678655518695,0.018780070818286074,0.011968791876437599,318.86909989023053,0.7288393996690072,0.2544144633410245
1973Q2,1973-04-01,1973,2,7683,0.019138300924251308,0.006290693250845048,0.007327123844685867,0.006426727202424757,0.003907565514574732,0.004475088246666583,0.0021106700510146806,0.029137770820600453,0.0413243080588228,0.009916056527758722,0.0016534556521522208,0.005105755678345578,0.006170250583114016,0.0036846101555386476,-0.012847607673406258,0.0024856404275753682,0.029346210995542348,0.008190051652161608,0.005695889053987122,0.010188919549989387,0.002246515248001132,0.0037677775419231586,0.0011674803651029505,0.03951744144909078,0.051829052571994626,0.014894219203283097,0.003290171938017406,0.012683082148163872,0.012665393051722918,0.007111016769263426,-0.02115615934338074,0.005554376282459492,0.02001345978383083,0.018299195737162065,0.010607762039263073,0.018647470185393183,0.013640655865068449,333.92372771052976,0.7955783898569344,0.27631280502284755
1973Q3,1973-07-01,1973,3,7041,0.01978072261051347,0.006235588612648824,0.006915222911077815,0.00607364275011888,0.004411118189077402,0.003989430901603309,0.0022421202795696996,0.028771633903657914,0.042394376306557686,0.011539427761378828,0.001841068752971998,0.005769040975443444,0.006702584853351516,0.004271602501413101,-0.013545133997864648,0.002430982351938416,0.027623130492134003,0.007584721925859828,0.004364609803883533,0.008923202265717444,0.0029291381350507266,0.0026575624139201955,0.0013578786056526546,0.03924269170336172,0.05049368586448372,0.013598184322321584,0.003763263564237357,0.012725262361544878,0.01233729704564412,0.007274349673139222,-0.020038408566274174,0.005062947372504898,0.02025351745680578,0.01902557864597984,0.008065839539242508,0.018093577951608396,0.014202597671172483,316.5942337736117,0.8216016042061064,0.3121675148155559
1973Q4,1973-10-01,1973,4,6964,0.01857622237940329,0.0056207515068323255,0.0063220049507374115,0.005413266279081153,0.003971593640414579,0.0036629302229510365,0.0018501154690261856,0.027506013574662744,0.037887735105241634,0.011153380074237749,0.0016025319725410786,0.004777289086603401,0.005776948251319163,0.003993974069475379,-0.012955470872570965,0.0017829741818437836,0.028491981122838624,0.006638337869857246,0.004895529402549592,0.008459474807605694,0.0031331388176317385,0.0032114672880725324,0.001331583997493489,0.03969295239587209,0.04922944367203869,0.0143928564434958,0.003426870581784714,0.012650047976188145,0.01284586915229013,0.007774100691248752,-0.021853643252981378,0.005071768461041377,0.018902847999856535,0.01758836251407232,0.00732515608028334,0.018535323568505638,0.013721385741475597,307.9740091901206,0.7674757347191792,-0.13551740074462884
1974Q1,1974-01-01,1974,1,7303,0.018202236867421326,0.0054154588471067595,0.006199622382501691,0.005306294549836004,0.003557391537310765,0.0036410841652183444,0.0018212243594671145,0.027592185837660863,0.03722593507180509,0.009088382599029075,0.0012826804929313843,0.004508940328520856,0.005897146308813971,0.003853044842419063,-0.012786778020314566,0.0020441014663949084,0.02787935841268692,0.007277598754480611,0.004996560338897136,0.008617256236648684,0.002625004525869872,0.003113798472066331,0.001050001810347949,0.039755240957312,0.04830008327600565,0.014500887070494949,0.003113798472066331,0.010029327636771787,0.014482783591006191,0.007965530975053405,-0.020601759658206306,0.0065172526159527865,0.018959295196670823,0.017420036693542203,0.007326163286591649,0.020445817318370477,0.01359958114201559,301.0435437491442,0.7632512948477636,-0.08318039725341653
1974Q2,1974-04-01,1974,2,7894,0.01855040250835131,0.00561874259811825,0.0071536324646026914,0.006187385450686951,0.0037498814483005157,0.004420255844700111,0.001807254796581496,0.028608450284078244,0.038939268294857735,0.008646775920670471,0.001557992248948031,0.005506473125444316,0.005643466200403846,0.0039817158828474135,-0.012931659910233059,0.0016617503175564326,0.028495532480077277,0.006675406216579846,0.006330423983164867,0.009021285403801704,0.002069893400489875,0.0045365163694069755,0.001224686928623176,0.03870700658916066,0.04809052333804809,0.013695794666574671,0.004312277917687239,0.010970435022596337,0.013316314209818195,0.008555559388691483,-0.02182012626349743,0.004760754821126712,0.01846350161791072,0.016884967928984765,0.009236586152373927,0.01801088599931715,0.014024042304176374,312.55105143146693,0.7817424708524942,-0.18275404637728557
1974Q3,1974-07-01,1974,3,7443,0.01812558102027057,0.005164351727720444,0.006032991103610011,0.005361658126956434,0.003550287138119801,0.0035183578867911554,0.0015903223257921627,0.026680982978843595,0.0369560616660274,0.01019034336635009,0.0014450032973092237,0.0051475684033041045,0.005395634125165121,0.004374307432024466,-0.012961229292550128,0.0010213266931406553,0.03055892850572175,0.00689921624903411,0.0040475401994333445,0.009842881848621997,0.002575707399639401,0.002575707399639401,0.0008463038598815174,0.04023622916436693,0.04634433528351179,0.013688045038083674,0.0036243882694925855,0.01324649519814549,0.014074401148029584,0.009971667218603967,-0.02365971225668764,0.004102733929425617,0.01879698376786069,0.017535520267716213,0.00703414660281581,0.017493550941316587,0.014003767970040827,328.21456401988445,0.742974438996914,-0.4281367069520403
1974Q4,1974-10-01,1974,4,7859,0.02058924098569124,0.005575993430488555,0.006722390293865824,0.005734318345111748,0.004169352419978815,0.0037531173864485544,0.0019061230507460528,0.029322396595742033,0.039608458985094505,0.010016093124614156,0.0017816415453912084,0.004985484289461512,0.0054028863371044745,0.005006879548194377,-0.015013247555202685,0.0003960067889100983,0.03462428429070887,0.0061817014879997296,0.005100748222338575,0.009204992652895773,0.002533484216393332,0.0029557315857922204,0.0012160724238687993,0.04313679125779046,0.0488624655868394,0.012633641292414748,0.0041042444305571975,0.011654027395409326,0.012025605080480348,0.010944651814819194,-0.02844258280270914,0.001080953265661155,0.019569825681221585,0.018119869047864275,0.007100899668404622,0.019532601159441356,0.013827816840138321,327.0979768418374,0.7985671400724249,-0.8256921931033768
1975Q1,1975-01-01,1975,1,7345,0.02135814506133051,0.005477420918666411,0.00673611380552882,0.005637208580472279,0.004205794826801439,0.0038770410996394975,0.0018849103290833153,0.030709269478345434,0.03809037473335695,0.011021176662991133,0.0015348793936913495,0.005373120878323156,0.005146163990536232,0.005471162916245816,-0.015880724142664098,-0.00032499892570958446,0.036180704828308735,0.006394393164863351,0.005238344683080147,0.009338704141904951,0.0024746662813171726,0.0035042719604053397,0.0010296056790881668,0.04429110745831903,0.04763281010097361,0.01291522913242174,0.005039648850273659,0.013005545420061054,0.010187677245714491,0.011145029894691209,-0.029786311663445385,-0.0009573526489767165,0.019619749400594366,0.018470855885188434,0.007179801648362166,0.020069582085577648,0.013350925573471208,326.3350578624915,0.800066835465852,-1.3917220621953525
1975Q2,1975-04-01,1975,2,7466,0.02146548485002487,0.005843127420750997,0.007447311044997955,0.006073486689566516,0.004234778167773196,0.004641760094776385,0.001910357335963789,0.030880222344599136,0.03867994558022626,0.010955186999239357,0.0015554457680961161,0.004909193459296392,0.005626098163874168,0.005526539637207063,-0.015622357429273873,9.955852666710545e-05,0.033801827125790586,0.00679901616303584,0.006377371749824315,0.009732958538299367,0.0021784961349262124,0.003952916373858046,0.0008784258608573436,0.04251581166549543,0.050087842586085736,0.013158819395643008,0.0042340126493323966,0.012596626844694307,0.011278988053408292,0.012385804638088546,-0.027002810962754743,-0.001106816584680253,0.020251980598715417,0.018953741948665986,0.009769340748440034,0.024739534425379833,0.013760524289649289,321.53736940798285,0.8008096316001263,-1.1799212610539838
1975Q3,1975-07-01,1975,3,7434,0.021000533417493826,0.005755956670215789,0.0067913154092185115,0.005990559643504204,0.003971463213288517,0.0039026351495688384,0.0019271857841509953,0.029410567374070874,0.03784913979609266,0.012478863699029986,0.0014529436377897966,0.005089079882102563,0.005993497426711752,0.005280455473908498,-0.015244576747278039,0.0007130419528032537,0.033810688089416695,0.00661893119105833,0.004697869367796018,0.00974502270345791,0.002637093957387356,0.002968913726859937,0.0006985679357317499,0.042472930492490395,0.048672720922109676,0.013552217953195948,0.0034753754802654556,0.013901501921061822,0.011683548725113518,0.010321341250436605,-0.027191756898358364,0.0013622074746769124,0.02076404952737604,0.01942857114148046,0.00764426256205139,0.025820509108568996,0.013883767499386187,320.52044659671776,0.7936870396336333,-0.8708541110100715
1975Q4,1975-10-01,1975,4,7467,0.02092058468411858,0.005856875433857856,0.00671389891399827,0.006529252300474735,0.004181073763237805,0.0036949884688395472,0.00200849456670143,0.02974373188489237,0.03851547412644468,0.011128968051612224,0.0015832727440213976,0.004936521043956586,0.005748308159982103,0.0049081455064663325,-0.015063709250260725,0.0008401626535157702,0.03325608743774212,0.006761898173768677,0.0047558107360265636,0.009355976757055894,0.002403846153846154,0.0027324294410625348,0.0011068068622025456,0.042663945766463755,0.05015218594355285,0.012399695628112894,0.003856530160486995,0.013039568345323741,0.012538046485888212,0.008785279468732705,-0.026494189263973438,0.0037527670171555064,0.019842176732974493,0.01823811633088994,0.007181772887831756,0.022027114826016374,0.013425037454253238,325.6558189366546,0.7961184732151376,-0.7828215504970696
1976Q1,1976-01-01,1976,1,7194,0.019810414530632637,0.006065063633970107,0.006917380525120659,0.00614369065344894,0.004033341450637058,0.0038702465473752505,0.0019306303011459775,0.02856452223077884,0.03908302024803006,0.008367262764310343,0.0014179821341439853,0.004720766249509143,0.005934318133008162,0.0041820588417655945,-0.01374535089666253,0.0017522592912425675,0.033300107062428475,0.007069812086978993,0.0048362683205965965,0.009377192010927751,0.0026581016723889687,0.0030642005390039504,0.0010890833241038137,0.04094214937054676,0.047273599881862145,0.013401262598294385,0.004079447705541404,0.0120722117620999,0.013585852992210285,0.008546535238306199,-0.026230294975449476,0.0050393177539040865,0.020250874213466226,0.01840204319311756,0.007426456413725148,0.025607592968430595,0.01422557199724258,309.3825410063942,0.7955041519559257,-0.1999238862679484
1976Q2,1976-04-01,1976,2,7713,0.020128376380254737,0.006384712641787206,0.007891812986341803,0.006667594894958396,0.003958345287281975,0.004874803537272044,0.00199181206346353,0.02949880086012255,0.03957823660432156,0.0101821561084711,0.0016298832799735816,0.004662140283114979,0.0063116848828125155,0.004126870884915875,-0.013743663738467533,0.00218481399789664,0.03393602705220662,0.007349642869466202,0.006124702391221835,0.010713916013940167,0.002622407784410476,0.004278665332459197,0.0010524136503226253,0.04235533625478762,0.049101135226527724,0.012887754045754115,0.004278665332459197,0.012628963803871502,0.01307753355646803,0.007642938476933163,-0.026586384182740418,0.005434595079534868,0.020497034899178354,0.018723261594169534,0.010061330593937696,0.01833410812932807,0.013865169000786609,323.11720471930505,0.7989955071878173,-0.07298538039960323
1976Q3,1976-07-01,1976,3,7123,0.01909536078694882,0.005710709704799308,0.006386540994537282,0.005989754276886397,0.0035339895265558137,0.003680196806211955,0.0016302758616525477,0.027752211870305948,0.03634523204691054,0.012303407276550854,0.001439645721215927,0.004166691825244779,0.005738743548981164,0.004197313408889575,-0.013384651082149514,0.0015414301400915888,0.03213694091662065,0.007730535615681944,0.0043990428860666295,0.010417817043990429,0.0018590097551997055,0.0026320633167678997,0.000883489784649365,0.04139517761825879,0.05102153506350083,0.014540769372354132,0.00357077121295785,0.012865819988956377,0.013105098472298914,0.008521995214430334,-0.024406405300938707,0.0045831032578685805,0.02031127426824426,0.018706332536212518,0.0074626298316192285,0.019481240307175948,0.013840110722267167,325.5125649305068,0.76106625216831,-0.4001629070936781
1976Q4,1976-10-01,1976,4,7535,0.018801119833122906,0.005655650519144007,0.006397909899417091,0.006350573958231402,0.003919336373971438,0.003506837457924713,0.001757794320164395,0.027760341709806017,0.03733174857375616,0.010522899059884341,0.0013703556082747999,0.004165960605359065,0.005874827860264302,0.0041751095687815095,-0.0131454693139789,0.0016997182914827923,0.030884192846247452,0.007232591221485252,0.005690095463348587,0.009409224124633657,0.0022966047954479235,0.0034791848766860334,0.0010626081889385916,0.04024200044560988,0.0499425848801138,0.01335115772876069,0.003427768351414811,0.011105969458583989,0.013676795722145097,0.007489673847841363,-0.023651601624762198,0.006187121874303735,0.019415562668064868,0.01797882610338803,0.006657399477045812,0.017371405276891155,0.013495874113894753,333.6358327803583,0.7727878800897076,-0.24529901182707922
1977Q1,1977-01-01,1977,1,7510,0.019637468715868443,0.0056802630912883185,0.006693109640531708,0.0068230937593037316,0.0038737841337008923,0.003761817615550734,0.002046713632545621,0.029101427937748333,0.03907760180587837,0.008204872130804348,0.0014345442018932207,0.004518127851178051,0.005876311745673845,0.0036035201243729232,-0.013957205624580126,0.0022727916213009223,0.030292021313403916,0.00711023458584181,0.00442875925541485,0.010743201162549305,0.002421977717804996,0.002871773579683067,0.0012974880631098193,0.041502318178672754,0.04923534703480728,0.012819182063525015,0.0038924641893294584,0.010829700366756626,0.012369386201646945,0.007611929970244274,-0.023181786727562107,0.0047574562314026715,0.01986704554968915,0.01830682524669295,0.007020788698035418,0.018694779426431104,0.013802960142596464,310.39334221038615,0.7935521871222202,-0.06550108148131643
1977Q2,1977-04-01,1977,2,7840,0.018389778658111137,0.005759129391433773,0.006901974932364394,0.006727053578644914,0.0037572950599164203,0.004069654620129777,0.002023699500732288,0.02910136887672769,0.03803914724278264,0.009002202525348954,0.0015532079131609187,0.004473379351705542,0.005677525456328034,0.003586668650149874,-0.012630649266677365,0.0020908568061781597,0.02984928237486514,0.007192598162618105,0.0056233040180468825,0.010004250171641547,0.0020760453787556804,0.0037270735933566546,0.0012587046784581686,0.03955928989439958,0.04887697387779122,0.01224376369045673,0.004037663059469709,0.012390885016510282,0.011475463432177068,0.006865661882499101,-0.022656684212247032,0.004609801549677967,0.019419721755462423,0.017970674863813887,0.007891800838695603,0.01874806797106386,0.01344079622034585,326.67742346938775,0.7793140662147605,-0.10766412026395393
1977Q3,1977-07-01,1977,3,7349,0.013573791131355204,0.004039251227999508,0.0044819488815559996,0.00440022008397634,0.002879967152807068,0.002608024308479509,0.001154419265812698,0.026564291618079383,0.028525782759991222,0.00634760327868693,0.001006042579730577,0.0030035333110525063,0.003708444190177074,0.0027841304080261572,-0.009534539903355697,0.0009243137821509171,0.031025741725873825,0.007247670391659824,0.004944839158841801,0.009925381127494734,0.0024813452818736835,0.0029633332143239673,0.0009639758649005677,0.040183512442429216,0.04885929522653433,0.012603091863329644,0.0036059837909243457,0.011496304759184547,0.011567710378806812,0.00717626477203756,-0.023778071334214,0.004391445606769253,0.01688039880258102,0.01586627893003751,0.006766609722403914,0.019271827309868487,0.011458506463259447,279.70866784596546,0.6282025648248012,-0.8389789949296692
1977Q4,1977-10-01,1977,4,7427,0.016857520252014077,0.005146743156421934,0.00556451433482506,0.005622194773657838,0.003799492906542033,0.0031279277972746816,0.0014724992027739347,0.02722104709772632,0.03470838006135551,0.009655293457472625,0.001320470046136111,0.0040388667276980645,0.005001718053070947,0.0037298643768081787,-0.011710777095592144,0.001271853676262769,0.030011522748699327,0.0067041446977897275,0.004766227871084884,0.009811795104577675,0.0028981458849820173,0.0029156045951325114,0.0009776877684276686,0.04015503334613639,0.051101644610496176,0.01244806033730228,0.004015503334613639,0.01262264743880722,0.011627500960229058,0.007646915045916408,-0.0233073780509096,0.003980585914312651,0.01818296727571188,0.01690147749748693,0.006553625058340778,0.01917754109455042,0.012708557106369471,326.80301602262017,0.7265650557069439,-0.45225516416864586
1978Q1,1978-01-01,1978,1,7843,0.02007343775134707,0.006162256795826047,0.006974550653806744,0.006673981968273838,0.004325714269747822,0.0038610901662148823,0.0019004083822339558,0.02909768322615179,0.040989106480747835,0.008407141639699973,0.0014717088227886148,0.004457437598069016,0.006011772872259107,0.004038717078648008,-0.013911180955521024,0.001973055793611099,0.030769998835100097,0.0070559651195686544,0.005208766703832521,0.00961874490356293,0.0023464412307999533,0.003361568288096387,0.0009818442029588459,0.04125409795144032,0.04749463313973806,0.012048393270206853,0.004160356792198499,0.011033266212910418,0.012863823201477758,0.008686824982110465,-0.023714033715531446,0.004176998219367293,0.01996818722538752,0.018468750044288898,0.007232167047733749,0.019225963497092574,0.013559788977316444,319.4250924391177,0.8068892099035186,-0.023524826224579482
1978Q2,1978-04-01,1978,2,8537,0.019665504271910023,0.006081078127208635,0.007052331079948763,0.006923000698019752,0.004333114261024413,0.004177189180839576,0.0019468776367003921,0.02971830021261186,0.040578409185298744,0.007862558599413897,0.001433563529269469,0.005038420231206292,0.005851197927216504,0.003682819242029241,-0.013584426144701388,0.002168378685187263,0.030324898891945937,0.00714146106776119,0.006254416429870852,0.010509223760768571,0.003037000285658443,0.0040894261272232495,0.0016387773818651993,0.043570429840783007,0.05188459398914498,0.011321095124261422,0.0034429359674048683,0.013230496293957571,0.01150151098281539,0.006630282801858283,-0.023183437824184746,0.004871228180957106,0.019264310351390684,0.01792289871689971,0.0078021006586270454,0.019515282403381573,0.012709745253775724,321.53074850650114,0.7978263752373486,-0.005151096451878279
1978Q3,1978-07-01,1978,3,8156,0.018399548628613593,0.00595338109419972,0.00659051841928297,0.0062604850438121185,0.00410023241416407,0.003676977766350654,0.0016836212855739704,0.02813478142054935,0.039410420559500545,0.010507315426579414,0.0015189804900657322,0.004899379289165245,0.005912032949209067,0.003930329127475203,-0.012446167534413874,0.001981703821733863,0.02778995490981964,0.007060996993987976,0.0056832414829659315,0.009597319639278557,0.00250501002004008,0.0031312625250501003,0.0013620991983967936,0.040549849699398795,0.0500375751503006,0.011695265531062125,0.00375751503006012,0.011836172344689378,0.012650300601202405,0.006387775551102205,-0.020728957915831663,0.006262525050100201,0.019009880152819424,0.01775531405585309,0.0077876670610390495,0.01940925226768034,0.01288576750592466,326.1815841098578,0.7782089261623621,0.04957620192861486
1978Q4,1978-10-01,1978,4,7780,0.017563839993205328,0.00555232765759488,0.005837626652099303,0.006062700148440411,0.00408645447473521,0.0032093241425105155,0.0017619818821626358,0.027714152799037935,0.03715179720993798,0.010156875840888866,0.0013805537271283053,0.004757428294016249,0.005617185886386142,0.003911954954415861,-0.01201151233561045,0.001705230931970281,0.029255362665052277,0.00661027210105208,0.005448565865471145,0.010193563165731303,0.0032887739908699708,0.0030433430960289283,0.0012107924145491435,0.04070880442430093,0.049527954578922395,0.012058837966523225,0.0035014807663988744,0.011813407071682182,0.01158433823649721,0.0076574439190405285,-0.022645090564000197,0.003926894317456682,0.018487495512356233,0.01712702435536065,0.006662844374665766,0.0179850481585256,0.012689356405882694,332.93894601542416,0.7515408655098995,-0.162312186774419
1979Q1,1979-01-01,1979,1,8026,0.019077725663052183,0.005918662142178273,0.006694855129068771,0.006418460278628883,0.004166509407527623,0.0037753630398706245,0.0019381950615674295,0.028784331576224554,0.039418861718322006,0.006462302220422797,0.0012778972947234508,0.004540881467019995,0.005825259744443415,0.0034109030715664423,-0.01315906352087391,0.002414356672876973,0.029505432746346948,0.0067284875733732985,0.005635693767953041,0.010459597851879606,0.0035593855376545524,0.003481328837267391,0.001326963906581741,0.03998064193830399,0.04916010990383415,0.011318221556138378,0.003278381416260772,0.010397152491569877,0.012832521543649307,0.006135256650430873,-0.02277694517297365,0.006697264893218434,0.01870482022157508,0.01726552555443448,0.006956182304123644,0.017860790503265566,0.01287875344609734,326.82020931971095,0.7820914436160223,0.10313120408340008
1979Q2,1979-04-01,1979,2,8616,0.019835769434850596,0.005757542343467743,0.007261311757597107,0.006472054828380095,0.004331847571656611,0.004253772929338378,0.0018197682034173752,0.029030816172329606,0.040125925887553274,0.0072305999314719255,0.0014675072579815596,0.0047980752935569545,0.0057601324974783,0.003889301257852792,-0.014078227091382853,0.0018708312396255081,0.029901289718279416,0.006196411845233806,0.006239642625549391,0.009770156351322142,0.003155846963037683,0.00426543699113769,0.0014554362706246848,0.040752215577491174,0.045694934793573026,0.010966207940053319,0.0036025650262987248,0.010519489876792276,0.011513797824050724,0.00708984797175589,-0.023704877873045607,0.004423949852294834,0.018844301430448813,0.01762127457212782,0.00805148258291789,0.018783943754406344,0.01271809832179111,313.6655060352832,0.8010580409111125,-0.13742820556082722
1979Q3,1979-07-01,1979,3,8314,0.01895073509241912,0.005804088191635685,0.006802887842230899,0.005590865671757938,0.004302581432131622,0.0038586272438460205,0.0016680382166348584,0.02829672948560067,0.03946795533999848,0.008889589254830093,0.0013485935290077954,0.004787779392510364,0.005647673131433396,0.004341101558897858,-0.013146646900783437,0.0013065715725355388,0.02760413536094248,0.00649155496784276,0.00560497685880868,0.0086403798761796,0.0024794133557732765,0.00314059025064615,0.0010518723327522992,0.038784035583338344,0.04850634128749173,0.01214161206948368,0.0033209112219751155,0.010293322113361784,0.011856103864879486,0.008099416962192702,-0.02111258039309972,0.0037566869026867825,0.01851224706282495,0.01742293734556228,0.008320738515370501,0.018688602606216,0.013276132666318602,309.12737551118596,0.7892112517679376,-0.26663100187027405
1979Q4,1979-10-01,1979,4,8136,0.019254160478753352,0.005865485383395773,0.006525014615445804,0.005466987627262498,0.004322465002089024,0.0035748955681025713,0.001764665451094054,0.02897681067417943,0.04020077799736343,0.008978556032568696,0.0013877916042083216,0.005363501775863547,0.005736128069147083,0.00440394080300387,-0.013388675095357579,0.0013321872661432137,0.02951196983691949,0.007116791084326403,0.0051483169546191,0.008494722975121516,0.0028315743250405053,0.0030435638467012915,0.0013173634560348874,0.03933919837676595,0.05025665874229645,0.012174255386805166,0.003073848064081404,0.010856891930770279,0.012113686952044941,0.008646144062022076,-0.022395178752593087,0.0034675428900228645,0.01893377535420335,0.01759527924029045,0.006954360711859776,0.018756843425324125,0.013222398684638412,318.3045722713864,0.792812444250859,-0.2724660074990422
1980Q1,1980-01-01,1980,1,8275,0.017178395904256804,0.005556807484845584,0.006410715375843827,0.0050544865586758326,0.003937171070233735,0.003624398100450619,0.0016803068340517063,0.02794042390911948,0.036754592298549715,0.006298795409547941,0.0010905602103040229,0.004962538842257663,0.0054452643534530516,0.003802264174833307,-0.011621588419411218,0.0016430001786197441,0.02861586783848268,0.007414454410920842,0.005994986560357585,0.008682915043339071,0.003005043641086044,0.003563770348222645,0.0015100721814502733,0.04234242396786567,0.050587418078584155,0.011461447857207575,0.0034882667391501316,0.011597354353538099,0.013711455407568482,0.008849022983298602,-0.02120141342756184,0.00486243242426988,0.01799573238349508,0.0166006253351964,0.0066907265436946094,0.017765483772945668,0.013665431281799272,320.68664652567975,0.7572493614532563,-0.20288472690325732
1980Q2,1980-04-01,1980,2,8508,0.01838822580172252,0.005307713831584427,0.006513831439634574,0.005177401004784291,0.004158789075296561,0.0038178038451695388,0.0016289103350016995,0.029198036764868242,0.03686368880138624,0.006937348126735016,0.0010515521162622083,0.005261380382055489,0.0047770510424483175,0.004739767094780501,-0.013080511970138091,3.728394766781668e-05,0.03223703274413214,0.006679223413503332,0.006259055346276442,0.009330628803245436,0.002926687916545929,0.004216169226311214,0.0015502752825268039,0.044088669950738915,0.04969574036511156,0.010851926977687627,0.003028107794842075,0.011764705882352941,0.009837728194726166,0.009924659518980005,-0.025557809330628803,-8.693132425383946e-05,0.018338243044944427,0.017411138084127885,0.0076976015705849474,0.018317111967531524,0.013139194698634038,324.7041607898449,0.7496672498165666,-1.0087309444112227
1980Q3,1980-07-01,1980,3,8586,0.020088115109571234,0.0060748255078373285,0.007154831696523954,0.005120401434114265,0.004255391826245255,0.004120098027724513,0.0015933858746576633,0.030678538585858315,0.04022143978052935,0.009500370718403373,0.0011051226116793377,0.004768101740936488,0.00519441116053279,0.00495061441468353,-0.014013289601733904,0.00024379674584925994,0.03080839111735276,0.006743907077445215,0.005851546271102139,0.008104391585476461,0.0027941133444512713,0.003554814359694549,0.0014189999707422687,0.043974370227332575,0.05142046285731004,0.010474267825272828,0.002706340150384739,0.010605927616372626,0.010503525556628339,0.009669680212996284,-0.024064484039907547,0.0008338453436320547,0.01823018149006727,0.017230207491662573,0.007933239098212969,0.019358770308209296,0.013940290784111803,347.78639645935243,0.8057368589200474,-0.8599901882927039
1980Q4,1980-10-01,1980,4,8742,0.019307485257181012,0.0064040953868865205,0.006877808699371686,0.005270182860511154,0.0048456992178024915,0.0037929667429128836,0.0017742242577730714,0.029901318963920846,0.0404700487993177,0.0088244998135141,0.0012395444005977982,0.005619028864887704,0.005740309905661608,0.004492940921788074,-0.01290338987029449,0.0012473689838735339,0.02920878554451476,0.007803327510666934,0.00524039975945706,0.008447638956501819,0.0031213310042667738,0.0033647375504710633,0.001302940923799433,0.04103548008361731,0.05164514189169841,0.01089602245067438,0.0026774720082471865,0.01159760602502792,0.011926920764010194,0.008648091406317115,-0.02140545803384783,0.0032788293576930787,0.023482472900041268,0.022695332618625875,0.006933441314630905,0.01912934464062398,0.013786427585441352,350.8643331045527,0.8047414366456533,-0.31625503317321857
1981Q1,1981-01-01,1981,1,9050,0.018397135543786986,0.005816648681919542,0.006512331890027743,0.005005233787704123,0.004087785393368122,0.003670440123076446,0.0014977231892032035,0.028813633839169163,0.0386294911491122,0.009051963527062142,0.0010322102618445562,0.004811270067971353,0.0051620211278214445,0.004285951660361768,-0.012580486861867444,0.0008760694674596766,0.0317663421418637,0.007301808066759388,0.005827538247566064,0.008734353268428374,0.0029624478442280945,0.0035744089012517384,0.001196105702364395,0.044214186369958275,0.05123783031988873,0.01152990264255911,0.002267037552155772,0.010723226703755216,0.012378303198887344,0.009582753824756606,-0.02446453407510431,0.0027955493741307373,0.018958660535072728,0.017863883376648102,0.006694534164081796,0.019432948294668326,0.014897445960276496,341.807955801105,0.7746998249800702,-0.4875264359244376
1981Q2,1981-04-01,1981,2,9008,0.018832548367068803,0.006029970519089846,0.0068858373024445335,0.005455597245412051,0.004031050315541573,0.004060464805878596,0.0016399369074996512,0.029565041921974428,0.03946855290512372,0.007627525257716796,0.0010048369440938075,0.0049735791456956635,0.004967569733691325,0.004127833477295651,-0.012802577847978955,0.0008397362563956749,0.030574145825995068,0.007284255019373019,0.006368439591405425,0.009397675237759775,0.0024656569214512153,0.00424092990489609,0.0011271574498062699,0.04401549841493484,0.05270870024656569,0.010848890454385347,0.002240225431489961,0.011313842902430434,0.011553363860514266,0.010257132793237055,-0.02328989080662205,0.0012962310672772102,0.023956914285069946,0.023134884090313255,0.008727035406153497,0.017903377791167664,0.015147142294889861,350.98878774422735,0.7797477754896327,-0.5121043448861641
1981Q3,1981-07-01,1981,3,8585,0.020153630819475455,0.006263923033343502,0.0071983203919085545,0.005253581856541166,0.004346742170416647,0.004114104144930285,0.0017531165804901933,0.030183021397571334,0.04175788469869851,0.009117103445093581,0.0009488170708885876,0.005819795893778631,0.005289150480272552,0.004838294141623365,-0.013889707786131954,0.000450856338649187,0.03120711787880129,0.006831629114839243,0.006108627329467487,0.00790875422365839,0.0023018016024080384,0.004160949050506839,0.0011656559396809939,0.04373423044575273,0.05105277913033214,0.010417127764744072,0.002139495079161318,0.012261520074365899,0.012305785489796823,0.009649860563941393,-0.02437548876396205,0.0026559249258554293,0.01951322285593524,0.018648136047723973,0.008103922173222294,0.01812369383190659,0.01526711316488006,363.50937682003496,0.8131583399770823,-0.613781815092695
1981Q4,1981-10-01,1981,4,8748,0.019941912700530348,0.005875027719327237,0.006582748274543321,0.00525483328722971,0.004183944639073948,0.003663686750537159,0.0014680221023056275,0.029597872984572213,0.04072969353119898,0.010116452200449192,0.0009712786946066598,0.005200292755286431,0.0048090379213460216,0.005085659661202053,-0.014066884981203112,-0.00027662173985603257,0.03170123768049507,0.006131102452440981,0.005472152188860876,0.008093628237451295,0.0022920009168003667,0.003237451294980518,0.0012319504927801972,0.04476564290625716,0.0493926197570479,0.01143135457254183,0.0024352509741003897,0.010987279394911759,0.010901329360531745,0.011101879440751776,-0.02557013522805409,-0.00020055008022003208,0.01812797484036238,0.017369361680078025,0.006662209725909948,0.018172743348434828,0.015095623506890069,350.0163465935071,0.798151696488145,-0.9338249220137024
1982Q1,1982-01-01,1982,1,8463,0.0165317903945268,0.004602146536505375,0.005169854260053998,0.00460992820000573,0.0032392942880113923,0.002908219877269018,0.00118352027600853,0.027287817911903788,0.032510375256573826,0.00822557203185247,0.000819196939401003,0.004020997757819776,0.004171325348167542,0.004403006693291746,-0.011929643858021427,-0.0002316813451242042,0.0333878361412012,0.006715524540862507,0.005007445472860522,0.008788577768693977,0.002846798446669976,0.0030949808753540247,0.001124120412274811,0.04489182165902654,0.04972407953516891,0.011547782417004876,0.002452626354054133,0.010876229962918626,0.012058746240766154,0.012774095594031943,-0.026672311600338696,-0.0007153493532657888,0.017209840092714004,0.017072914665489453,0.006267782693274563,0.018241073072936837,0.013713846989036185,334.06108944818624,0.6668305532161438,-1.2074657878761996
1982Q2,1982-04-01,1982,2,8750,0.02180882115180739,0.005976190270494423,0.007116260643228013,0.005815747349297815,0.004124000162911274,0.0042273624294513965,0.0015408691316458852,0.031765847132453034,0.040964163222286264,0.008587707357048443,0.0009543268370405933,0.004816681620769706,0.004791689550352542,0.005393967592998271,-0.015832630881312967,-0.0006022780426457285,0.03643169939256957,0.006738239864387626,0.006102556858313321,0.009718886848424918,0.0023873428450346093,0.004096623816923294,0.0012431134341008617,0.04588218674954089,0.047365447097047604,0.010467580166690211,0.002669868625512078,0.010735979658143806,0.011173894617883881,0.01227574516174601,-0.029693459528181948,-0.0011018505438621273,0.019205346876170874,0.01831554819416571,0.00833176464779818,0.01821769684484023,0.014924047374973036,370.4032,0.8117853347764968,-1.348887137796881
1982Q3,1982-07-01,1982,3,8486,0.0225097603190077,0.0060900610895965,0.0071153079914137544,0.005975094847150019,0.0044222631341057595,0.003970902516500806,0.0017922134781383028,0.031387359067923004,0.04169179912720149,0.010304125083271783,0.001066823734702009,0.005762801018632406,0.005049065387444112,0.005835245500174024,-0.0164196992294112,-0.0007861801127299128,0.03462716604761975,0.006777453867440105,0.005593619130769344,0.009337496485490626,0.002352871539133137,0.0033739289995116683,0.0011246429998372227,0.045281678677656596,0.04886277875608565,0.011379611406247688,0.0029447889074685173,0.011335217603622534,0.011068854787871613,0.012785415156044215,-0.027849712180179648,-0.001716560368172603,0.019408666076178003,0.018431647900742115,0.008420633790494252,0.018465527341378605,0.015404794532789388,374.12738628329015,0.8218385464487242,-1.378131286905423
1982Q4,1982-10-01,1982,4,8430,0.02233064692618505,0.0063087635020466475,0.0068325350766551924,0.005878057464951932,0.004750471600876531,0.0038064757732618583,0.0017234594080205977,0.03134752228093786,0.04179976679618552,0.009530165145272763,0.00108629398736278,0.005239303895189782,0.005251056198561836,0.005733853526278627,-0.016021883424138406,-0.0004827973277167911,0.03453417630919718,0.006456519145890492,0.004935583919837767,0.008603721817964928,0.0025647143027555767,0.0028629368960992486,0.0011630681140403197,0.046254324227603484,0.04916199451270428,0.010124657044017655,0.0036234045091256112,0.010557079804365979,0.011332458547059525,0.011287725158057975,-0.028077657163306693,4.473338900155076e-05,0.019593400833741247,0.01881640699417943,0.006954512483221743,0.018227987341564434,0.015456158762680972,373.4660735468565,0.824490148552291,-1.2214452911526994
1983Q1,1983-01-01,1983,1,8834,0.022011245258794568,0.006133749139807642,0.00669732344356701,0.005844000134883158,0.004453017573526933,0.003785470835888412,0.0016523186789443645,0.03109556346814572,0.041978636006559315,0.009873634464145435,0.0011543125767304074,0.005138049164910896,0.005662594777274186,0.005545820932617121,-0.01587749611898693,0.00011677384465706582,0.03284559500665098,0.006490184327081902,0.004853020713043224,0.008522021312362047,0.002309570098375992,0.0030842993085907237,0.0010816973878469836,0.04452500328894476,0.04905643829208753,0.010816973878469837,0.003405885018491178,0.009384455716185994,0.01195714139538963,0.011167794652906696,-0.026355410679569074,0.000789346742482934,0.02031278522526692,0.019232235060051426,0.006830079289943499,0.01895235464992169,0.01560955479113095,362.5505999547204,0.8175724029059827,-0.9526623997705407
1983Q2,1983-04-01,1983,2,9049,0.020404278617969635,0.006089569349967211,0.007098941872292568,0.005836914684656759,0.004187961363462896,0.004213507211250142,0.0016171767788243615,0.03006995512342227,0.04196466261567674,0.008439787346393907,0.0011791589496918144,0.004815080773166891,0.0054375271619341945,0.0044976268842009835,-0.014314709268002424,0.000939900277733211,0.03182058194147236,0.0074340660867631934,0.005599866603673957,0.009309951921740823,0.0026540310702276074,0.0038490398243615043,0.0014173359642053191,0.04308979240196759,0.05258038518189145,0.01022705166328544,0.0028485673790401025,0.010171469860767585,0.011991773893227357,0.009004252007892616,-0.02438651585470917,0.002987521885334741,0.01893232156593649,0.018088524992677647,0.008365838347493808,0.018087252285434483,0.014978586017363611,354.7259365675765,0.8070777575107129,-0.44077019701576914
1983Q3,1983-07-01,1983,3,8728,0.021336866291896697,0.0060211548031523995,0.006911552481956298,0.00582602046389688,0.004366403157503911,0.004037133411200338,0.0016647106549884834,0.030449982276075566,0.041839976770610715,0.009848215361087225,0.0010155077336375812,0.005217898456073455,0.005879861358141226,0.004925974994794862,-0.015315711488744296,0.0009538863633463641,0.0320715264258418,0.007426634941235849,0.005393323238878074,0.008652390222799048,0.0032302256831783114,0.0035042180402336145,0.0009517629245078954,0.04284375225322662,0.048886004758814626,0.010685701925156825,0.0024370899127550655,0.010224241113274208,0.01312279183791189,0.009041747782825005,-0.024644891484605955,0.0040810440550868845,0.019311297287847824,0.018343261585694194,0.008119265610634651,0.017940659098876894,0.015714037758265992,368.14516498625113,0.8185854409864897,-0.5557635304437473
1983Q4,1983-10-01,1983,4,8219,0.020398981144067865,0.00604672428439122,0.0065964552964127435,0.005297695977521546,0.0041187051442465655,0.003771123057683101,0.00156966422683264,0.03005491923706841,0.040364197587583875,0.009638194613649995,0.0009920506044031078,0.0042812480890114316,0.004988452480269093,0.004225482868195415,-0.014352256859676645,0.0007629696120736773,0.03237047936188337,0.007480833268798885,0.0052195461937582285,0.007744133818632386,0.002168357469217068,0.0031441183303647486,0.0013474792844420352,0.04446681638658716,0.049252691086501973,0.009308448849996128,0.0026020289630604818,0.009881514752574925,0.011910477813056609,0.007837063424455974,-0.02488964609308449,0.004073414388600635,0.01953934001420789,0.018403164910358708,0.0065901806768042985,0.01812959807223807,0.014180632847193444,383.99914831488013,0.7989961626557426,-0.6338556864537884
1984Q1,1984-01-01,1984,1,8459,0.019719718189268196,0.00601171765108798,0.006533691304720085,0.005391893048913243,0.003781633376958548,0.003779492887459178,0.0014692931492104652,0.029364458089215603,0.0398470467360593,0.008862543880034737,0.0008592536418899911,0.004314921046515895,0.005163778025123231,0.004227466761255917,-0.013708000538180217,0.0009363112638673141,0.03280988369461918,0.006969271846857039,0.00547585645110196,0.009428127498453787,0.003288530871460681,0.0034242959074384156,0.0011917153158045586,0.04495331191262766,0.04745742257621698,0.01037848275029793,0.0026398756995670604,0.009247107450483474,0.01267140335792189,0.00846268724261212,-0.02584061184776214,0.004208716115309771,0.018419265945968658,0.0175286251678351,0.0065238431910061906,0.018019167575839653,0.014257832395008144,386.60361744887103,0.782096028474626,-0.5037637322483072
1984Q2,1984-04-01,1984,2,8470,0.017530205047999004,0.0049102075376122635,0.0058487424371834835,0.005040850609647128,0.0033085974233735245,0.0034876154065156383,0.0012121458617574451,0.02844352336970387,0.035159624881835806,0.007926706771624818,0.000916658347414438,0.0041898219187030345,0.004279484970500548,0.003579127181030626,-0.01261999751038674,0.0007003577894699219,0.03209421155270677,0.006319067559600296,0.00637953710562518,0.010022827253624394,0.0029176555957006155,0.004157281289210721,0.0013756821720660932,0.04459629019335137,0.048043054316769716,0.00978094906952486,0.0028269512766632907,0.011353157266171825,0.011247335560628279,0.00808780178082813,-0.025775143993106472,0.003159533779800148,0.017152374034005984,0.016400843085245687,0.007781852733021982,0.01785880598399692,0.013929173271995705,383.174025974026,0.713278820662804,-0.7988798414834709
1984Q3,1984-07-01,1984,3,8176,0.018793068510331645,0.005743767019068551,0.006416136385164828,0.005141242531394224,0.003829477776139071,0.0037131695665780567,0.001445159480138275,0.02894365766537049,0.03802349186022391,0.009516289744133929,0.0008324430359560235,0.004515036733010308,0.004699691003859754,0.004098665333318945,-0.013049301491263095,0.0006010256705408092,0.03312693981315408,0.0070340159396104,0.006129419654693763,0.009919366158741052,0.0031037010465243225,0.003680771090350453,0.0012321225260071432,0.04460595473899278,0.04936288347864061,0.009217524213547108,0.0024018591013303804,0.011291857073786982,0.012009295506651902,0.007938612224527037,-0.02609292387354368,0.004070683282124865,0.01818947235166866,0.017291977650958707,0.007212466806343905,0.018044422223497256,0.013429242502439286,408.01908023483367,0.766588608270353,-0.6854302495618169
1984Q4,1984-10-01,1984,4,8269,0.01923245741010876,0.00590153972970836,0.006011427034518311,0.0050445432703831615,0.0038529041689313414,0.003335219783948484,0.0013385705685064852,0.029558128516471577,0.038773719937417156,0.010054221446888945,0.0008750515972259837,0.004454949629278212,0.004686553467177938,0.004447789833214107,-0.0133309176804004,0.0002387636339638312,0.03215558654889199,0.007174957384162405,0.005578800557880056,0.009499457616612429,0.0036262203626220364,0.0037501937083527044,0.00133271346660468,0.04639702463970247,0.04836510150317682,0.0099953509995351,0.002386486905315357,0.01101813110181311,0.01137455447078878,0.00928250426158376,-0.024980629164729585,0.0020920502092050207,0.018650217912631464,0.017628943793377802,0.006370651589632238,0.017960338743532436,0.013537865287824684,388.4849437658725,0.7724557664686205,-0.8324878858248228
1985Q1,1985-01-01,1985,1,7601,0.02062962013005765,0.006246704620331895,0.00652772404079222,0.0055887155021491,0.003775286313764238,0.003739576663650495,0.0015007368608671297,0.030838232800835173,0.04042456600354364,0.009241036412043406,0.000866036644932428,0.004475816493386883,0.004992209085901271,0.004563072247143073,-0.014382915509725756,0.00042913683875819847,0.03561904438367333,0.007286871740865931,0.006267728840045522,0.009562957552698181,0.003668914442953476,0.0042464287534183754,0.0009342143257520426,0.0504475735906103,0.047882730623545595,0.01087085760875104,0.002581828682078372,0.011006743328860428,0.012008900514667164,0.009512000407657161,-0.0283321726428074,0.0024969001070100044,0.019403178947302074,0.018235257843206242,0.006709233824836903,0.01984931746844124,0.015024756230473902,423.683462702276,0.7920816490281697,-0.8173228244314586
1985Q2,1985-04-01,1985,2,7787,0.020827527873449183,0.006524516179490819,0.007390338362961697,0.00593474904481477,0.003999177338574421,0.004387624159596317,0.0016291013582603608,0.03243748207669869,0.04246120601006312,0.008161148945168457,0.0009489573345769811,0.004897442507842802,0.004836032570440385,0.004427888222327147,-0.014303011693958362,0.0004081443481132376,0.032957718388512164,0.007778220981252493,0.00721313655099056,0.009639675575056508,0.0036730487967025663,0.005019279351150113,0.0009805876878074724,0.05150578380534503,0.04788259539954793,0.010171519744714799,0.0030082435846297034,0.011717191862784204,0.011650711341576917,0.009756016487169259,-0.025179497407259673,0.0018946948544076585,0.019953065350534042,0.018655314629466985,0.008953695089496849,0.019373697636160776,0.01523832794018482,443.3299088223963,0.8096210833060561,-0.7844587818236128
1985Q3,1985-07-01,1985,3,7050,0.021347090257701075,0.006486061154556002,0.00715600910213675,0.005350923127029987,0.004172482831423961,0.004129180563343949,0.001695902399162163,0.03238607559895543,0.04281913848900447,0.010362542053461599,0.0009507940862711087,0.004679428669874953,0.004753661129440687,0.004874907480064718,-0.014861029103145075,-0.00012124635062403208,0.033702564489649575,0.007019795067273036,0.006189496725982677,0.009321985922669031,0.0034721566999415016,0.004189232540146812,0.0014718925141056366,0.050025475062744136,0.047761025041043154,0.010208895514501916,0.0028871737776687487,0.01169965844545506,0.011473213443284962,0.010416470099824505,-0.026682769422376542,0.001056743343460457,0.019055559043271476,0.018146316327469957,0.007679016205242352,0.019937108520861665,0.014799465085062963,458.59390070921984,0.8227461865393663,-0.994652028822253
1985Q4,1985-10-01,1985,4,6712,0.02104937364690094,0.006613288791554688,0.006964143011939381,0.005530026386116949,0.0041472848425651325,0.0038349619338834016,0.0018159838531875577,0.031918022911407114,0.04170560260935296,0.010548181525708373,0.0009498124966128471,0.005230547248002872,0.004712097484845134,0.004748749220367463,-0.01443608485534625,-3.6651735522329524e-05,0.03329225632055971,0.007334234377484497,0.007016218794720941,0.00916282397837494,0.003458419462553665,0.004233582445539831,0.001490698044204166,0.0486762601367467,0.049332167276196534,0.00916282397837494,0.0029217681666401656,0.014032437589441882,0.010812529813960884,0.008665924630306885,-0.02595802194307521,0.002146605183653999,0.023009521532786133,0.020892595829561315,0.006810595849451971,0.019907098045464484,0.014602711849718267,475.5972884386174,0.8120314177423846,-0.9794145506160152
1986Q1,1986-01-01,1986,1,5601,0.019536534250899837,0.006079216180477285,0.0067559172516618,0.0051733559175052264,0.0029977698975471407,0.003945468353210701,0.001294448325394642,0.03187182806277757,0.039768153021288034,0.009611690858862026,0.0007733726527823032,0.00442660756916297,0.004335007283649,0.005130566856798009,-0.013457318070422553,-0.0007955595731490087,0.03621383852724184,0.008378523052575233,0.007401028696441455,0.009030185956664417,0.003933251099681151,0.004468545628040124,0.0012335047827402425,0.049386738659901785,0.04761793934880257,0.009774943561337771,0.003141946144715712,0.012195405776526171,0.012009216375357833,0.010542974841157167,-0.027835315474666604,0.0014662415342006655,0.017027821653822925,0.01604621144397111,0.0064822935070024965,0.01698208727070595,0.012743850425511469,563.2944117121942,0.776318124938986,-1.3313785712725517
1986Q2,1986-04-01,1986,2,6553,0.019444120932613895,0.00582207393515646,0.0068258306905818,0.005566365122001295,0.003006714207244305,0.004175058595190453,0.001244943130416905,0.03249181973838539,0.039632588009534696,0.008161040740564614,0.0007187183122534923,0.004242545219597774,0.004107002463404168,0.004596494055624355,-0.013622046997457435,-0.0004894915922201875,0.036429197933924566,0.0076015982847675665,0.007835493616606569,0.01136341487184485,0.003878764252996784,0.004892310690965793,0.001481337101647013,0.04983919695936068,0.04870870285547218,0.00916090049702758,0.0025923399278822727,0.010564272488061592,0.011948153201442355,0.010057499269077088,-0.028827599649157,0.0018906539323652665,0.020052251442095485,0.018017213120351094,0.007635998155250276,0.01732352248630828,0.01322225308666096,535.9082862810926,0.7714968390916699,-1.289765901972342
1986Q3,1986-07-01,1986,3,6506,0.01926598894969498,0.0058359173222651125,0.006743053248564393,0.00511947148825755,0.003019593335509926,0.004081111045673565,0.001230765888029751,0.03149931585998373,0.039396801781222714,0.009924175672747212,0.0007307404436246327,0.004335555096857416,0.004441621100216077,0.004978240745240896,-0.013430071627429868,-0.0005366196450248183,0.034156934092376315,0.006827474225795723,0.006905726079386505,0.00948803724788231,0.003814777862550619,0.00446035565467457,0.0016824148522018116,0.05002249740790735,0.048750904787057146,0.009683666881859263,0.0024649333881096307,0.00991842244263161,0.012168163233366591,0.010055363186415478,-0.02732945986658059,0.002112800046951112,0.018001717824124595,0.016398068955243993,0.007345108565929234,0.017538520140410616,0.014450584876648603,537.630187519213,0.7744639378447502,-1.2326050476247847
1986Q4,1986-10-01,1986,4,6883,0.01844389281610757,0.005644980462834321,0.006215787428208734,0.005096841908046548,0.0030315585242373104,0.003700686306614014,0.001159093187104788,0.029463471495019915,0.03928435554664599,0.009917019961583872,0.0007229311183474019,0.003571503677608226,0.00415105027116062,0.004462399525001209,-0.01279891235327325,-0.0003113492538405886,0.03418031729653038,0.006651802988704833,0.006854489506366199,0.010631829153691659,0.003206132188461609,0.004606511765031048,0.0013819535295093144,0.04602826555619023,0.04995301357999668,0.009839509130106318,0.002432238211936393,0.009747378894805698,0.011792670118479483,0.00926830167124247,-0.027528514307825543,0.0025243684472370143,0.018706455832468657,0.015423168596834546,0.0061640718667827854,0.015642838319660617,0.012707571485432204,531.9603370623274,0.7570629168563666,-0.947196324625633
1987Q1,1987-01-01,1987,1,6760,0.020020051216172816,0.006460653978127483,0.006448504927232468,0.00577713781038184,0.004220738746809553,0.003648412805733507,0.0016195213062659523,0.031022865570223625,0.04015050032960903,0.009475203258903669,0.000859677405723365,0.004282540440492893,0.005082793140751509,0.004709870100234952,-0.013559397238045334,0.0003729230405165565,0.03532886304957557,0.007949922915467058,0.00664970187789067,0.009993127403087096,0.0029347846276724186,0.004104983561491168,0.0015788398313427569,0.04617642142021287,0.04846109552909709,0.00975165778182291,0.0025075691438973197,0.009844530713078366,0.013243679997028066,0.009714508609320728,-0.027378940134108513,0.0035291713877073387,0.017773261868084204,0.016566198544898207,0.0059832314762461045,0.016462564897431198,0.013808904325706878,560.1041420118344,0.789630468129342,-0.8078010744970614
1987Q2,1987-04-01,1987,2,6864,0.020268936872674243,0.006703738990803618,0.006987017310852544,0.006468316953705736,0.004143685144766543,0.004145228895829479,0.001710733469577941,0.03186585214930028,0.04067552488179369,0.008490116262465468,0.0008449464151141462,0.004602179210458811,0.005202441082097453,0.0043080946329693256,-0.013565197881870624,0.000894346449128128,0.03640682117607764,0.008776975747341856,0.008183184576274332,0.010799576923790615,0.003006067803529346,0.005214228720936706,0.0013916980571895123,0.04713217420348481,0.04978567849919281,0.009908890167189327,0.0024679445547494015,0.010651129131023732,0.01380564472731996,0.008739863799150137,-0.027629845428735783,0.005065780928169825,0.01943925978204811,0.0182518105459956,0.007357133907292636,0.017064047530229165,0.013325009588296785,566.2349941724942,0.7953251101144768,-0.6388703133616535
1987Q3,1987-07-01,1987,3,6840,0.01959316121124503,0.006496220752078194,0.006565362917799394,0.005936797774879394,0.004073102126121596,0.003773486074663063,0.0016020554080173484,0.030052223287290937,0.04002126645400213,0.010179088685303624,0.0007254689357868326,0.0043805752418666286,0.005091377657651995,0.0045162405518801955,-0.013096940459166836,0.0005751371057717994,0.0344280992055054,0.008157584427132667,0.006959076762482844,0.009994007461676752,0.0031895768494713036,0.004252769132628405,0.001295161508573196,0.044441437435966825,0.04929346040092014,0.00960739208598326,0.0022037076414529004,0.011115192051187876,0.013647522761980243,0.00931743055421314,-0.026270514778372736,0.004330092207767103,0.017241514543722868,0.015892602881947153,0.007141447667600771,0.017028052683855138,0.01502404633420655,558.219298245614,0.7874187448601705,-0.6292964913574076
1987Q4,1987-10-01,1987,4,6945,0.02034043033100526,0.006724425433190749,0.006682636925332495,0.00517522978644562,0.004099553316094315,0.003719177199384551,0.0015945084865914272,0.031291788507858256,0.039670887809436346,0.010089407267776731,0.0007257606515382199,0.004941616923238036,0.00517271240645416,0.0054871331673876445,-0.013616004897814511,-0.0003144207609334848,0.03659438848101986,0.00842296966592681,0.008271204446720923,0.009143854457154781,0.0032819228653273385,0.004761633752584752,0.0014797108872574127,0.04837516362187696,0.05110693756758295,0.009352531633562878,0.002200595678485383,0.010054445772390112,0.013431221899721131,0.011287538178437957,-0.028171418815093052,0.002143683721283175,0.017631451197868738,0.016573724201537732,0.006111900767782345,0.01808871811606153,0.013177667682537987,571.9775377969762,0.7859834295979442,-1.127088985075632
1988Q1,1988-01-01,1988,1,6451,0.021553502912082183,0.006807228029182883,0.00703116052697075,0.006243557941893995,0.004753127217331608,0.004057976763484415,0.0015566507631939429,0.0317325145508138,0.04174549623761414,0.00395624742877507,0.0007121053429654165,0.003536533947206954,0.004994014604237699,0.003822847640807155,-0.014746274882899299,0.0011711669634305434,0.034669163811266945,0.0078958009662247,0.007193479047396088,0.011130738289314065,0.0031072424287568903,0.004490603784025369,0.0011492540489922744,0.04371421882648392,0.04924766424755783,0.0078958009662247,0.0017664460382659033,0.00723604401217358,0.011024325877370336,0.008576840402664567,-0.026773362845042246,0.0024474854747057696,0.017074648646472686,0.01564137705920602,0.005835867162229694,0.015825904099398772,0.013103740214089372,484.56704386916755,0.7961404914102693,-0.5367122930274536
1988Q2,1988-04-01,1988,2,6599,0.02162510556306653,0.007103113146770398,0.007201476214008496,0.006396553216339375,0.0048041349115928705,0.004297845730673651,0.0016949167561928118,0.03232866143225487,0.0423794173657189,0.0037513842460175514,0.0006400983985133885,0.004294301115638044,0.005492676382259557,0.003373882744725391,-0.014521992416296132,0.002118793637534165,0.03565069684628451,0.009332214559073328,0.007469864723819659,0.011542475902011747,0.0030902728035527905,0.004788899576366576,0.0013097844995190635,0.04795039191208072,0.052964410699302134,0.0075926570206495715,0.0013097844995190635,0.008308945418824059,0.013097844995190636,0.007449399341014674,-0.026318482287211183,0.005648445654175961,0.017968197162177943,0.016471126112565043,0.00645011512048079,0.015619742748554415,0.01203942621558568,513.0196999545385,0.8083984927115331,-0.16257065210185406
1988Q3,1988-07-01,1988,3,7075,0.021366209728806436,0.006974168387550918,0.007084816518709542,0.006556040776338426,0.004691147148669942,0.004160703344020052,0.00157520681192153,0.03272015363965629,0.04174270250554075,0.0036046825844289723,0.000600224409978571,0.0047122759375344036,0.0054801406065296855,0.0034770758201028195,-0.014392041341255516,0.002003064786426866,0.03834429059389576,0.007492562529841701,0.007253828919822235,0.012414147721012231,0.0029566239394718478,0.004866492819627576,0.0015609505270503545,0.04802218386160796,0.05595548536379329,0.009053513056892056,0.001212032173944981,0.00852095346531017,0.012597788959488742,0.008961692437653799,-0.030851728064054063,0.0036360965218349434,0.017983704857061703,0.016606785924553332,0.006735609129389012,0.016503135123447896,0.012291162530530779,508.4081978798587,0.8027808266249429,-0.275721820863645
1988Q4,1988-10-01,1988,4,7479,0.02144915851543353,0.007092375221620678,0.00702792709401852,0.0070351165265797174,0.0048084465561976115,0.004040461099392621,0.001550863309629603,0.0325090734490404,0.04272268946401497,0.003568269439391158,0.0006177776693656995,0.0049666140725439425,0.005184607938417375,0.0033726141675471583,-0.014356783293812852,0.0018119937708702166,0.034128855768323745,0.007357796434298651,0.006546552212055467,0.014715592868597301,0.0030751815866427697,0.004301480992359211,0.0011508348269031222,0.04650504669370814,0.05974908027544571,0.00907461560230167,0.0012640316951231015,0.007829450051881898,0.011640411281954532,0.007659654749551929,-0.026771059334025092,0.003980756532402603,0.01778990870334585,0.016359352901326157,0.005646507102694843,0.016396970804865574,0.011841690450656753,520.7387351250167,0.8035659585503536,-0.250822390331124
1989Q1,1989-01-01,1989,1,7823,0.022847558077125057,0.007579858760971153,0.0077196850521352315,0.007870512169519258,0.0049605041389161175,0.004301033556572907,0.001842638391841324,0.03226716027566912,0.04430148516943878,0.004034408268452583,0.0007605044863106297,0.007030685936254265,0.006125433736523264,0.003647352882766511,-0.015267699316153903,0.0024780808537567534,0.0364786897450214,0.008578244759149282,0.006784765578735428,0.012723550411992622,0.003062450298631203,0.004196064497572035,0.0011674534287599615,0.048948445933370555,0.054024330406239954,0.007596907094394531,0.0010490161243930088,0.010236367020286618,0.013011183865455222,0.008409048610053635,-0.02790044498587212,0.004602135255401587,0.02269423709560556,0.02083999463600497,0.006583536270014073,0.01925806092164724,0.01441337520192478,441.55515786782564,0.8514836351130162,0.06650062041785976
1989Q2,1989-04-01,1989,2,8245,0.022307768443420785,0.007565528577545683,0.008042558296996025,0.007452112595816158,0.004813353261641481,0.004637978549152307,0.00187320145750038,0.03182158405896371,0.04452653684562326,0.003929916274327006,0.000641115341165512,0.00644685844294034,0.005567622047541774,0.003728812936352894,-0.0147422398658751,0.0018388091111888804,0.035566530900227704,0.008691190147846445,0.0075206054969372375,0.012218979506750906,0.0023892755203489303,0.00489079888393573,0.001186620057086046,0.04919662615054039,0.05362239825534781,0.00801770308841923,0.0011385138385555306,0.009861774798755652,0.012411404380872968,0.009108110708444245,-0.02687534075238126,0.0033032936724287226,0.021195803703990674,0.01965542999230885,0.00765376016320258,0.019173021130824332,0.014181057146687326,461.9753790175864,0.8525728756753436,-0.07684248207586263
1989Q3,1989-07-01,1989,3,7883,0.02252826924393386,0.007495090681658357,0.007707247913362907,0.007000340017323345,0.0048425595327335974,0.00431301508239904,0.0017617536520745866,0.0318332025501865,0.043728434217397236,0.004487266888705711,0.0007479249608357751,0.006281834192617268,0.005735034287437406,0.004104535242710702,-0.015033178562275502,0.0016304990447267046,0.03537058922843154,0.008441668073611346,0.007226067871011312,0.011007935167989195,0.0025493837582306264,0.00464291744048624,0.001097416849569475,0.04884349147391524,0.050785075130845854,0.008424784737464122,0.0012831335471889245,0.009420901570150261,0.012071585345264224,0.00991051831841972,-0.026928921154820193,0.0021610670268445045,0.020988727085932368,0.019302954302943973,0.006898641280789538,0.019035768909274785,0.01284383212416395,448.4477990612711,0.8419977403840442,-0.24131194180085005
1989Q4,1989-10-01,1989,4,8246,0.022161967570569582,0.007363673927617006,0.007449307710449178,0.006688580416357549,0.004998906714325978,0.004057212235155356,0.0018983540854381276,0.032063893333008166,0.04404902021372973,0.004543855997787378,0.0007255315322156231,0.0062227215524711995,0.005755477028668472,0.004466259042470199,-0.014798293642952575,0.001289217986198273,0.03518446470558384,0.008626960096080653,0.006495593484107786,0.009861799482382394,0.002537341204729604,0.004211986399851143,0.0011164301300810257,0.05012094659742544,0.05304734678688026,0.00899910347277433,0.0011671769541756179,0.01001403995466617,0.01241605629514353,0.011282710557030973,-0.02655750460950319,0.0011333457381125565,0.01986267137590095,0.018377182789601244,0.006578286166559323,0.019406389173883813,0.014275454290969576,437.59265098229446,0.8454554096024569,-0.34250845026049737
1990Q1,1990-01-01,1990,1,6168,0.021673033977566855,0.006959699573076845,0.0068175653215844356,0.006748287070857014,0.004430555546520833,0.0038129057900355106,0.0017176452680352752,0.03101941807570389,0.04191236594007984,0.004165151543734091,0.0006365142566833997,0.00524075330502791,0.005173751804324394,0.0037589142894686,-0.01471333440449001,0.0014148375148557938,0.037500263196681614,0.008127513528309436,0.006822057987492893,0.011033204893352704,0.002337186532752195,0.004569094392857895,0.0011791211336407471,0.05183921841113427,0.053376287031773106,0.00932769039647948,0.0008422293811719622,0.008822352767776305,0.0111174278314699,0.01046470006106163,-0.02937274966837218,0.0006527277704082707,0.019651807914229515,0.01852273062844542,0.005797797505477032,0.016970725213488917,0.012343189979800698,498.46919584954605,0.8064043677172459,-0.37436359486506876
1990Q2,1990-04-01,1990,2,6185,0.019829136822345838,0.0071678440589556395,0.006939058843362186,0.006470748850134619,0.0038721002775688627,0.004049465771876732,0.0018755180618279842,0.02996272721089343,0.04187387783780723,0.0041864765482136366,0.0006619475512334061,0.005286468054196386,0.005194693614939837,0.0033406546771931733,-0.0126612927633902,0.001854038937746664,0.0368522316425989,0.008689768907118844,0.00712518764403662,0.010190921200076114,0.00274858870541472,0.004820601729496585,0.0014800093029156184,0.050362602279214325,0.05266718819375436,0.009281772628285091,0.0012685794024991015,0.008858912827452058,0.011332642662325306,0.010719495951117408,-0.02816246273548005,0.0006131467112078991,0.018471863596289953,0.016948820650164103,0.006544883350237688,0.017282969144503803,0.012564576866832657,496.80695230396117,0.8128022739232694,0.03442213895357715
1990Q3,1990-07-01,1990,3,6058,0.02123762392115231,0.0068074447306047964,0.006976788938744223,0.005889842875515971,0.004157913474090016,0.003946874669249594,0.0017194210224156566,0.031565375523988824,0.04073145151720223,0.004276903438521317,0.0006084203841675995,0.004796482258949104,0.005315098896376098,0.004100823949376345,-0.014430179190547515,0.0012142749469997531,0.0395549529773818,0.008866507413863602,0.007101814190715992,0.01013622570856737,0.0027761637290980696,0.004433253706931801,0.0012481976456409924,0.05287623474723998,0.05109002087502959,0.00908171390449136,0.001291238943766544,0.006994210945402113,0.011943960229840532,0.012245249316719392,-0.030688445563518196,-0.0003012890868788603,0.02178889242247459,0.02067505685273746,0.006922433001088408,0.01696312587734608,0.012731625280850452,514.6764608781776,0.8019804933432972,-0.5614779489228146
1990Q4,1990-10-01,1990,4,6430,0.022505245239510856,0.007073095041884884,0.006986001899699513,0.006109725411357889,0.004471619740651086,0.003881147101574814,0.0017890251950713457,0.0327533097752148,0.042195212518271484,0.004624740174745944,0.0008501799872535885,0.005167736046782537,0.005368647663592834,0.004513122609851335,-0.015432150197625973,0.0008555250537414994,0.03942200061056274,0.008324005291543706,0.007978019741528442,0.009972524676910552,0.003134222041314745,0.005495064617889488,0.001119365014755266,0.05383128116413961,0.05271191614938435,0.008629286659204233,0.0015264068383026355,0.007876259285641599,0.012211254706421084,0.012882873715274244,-0.03109799531901903,-0.0006716190088531597,0.018369373619020055,0.017053443957876436,0.006149064723974246,0.017217198353804603,0.012495628577649725,494.63499222395023,0.8209025427738945,-0.7543262813054036
1991Q1,1991-01-01,1991,1,6321,0.0246857960799147,0.0076765738754036375,0.007889302073750243,0.007020613362419786,0.005185614095312141,0.004503718226639457,0.0018469470152339617,0.03625471316807946,0.044565683328141405,0.004548303725744979,0.0008433361726233962,0.005355213837007654,0.00579494924975427,0.005409707224803292,-0.017009222204511062,0.0003852420249509778,0.03693162718777312,0.0071935997131524106,0.007216009681106156,0.012056562759115255,0.0030029357058019407,0.004907782981870336,0.0010532684938260538,0.056764448826838176,0.054478632095556104,0.009613876252156959,0.002061717051744616,0.008762297469914618,0.010756784617797997,0.013356340900432513,-0.02973802747462071,-0.002599556282634516,0.018542841742924213,0.016959536473534532,0.006624851645336269,0.01709578732685264,0.013132881322479853,542.890207245689,0.8687781737371595,-1.145233635188409
1991Q2,1991-04-01,1991,2,6618,0.023731134438065644,0.007787558344299037,0.007664249220656979,0.008012157105218501,0.005059784373445791,0.0044834610169949335,0.0019239159219676379,0.033564743455368265,0.04551780143355664,0.004738006279370325,0.0007148993239724093,0.005738865332931698,0.005803455826268014,0.004916510915499781,-0.015943576093766607,0.0008869449107682335,0.037372819364706406,0.008068627668299603,0.007137632168111188,0.012657105490656795,0.0032363176911311595,0.005364307405847538,0.000975328619245007,0.049741759581495355,0.055660230975550284,0.009110455966129498,0.0013299935716977367,0.008755791013676767,0.009974951787733026,0.012324607097732362,-0.0293041916964068,-0.002349655309999335,0.01903934204052949,0.017401395329645474,0.006533470517286012,0.016588882860734615,0.013296827646464204,514.6681776971894,0.8686326251279333,-0.5872330436550732
1991Q3,1991-07-01,1991,3,6530,0.023380941372877686,0.007642952302012347,0.007522826163707315,0.007584647176347222,0.005009552957901063,0.00426564987215356,0.0017772808657520087,0.03268778718570534,0.04448651789190933,0.004804459551038813,0.0007433171045850389,0.00555568740131711,0.005832563500581147,0.004647709590079808,-0.01573798907086534,0.001184853910501339,0.03616573795017454,0.008434335768955574,0.007068363652132434,0.012098610177576375,0.00305717569003274,0.005116974913813664,0.0011057869517139699,0.0524056286724052,0.05678541228507621,0.011187962099694283,0.0012358795342685544,0.00914984497300579,0.01142646516771102,0.012618980507794714,-0.02773140218121897,-0.0011925153400836929,0.018560331409237633,0.016915580312660265,0.006214718423031887,0.01571226022271498,0.012162174999188253,522.6767228177641,0.861634612032127,-0.4717371456943127
1991Q4,1991-10-01,1991,4,6165,0.023435237712399214,0.007488878326880054,0.007384717642070898,0.007521256721571464,0.0051729067367832,0.004094339645694834,0.00181563375514847,0.033378764904752535,0.04418398503507252,0.004728467451160552,0.0007282084240030203,0.005948460926608565,0.005491497922284522,0.0045806264791733615,-0.01594635938551916,0.0009108714431111606,0.03691360596172094,0.007891874378023097,0.007243861232613576,0.01284454627508158,0.002892915827721077,0.004651808650975491,0.0012728829641972738,0.051910481612627,0.054710824133861004,0.009627623874655744,0.001735749496632646,0.009419333935059825,0.010669073572635331,0.012080816496563215,-0.029021731583697842,-0.0014117429239278855,0.018567804333897504,0.017019479736234144,0.005827640148664951,0.016223910873848408,0.011773921585052033,531.0280616382806,0.8536160557739231,-0.6684116108115358
1992Q1,1992-01-01,1992,1,6041,0.023783660305561484,0.008233267908830505,0.007502877976789831,0.007284963285131605,0.005450271867363593,0.004186967799722873,0.0017832936077355208,0.034658054277289685,0.04573683720119387,0.005216727432303674,0.0007679614306024365,0.0054761210583740855,0.006349282684949459,0.004701246472036285,-0.01555039239673098,0.0016480362129131737,0.03509729835979645,0.00934763142376657,0.0065083975800991544,0.010985650948959312,0.0030357961866905453,0.0038875663397907705,0.0010046519754515473,0.04866010002839234,0.052067180640793236,0.010417804180225828,0.0013322558804900954,0.00825561840697141,0.013060475680870116,0.011291414593661956,-0.025749666936029876,0.0017690610872081595,0.019090873182083256,0.0172803407747303,0.005882739301136124,0.01591679644470031,0.012392911488544042,550.7349776527066,0.8738634621685066,-0.3403923114145275
1992Q2,1992-04-01,1992,2,6368,0.02352165425946901,0.008039829238556454,0.007724217307089829,0.008020666048605398,0.005270748290628939,0.004458925879975134,0.0018501188843655372,0.033303010972668357,0.04582441349750574,0.005290492183305784,0.0006861002705203648,0.005123540149641286,0.006313400034784093,0.004483025043095401,-0.015481825020912558,0.0018303749916886922,0.035258071056840964,0.008335773987879333,0.0064883862392141846,0.013134476310631492,0.0027034942663392435,0.004258003469484309,0.0014193344898281027,0.04861783855633406,0.054317705634532636,0.010836506184243134,0.0009462229932187353,0.007727487777953004,0.013540000450582377,0.011332146799738662,-0.026922297068961633,0.0022078536508437154,0.019422092619409602,0.017529180871606383,0.006511034400837512,0.01584753177967488,0.012667871056113972,540.8453203517588,0.8717962267678986,-0.1539724597494527
1992Q3,1992-07-01,1992,3,5860,0.02272383845600881,0.008143232853834953,0.007384490502764344,0.007128858966217914,0.004954826297206308,0.004118346337641511,0.001741089508596411,0.033253936157916233,0.04494252803285127,0.005183671841312793,0.000701676541089858,0.005691732241396528,0.006290049789919208,0.004686675220715122,-0.014580605602173858,0.0016033745692040863,0.032551981932871274,0.009163356955584975,0.006489629571944033,0.011084287308880409,0.002388183682475404,0.004205279962619734,0.0010642992497988215,0.0469849181008748,0.05292941878877554,0.010279573241959349,0.0013498429509643589,0.009474859175038288,0.014147392466837994,0.010617033979700439,-0.023388624977286297,0.003530358487137554,0.01833278765486123,0.01666490879730482,0.006167032680147216,0.015374148832003142,0.012606984369808106,586.114505119454,0.8639868445838869,-0.23111705897173315
1992Q4,1992-10-01,1992,4,5983,0.022467904783330567,0.008258468328188683,0.0073453162551978465,0.007012724864066537,0.005106221375542562,0.004137047702981735,0.0017357850350975322,0.03281479937338366,0.04518200975424504,0.005439402467721976,0.0007158970723996616,0.0051212587522692435,0.006294468987474455,0.0045271349463032965,-0.014209436455141883,0.001767334041171158,0.035419403265152936,0.009312253706136236,0.00684931506849315,0.011869018577594296,0.003025896040532933,0.00448020266466504,0.001125914805779696,0.05007975229874273,0.05404391067742541,0.01151717020078814,0.001337023831863389,0.008303621692625258,0.013182585851003941,0.011610996434603116,-0.0261071495590167,0.0015715894164008257,0.019006891701034825,0.017176561597321175,0.005737470336651338,0.01553547952514766,0.012891391355507348,566.8642821327094,0.8600707228466993,-0.08697100950890346
1993Q1,1993-01-01,1993,1,5813,0.022916225216458773,0.008350352126646272,0.007519225676987466,0.0069343806858909235,0.005394386839988468,0.004214704531314335,0.0018106683367566847,0.03415641693981475,0.04627887231305606,0.005186311335618441,0.0007885121161366962,0.0053259100143977665,0.006426241495134178,0.004368997807859905,-0.0145658730898125,0.0020572436872742725,0.0360273657342511,0.010251689436575517,0.008013055212670251,0.009142833232211227,0.0029918195702659162,0.004874782936167542,0.0013180743561311378,0.053287863255016006,0.051907023453354816,0.010230767621398833,0.0008996380525974433,0.008724396928677531,0.013787476201435236,0.011339623825763123,-0.025775676297675586,0.002447852375672113,0.019749849738830906,0.017920174712532683,0.005820777289589399,0.01613213313626444,0.01293341306179071,585.3450885945296,0.8796374313725548,-0.026839262373465195
1993Q2,1993-04-01,1993,2,5576,0.022610403013011898,0.008166976004394796,0.007551586132075874,0.007306481570009716,0.0050995548362317115,0.004376726369012475,0.0017913003651269434,0.03362959443737496,0.047248668434967944,0.005091997993165329,0.001053686770169132,0.005084769708493136,0.005841439690314,0.004042911040514864,-0.014443427008617102,0.001798528649799136,0.0378173828125,0.0094970703125,0.00703125,0.0115234375,0.0024169921875,0.00498046875,0.00107421875,0.05029296875,0.0532958984375,0.01005859375,0.0010498046875,0.0088623046875,0.012548828125,0.010107421875,-0.0283203125,0.00244140625,0.01928906585588064,0.01769432460617306,0.006439696218761561,0.015821554528302147,0.011803272348171521,545.8391319942612,0.8761788264485565,0.0038057245133130135
1993Q3,1993-07-01,1993,3,5271,0.022001271852210066,0.008206103827779166,0.007305887542048178,0.006743296648014015,0.005380749684251175,0.004116691554582477,0.0018436542900212743,0.03324246144144431,0.04744327592284569,0.005321231252136729,0.0011988712754481153,0.0046435005340716455,0.0058225323321482786,0.003976043831073936,-0.0137951680244309,0.0018464885010743431,0.033079384859384296,0.00824152482369934,0.0069104194398028835,0.011101985329519386,0.0027754963323798464,0.004276530063156702,0.0014727123396301226,0.04777818686453879,0.05525503412727633,0.01059220028887819,0.0008496417344019938,0.008213203432552607,0.011725055934747515,0.00996912968365006,-0.02483786003568495,0.001755926251097454,0.01921773863200894,0.017416173307087612,0.006123516105377713,0.01604385031142854,0.012490281702725559,535.5065452475811,0.8788714880139443,0.11947843940900703
1993Q4,1993-10-01,1993,4,5129,0.022237005332230643,0.008214344507539327,0.007208484636014903,0.008083500947015824,0.005567606832167178,0.004158549684464354,0.002074652651235423,0.03370395008887051,0.0490098022448915,0.004572413555250649,0.0005155520727148866,0.002849758526075735,0.005123165390171587,0.003118556710194669,-0.014022660824691318,0.0020046086799769174,0.03392967304133251,0.007549719455950178,0.00584589171880967,0.013483740195646427,0.0027026233071883905,0.003907053259304956,0.0012631826327076173,0.04709027349372815,0.05602068094356805,0.010986751270526719,0.0007050321670926236,0.004993977850239417,0.010663611527275931,0.007696601157427808,-0.026379953585382334,0.0029670103698481243,0.019172186244200858,0.017304812229270577,0.005730765530276085,0.015954359811393943,0.011829341684705745,548.356209787483,0.8803976079806038,0.24657831838586328
1994Q1,1994-01-01,1994,1,6570,0.02078372049926358,0.008005458115803245,0.007016825589322215,0.006677770892652901,0.005216844037886592,0.004021011418996537,0.001664802881521713,0.03299883075990634,0.0459100557695115,0.004548706841508827,0.0005476398164340144,0.005632906255531453,0.005982764165575034,0.00387558354665063,-0.012778262383460335,0.0021071806189244045,0.035356251200307276,0.010332245054734011,0.006779335509890532,0.010505089302861533,0.0024390243902439024,0.004090647205684655,0.0009794507393892837,0.05066256961782216,0.05490685615517572,0.009679277895141156,0.0009218359900134435,0.00952563856347225,0.013885154599577492,0.009448818897637795,-0.025024006145573267,0.004436335701939697,0.01908011663430615,0.01725696638736475,0.005663367146652671,0.016017797309616014,0.012561953272292951,549.4729071537291,0.8623562583984596,0.1976199223121515
1994Q2,1994-04-01,1994,2,6839,0.020452219775382204,0.00821866636754312,0.007344047459054819,0.006337415593719676,0.005054852838622494,0.004185789585632757,0.0017188139892463674,0.03260931678136009,0.04561960373890324,0.004613839614045967,0.0006219688608154856,0.00587867718255249,0.006103284397708741,0.0038736146576181796,-0.012233553407839083,0.0022296697400905623,0.03423746350836998,0.011178448689996675,0.00772329182217952,0.009626399615683087,0.002568271682495104,0.005025682716824951,0.001367281327371494,0.0490558368131259,0.05404456598056243,0.009977458334873065,0.0010531761575699346,0.00955249251690625,0.014060825542293338,0.009386201544658364,-0.023059014818373306,0.004674623997634973,0.018959905716741405,0.016965280973859995,0.006464816250289128,0.015953817472254956,0.012501943174236705,552.7024418774674,0.8611493540095431,0.29492563853715487
1994Q3,1994-07-01,1994,3,6605,0.020453824605140877,0.008197721228682266,0.0071857595645626,0.006343197510518856,0.00515213249433856,0.0041726090534249215,0.0016895601044233538,0.03261289056175239,0.045451772956835536,0.004710196359377807,0.0005209523196933839,0.005734079763650115,0.006291629053114402,0.003834641582586053,-0.012256103376458612,0.0024569874705283492,0.03451301004218464,0.010490163138836002,0.007354313659611005,0.009668869227610408,0.0033598387277410683,0.004554448053160115,0.001175943554709374,0.048754993093664836,0.052824131108373466,0.010658155075223056,0.0007092992869675589,0.008810243774965469,0.014988613879867099,0.009295553813416955,-0.02402284690334864,0.005693060066450144,0.01876974811756591,0.016813307338350014,0.006104366387712003,0.015676019617516843,0.012732749808892779,546.07963663891,0.8676537128180332,0.364391125039643
1994Q4,1994-10-01,1994,4,6596,0.01992612488248781,0.00822960146639665,0.0070404586209941045,0.005911286556494419,0.0053126893174825374,0.004013044755416389,0.0016269850744942602,0.03219820120974392,0.04508247925871672,0.004801271824783147,0.0006246956344047928,0.005652801385102925,0.006242514063981049,0.0036907018080635156,-0.01169652341609116,0.0025518122559175333,0.03385387197766965,0.01129719738976274,0.00677077439553393,0.009203726754931914,0.003262796575006601,0.004583003281656671,0.0011693259401757761,0.04899852891252687,0.05288370864923994,0.010712534419674851,0.0007355437365621818,0.008637923880653313,0.014107351665346459,0.009656369054354796,-0.022556674587906906,0.0044509826109916635,0.018060205983329934,0.016135128287418435,0.005706035862791929,0.01588661128441109,0.012543446654341942,546.0512431776834,0.8681050954618222,0.4483854630218249
1995Q1,1995-01-01,1995,1,6398,0.02159928623113632,0.008002931834562549,0.007330721896131642,0.006838487084797524,0.005089548980628261,0.004174628105812884,0.0018028738678102564,0.03329852110974821,0.04533783517173857,0.004717676083945623,0.0005345318049262656,0.005456596045827231,0.006062947578128083,0.004171221636530296,-0.013596354396573774,0.0018917259415977873,0.03712890177821873,0.010226665649087995,0.0071930092345264445,0.010398382049912233,0.0023086316110814318,0.0045600244218881175,0.0012783332061359993,0.050675417843242004,0.05172479584827902,0.010264824849271159,0.0007822636037548653,0.008032511638556056,0.013508356864840114,0.009959551247805846,-0.026902236129130733,0.003548805617034267,0.018637930803251577,0.01669029953013237,0.005837196206292552,0.016010257784914734,0.012951862493860565,550.5953422944671,0.8655900898995631,-0.01687349603713963
1995Q2,1995-04-01,1995,2,6504,0.020644744376413428,0.00837076509669677,0.007457680948218038,0.006356576452739762,0.004966273505644884,0.004435570913307457,0.0017707546756276834,0.03311832296878063,0.045872002254038646,0.00452379160398173,0.000505890523085287,0.004557701431959655,0.0057726657563394145,0.004082412460952006,-0.012273979279716657,0.0016902532953874088,0.03500734887094619,0.010746530760274103,0.007558838687510737,0.009849395865544293,0.002901372425509172,0.004981961862222986,0.0010880146595659394,0.04991505850464792,0.052816430930157095,0.00918131668861784,0.0007444310828609059,0.007253431063772929,0.012407184714348433,0.009677604077191777,-0.024260818110672086,0.002729580637156655,0.01892003907042944,0.016808304170703364,0.006600918192173424,0.015917969089601317,0.011807101156465312,557.6978782287823,0.870814307300786,0.07057827237652191
1995Q3,1995-07-01,1995,3,5829,0.020024824136584726,0.00841465218055785,0.007150551705916893,0.006004941314924368,0.005096311091228702,0.004130756127607942,0.001659789291837673,0.03257487304854876,0.04522856211200685,0.004855618440893248,0.0004643697534106891,0.004733725247792774,0.006148490659083301,0.0038436574392900743,-0.011610171956026876,0.002304833219793227,0.03344205354117248,0.010017790579464588,0.007582175533717384,0.009318874957641478,0.0027109454422229754,0.005252456794307014,0.0011860386309725517,0.049919518807184,0.05038546255506608,0.010314300237207726,0.0005506607929515419,0.007921043713995256,0.015164351067434767,0.009255337173839376,-0.023424262961707895,0.0059090138935953915,0.01854102629717003,0.01643104287721491,0.006206245255067761,0.015446055636087976,0.01186213583250889,554.5270200720536,0.8691195042102652,0.34526265358681335
1995Q4,1995-10-01,1995,4,6073,0.020596534876961045,0.008193197842944859,0.007050295789650827,0.006167771421989135,0.005128660473797396,0.004027454847119602,0.001668756987526169,0.032963575021620645,0.04584387118023985,0.004940576592586015,0.0004964574535962268,0.004873382351132508,0.005940090934206939,0.003946761762516952,-0.012403337034016184,0.0019933291716899863,0.03534775319949299,0.009956249744449442,0.00680786686838124,0.010038025923048616,0.0029234983849204727,0.004763462403401889,0.0010017581878398823,0.05290918755366562,0.05186654127652615,0.011366888825285195,0.0008790939199411212,0.008034509547368852,0.013758842049311036,0.010487794905344074,-0.025391503455043547,0.0032710471439669625,0.018504372856159117,0.016715580900119632,0.00586229287713874,0.015582046193738668,0.011711942736424539,548.9245842252593,0.8710578503422257,0.18299680904668514
1996Q1,1996-01-01,1996,1,5757,0.02044742074308374,0.00830514724348004,0.007132479318290679,0.005609756695140641,0.004963855244572774,0.004102347050904017,0.0015300728530284785,0.0330346894099113,0.045015564111767596,0.0048722836306705495,0.0005071658616123219,0.0044799651109088436,0.00628781540142668,0.004028844752119623,-0.0121422734996037,0.0022589706493070572,0.03380808516760178,0.010430153934685656,0.007409005898431881,0.00906344410876133,0.002781374382582842,0.004675586246583226,0.0009111398839495516,0.05217474703879538,0.05066417302066849,0.0084400326092169,0.000671366230278617,0.007696734282837002,0.012276411067951853,0.009662878242938665,-0.02337793123291613,0.0026135328250131875,0.018397330693020974,0.016408651665283082,0.005441981874582962,0.014880490727636248,0.011385253623191005,567.1710960569741,0.8701973904233855,0.23260399610200946
1996Q2,1996-04-01,1996,2,6106,0.02030696128764817,0.008315353002035921,0.007227059719196793,0.0063023979771696685,0.004989326630372999,0.004228583502036495,0.0015895225289053682,0.03257530782824774,0.04528718196631142,0.00456646828016935,0.0004937653512221841,0.004603500681511014,0.006040300438991846,0.0036828579597845347,-0.011991608285612252,0.0023574424792073114,0.03426498253157753,0.010861775508375885,0.007211323121024814,0.009921168144763952,0.0025978679566424794,0.0045910597509630025,0.0009182119501926005,0.05155424169130162,0.049874585684851744,0.007860790110185435,0.0006494669891606199,0.008465466272507391,0.012810176475857745,0.009137328675087342,-0.023403207023201648,0.003672847800770402,0.0189440822009133,0.016916562135849394,0.006266576399946141,0.014809205990483623,0.011265092363648456,570.4939403865051,0.8704064033328013,0.3386748510247672
1996Q3,1996-07-01,1996,3,5906,0.020217312621416593,0.008152399524305479,0.006978231805053885,0.005697993071405884,0.005070430858096778,0.003998493141578212,0.0015547233363618232,0.03273930610646989,0.04495904151985877,0.004719126022115363,0.00048337654471454635,0.00448068783655018,0.006153300684734194,0.003957423863023615,-0.012064913097111116,0.0021958768217105796,0.03325290129840285,0.01086981500631966,0.006411582213029989,0.009651844191658049,0.0024589222107319316,0.0042743881420199935,0.0010571067448006434,0.05016660921521315,0.0517292887510054,0.009215213144892567,0.0005515339538090313,0.008066184074457083,0.013949212915086752,0.009100310237849017,-0.02238308629208319,0.004848902677237734,0.018166652433588143,0.016286766185959218,0.005544928256490064,0.014979674458975106,0.011307745333918212,573.0655265831358,0.8703312872559665,0.2340313265720668
1996Q4,1996-10-01,1996,4,5966,0.019758690710944944,0.008271516520001186,0.006751120712444214,0.005941044906835414,0.004978988200355424,0.003864070394736649,0.0014766792935998144,0.03189574462279543,0.04556346332199149,0.004754537642119013,0.0005448427276405434,0.004102897524677092,0.006170776654677388,0.0037470040251466777,-0.011487174190943757,0.0024237726295307104,0.031834105282956764,0.010532997907507112,0.0064655679119742316,0.009498507041591235,0.0023511156043542663,0.004302541555968307,0.0008699127736110784,0.04991418428044107,0.051536454047445515,0.009380951261373522,0.0007288458373498225,0.007617614558107822,0.013730515129428914,0.009380951261373522,-0.02130110737544965,0.004349563868055392,0.018416106699529363,0.016528177317030473,0.005289676190525589,0.014776333412588839,0.011417046324938333,571.2911498491452,0.86759881619201,0.4788897347578172
1997Q1,1997-01-01,1997,1,5654,0.01970959014743476,0.008203954625026003,0.006889269216354027,0.005860491229270567,0.004967946906747445,0.0039028195786714286,0.0014784101714619797,0.03229562583026935,0.04573571829810553,0.005000936224623043,0.0005113344270717674,0.004631028225110552,0.006541354095425268,0.003852419231917043,-0.011505635522408757,0.0026889348635082246,0.03272484416740873,0.010418521816562777,0.0070569902048085486,0.009617097061442564,0.0029162956366874443,0.004407836153161176,0.0009572573463935886,0.05013357079252004,0.05211487088156723,0.009973285841495993,0.0007569011576135352,0.007368655387355298,0.013468388245770258,0.009305431878895815,-0.02230632235084595,0.004162956366874444,0.01773415479578035,0.015813384931880017,0.005394048837210968,0.0150087072319803,0.011644527175787856,579.0214007782101,0.8632143752785383,0.5583845746008247
1997Q2,1997-04-01,1997,2,5793,0.020113618380018804,0.008231339775276715,0.007103766954319919,0.006372124631124268,0.004890221651259996,0.0041873795626553465,0.0015837219910445816,0.03272346654750933,0.04601317479822381,0.004493127507656789,0.0004436399772856332,0.004174579458392679,0.0059924851751519724,0.003741121382225077,-0.01188227860474209,0.0022513637929268953,0.03418425934104761,0.010820598887024115,0.007949827753732002,0.010180196095751258,0.0027161911491917676,0.005344050878897624,0.001037894178959456,0.05174012896387245,0.05454465153255013,0.008634396254747814,0.0006624856461443336,0.006691105026057769,0.012984718664428938,0.00936313046550658,-0.023363660454023497,0.0036215881989223567,0.018098744431312746,0.016235183852525162,0.005917628416761778,0.015048525031591358,0.01075670457357528,593.3837389953392,0.8613097066681561,0.35320195923370673
1997Q3,1997-07-01,1997,3,5649,0.019529504043602097,0.008324983468320727,0.007017197461239721,0.005797299489617323,0.004975305568941091,0.003970612889623162,0.0014808532001929925,0.03266906633108687,0.04550493331796296,0.004929254646252162,0.0004484697699771461,0.004249928289984767,0.0063992723352242304,0.003731930656340023,-0.01120452057528137,0.0026673416788842073,0.03363454940915308,0.011390900733233178,0.0076462542323474676,0.00890194407695585,0.002488956656277328,0.005291835773706751,0.0007848061528802386,0.05303047290176469,0.05614727448034621,0.009350404735744557,0.0006726909881830616,0.00748929300177142,0.014664663542390743,0.009058905307531897,-0.022243648675919905,0.005605758234858847,0.017140325061231594,0.015241532412664198,0.00547010383646335,0.014925500133252029,0.011062311439889602,588.1410869180386,0.8558133571152738,0.5273029652080808
1997Q4,1997-10-01,1997,4,6035,0.0210647993775703,0.007860397910414582,0.007022896521062577,0.0055915860842503055,0.005125041680560187,0.003908525063910193,0.0015385684116927866,0.03323385572968767,0.045660775814160275,0.00458486162054018,0.00042875402912081806,0.004185561853951317,0.005717183505612982,0.004083861287095698,-0.013204401467155718,0.0016333222185172835,0.0365129206093266,0.01041710866890143,0.007552934187635253,0.008974413374634022,0.0026944456231170703,0.004688759706369075,0.0006152671107905121,0.05257351381168583,0.05463147621674375,0.008974413374634022,0.0006789154325964272,0.007680230831247083,0.013281283150167607,0.010586837527050537,-0.026095811940425172,0.0026944456231170703,0.01772260234056294,0.015910780238401645,0.005376074460706507,0.014833554645782825,0.01072829616197195,596.3214581607291,0.8574538735133933,-0.051218110571412366
1998Q1,1998-01-01,1998,1,6271,0.021195214743891494,0.008076738676974534,0.007013372617289984,0.006064288478042362,0.005096701551676379,0.003926400266440135,0.0015664786094175922,0.03295700115533579,0.04565562721455233,0.0049516723526457085,0.00047018847265478534,0.0043087005002827115,0.005970141943587179,0.003976194531773367,-0.013118476066916962,0.001993947411813812,0.03566686783343392,0.0104003218668276,0.007503520418426876,0.009374371353852344,0.002615167974250654,0.004727419030376182,0.0009857171595252464,0.053409776704888355,0.05419432709716355,0.009897404948702474,0.000663850331925166,0.0064976865821766245,0.012794206397103198,0.009414604707302354,-0.025266545966606317,0.003379601689800845,0.017789590838666335,0.015961649793043566,0.005478654508867536,0.01461038882673357,0.010202275293183061,586.0503906872907,0.8609885603797642,0.11135767852062106
1998Q2,1998-04-01,1998,2,6652,0.020297923095196343,0.008278764677569205,0.007152940240015024,0.005701009784424271,0.00511123299665561,0.004175450510115878,0.0015377478287582724,0.03297252724701598,0.04559116354676985,0.004344349050349924,0.00044724532450782494,0.003966503862403658,0.005601262634742604,0.0038058139404725925,-0.012019158417627138,0.0017954486942700113,0.03232825613926018,0.011501398818775257,0.007984923842088903,0.009325458501709667,0.002836493627603357,0.005439850792663973,0.0010685421199875661,0.05214485545539322,0.05527276966117501,0.009208890270438296,0.000738265464718682,0.0065083929126515385,0.012511656823127137,0.008431768728629158,-0.020826857320484924,0.004079888094497979,0.01770922076383005,0.01570206320595597,0.005966087175005263,0.015051934431543451,0.010478653485549928,604.3543295249549,0.8647473424598244,0.11974359367824415
1998Q3,1998-07-01,1998,3,6324,0.022107552388143253,0.007836541307623842,0.007233390904813883,0.005675014358251087,0.004898422513737705,0.004079508880305672,0.0014420565377557093,0.034515366184734865,0.044443590507871854,0.004603208562814363,0.0004011482446583671,0.004546087129918026,0.00535357647677079,0.004720826786005457,-0.01427101108051941,0.0006327496907653338,0.04006905689163689,0.010780101979363231,0.008190468542979884,0.010037338900710643,0.0025494840807805037,0.0049383707391496365,0.0014253021239009115,0.0564901433331995,0.05534588669851849,0.010559280523547597,0.0004617175894326896,0.007246958686313085,0.011141446179788815,0.01202473200305135,-0.02928895491227366,-0.0008832858232625366,0.017544479489918604,0.015971638798119733,0.005526066967324027,0.014803248811683468,0.00985280093431556,609.0202403542062,0.8608981462537167,-0.7056638299122445
1998Q4,1998-10-01,1998,4,6469,0.02066660670070637,0.00785004248734336,0.007134832430794084,0.005315492686944955,0.005297709085538865,0.0039940937824663484,0.0014118633116313257,0.033759718802601764,0.04492885141904118,0.00441729194926055,0.00041727029965883835,0.004594870229967739,0.005304410152735362,0.004192548464824165,-0.01281656421336301,0.0011118616879111974,0.036748351159507184,0.009980078525424057,0.007543082606425159,0.007446376419163298,0.0025337021062607585,0.004429143376593235,0.0010637680598804711,0.05558671643811771,0.05421348857899928,0.009786666150900335,0.0005608958861187938,0.008181343442353441,0.0114113300968996,0.010908457923137922,-0.02676827263408313,0.0005028721737616773,0.016728280089515365,0.014991408126938081,0.005606875142382253,0.014923946453853046,0.009757442927368047,599.7803369918071,0.8617074989323396,-0.31274061866449493
1999Q1,1999-01-01,1999,1,6469,0.019079601537778806,0.007632045474740424,0.006609539851983796,0.004913302124676034,0.00464493601081454,0.003765576053753118,0.0013295389915733552,0.03103213658606038,0.042137833143368705,0.004213194342903777,0.00038897722037748973,0.003982727260389136,0.005494079172612931,0.0037916956564381108,-0.011447556063038381,0.0017023835161748201,0.03759225974224636,0.010401927415962369,0.007629354851045929,0.008757505067115378,0.002600481853990592,0.004378752533557689,0.0013576044973039121,0.05399824085051053,0.054858694405139775,0.010535775746682473,0.0005927568931890321,0.007782324371868905,0.012906803319438602,0.010440169796168113,-0.027190332326283987,0.0024666335232704883,0.016392038940618244,0.01448950638608875,0.00522729063178749,0.013744172114986448,0.009772433168630764,603.6656361106817,0.7997707108603516,0.012685801269076096
1999Q2,1999-04-01,1999,2,6934,0.018149556996631174,0.007601902533379583,0.006543868210172322,0.004615936362727748,0.004692837279306716,0.003908777169599445,0.0013926826543750625,0.030775887917502014,0.042274338728547994,0.0038537471559007344,0.0003609874830235935,0.0034793549259505316,0.005328034146829013,0.003258529358159552,-0.010547654463251592,0.002069504788669461,0.034674977738201246,0.009902048085485306,0.007408726625111309,0.007853962600178094,0.002297417631344613,0.00477292965271594,0.0010863757791629563,0.05415850400712378,0.054443455031166516,0.00894033837934105,0.0006411398040961709,0.007462154942119323,0.012359750667853962,0.009029385574354409,-0.02477292965271594,0.003330365093499555,0.01544963688880036,0.01366490162773806,0.0054133426679450645,0.013596454189264544,0.009007325625776646,613.2427170464379,0.7985179523661142,0.252772321371956
1999Q3,1999-07-01,1999,3,6845,0.01835728440516584,0.0074153760882089284,0.006487877727468852,0.004759799279841932,0.004676562247467823,0.003850016089257278,0.0012682120442772478,0.030705971371314335,0.04178523292536672,0.004048523064423521,0.00034944993183299596,0.003433588253822958,0.005415745922720119,0.003441839154991237,-0.010941908316956912,0.001973906767728881,0.036692469333141756,0.009949891341439322,0.006896675586846028,0.0085669642055353,0.002729934086459886,0.004454102983171393,0.0008261642630075971,0.05522728497279046,0.053143914222597385,0.009159647263779882,0.000628603243592737,0.0061962319725569785,0.012985147003358538,0.008908205966342786,-0.026742577991702435,0.004076941037015751,0.016053567135023115,0.014245368997694666,0.005162319466707089,0.01359896208174319,0.009343503165575614,602.0105186267349,0.8027488605262812,0.1525503142036065
1999Q4,1999-10-01,1999,4,6849,0.017548895345250313,0.007589387482286625,0.006175414157693756,0.004495606225579721,0.004906268289528189,0.003621877425949221,0.0013070201536457334,0.030144358196412233,0.04223006651343858,0.0036816663923361502,0.00037612262121498326,0.0032960156489877917,0.005323361835916685,0.0029601493437863185,-0.00995950786296369,0.002363212492130367,0.03320126924938599,0.010756350728742762,0.006382101432387372,0.008013481292913358,0.0031014144601208297,0.003961922518420251,0.0010577078216597049,0.052042810275900395,0.053548699377924384,0.008784353095139922,0.0006095265412954232,0.006292465176314516,0.013660565425503307,0.007583227263763647,-0.02244491852064323,0.0060773381617396606,0.01596764383731154,0.014214052685089415,0.0049903933861732645,0.013286890142532362,0.00944438949716514,612.9506497298876,0.7991040706757987,0.45560218766401145
2000Q1,2000-01-01,2000,1,7304,0.01728779296795673,0.008084795779706432,0.00663818943278781,0.004426620063336896,0.005182531642338011,0.003901868426824301,0.0013505217925107427,0.03145817594845783,0.0455860867708511,0.003936681671174982,0.0003722696262566131,0.0038287606136878714,0.0059043262418754594,0.003147117289301542,-0.009202997188250298,0.002757208952573917,0.03181498205792971,0.010748072729770101,0.006850608656834298,0.007760589255361159,0.003176347372216404,0.004258022423295503,0.0011846917226104425,0.04965403567810724,0.05466751369263259,0.008722078189653691,0.0005665916934223856,0.006181000291880569,0.013426506189585014,0.007211167007193997,-0.02106690932815961,0.006215339182391017,0.016274753078130193,0.014383763504780682,0.005085572468320474,0.014081676280891544,0.009859372138716656,589.9103231106243,0.8572972621704201,0.8232877680453944
2000Q2,2000-04-01,2000,2,6971,0.018126390396412406,0.008049552334876817,0.006984883536620819,0.0053134524388828725,0.004947465000189387,0.004137563990503144,0.0014101493600286229,0.03208337082875045,0.04549052570223387,0.003912470859124752,0.00034355050276830776,0.0037363529749808865,0.005486433977144723,0.0034253722179104166,-0.010076838061535589,0.002061061759234307,0.03318631669535284,0.010757314974182444,0.007512191623637407,0.00858792312105565,0.002940332759609868,0.004518072289156626,0.0009323006310958118,0.052137119908204244,0.0545754446356856,0.008767211703958692,0.00044822145725760185,0.006239242685025817,0.012317125645438898,0.008856855995410213,-0.022429001721170395,0.003460269650028686,0.016071797553856737,0.01423916882709987,0.005774165210927193,0.014004218977987652,0.009462928855152614,594.5991966719265,0.8575843236747551,0.4370192754428797
2000Q3,2000-07-01,2000,3,6630,0.018301251523087363,0.00806405083542442,0.0066788481058953995,0.004461448042918304,0.0048357412619279986,0.004016990125113192,0.0012993915473785294,0.03199705846112925,0.0446883122725148,0.00403679270560946,0.0003588912119570426,0.0034911215986012044,0.005426640484884519,0.003330256191606835,-0.010237200687662944,0.002096384293277684,0.033721785589840875,0.009833907623214216,0.006814046227109063,0.008285260753416701,0.003542529714661814,0.004781447210499826,0.001122768980603198,0.053525107437376596,0.05329281040690696,0.009253165047040149,0.0004452359750667854,0.005923574276975493,0.011614851523481358,0.008807929071973364,-0.02388787796662666,0.002806922451507995,0.01656699256680683,0.014597826250871379,0.005190399578791868,0.013353968025836138,0.009156323449609299,616.9496229260935,0.8544080055232086,0.3812033969038337
2000Q4,2000-10-01,2000,4,6509,0.019735587442151464,0.0077083963705054746,0.007021266079752922,0.0054022906754008565,0.004829199903078465,0.004106387056876305,0.0013949950394014975,0.032594085616434225,0.04434208480152181,0.004274432605176141,0.0003794887991735149,0.0033985223082273605,0.005023042974574974,0.003866253102634361,-0.01202719107164599,0.0011567898719406127,0.03902664764181867,0.009525278624040723,0.008079133083953569,0.00933245921869577,0.003972079750106051,0.004859049014692839,0.0010605067293972465,0.053989433496587094,0.05036442867610196,0.009988045196868613,0.0005013304538968802,0.006170220971038525,0.010682195056110446,0.011530600439628244,-0.02950136901777795,-0.0008484053835177973,0.01598510894568901,0.014162234743097826,0.005252724227092602,0.013156876134454067,0.008907208524463646,637.2230757412813,0.8543211454100299,-0.1870476976454389
2001Q1,2001-01-01,2001,1,6541,0.020421545776400693,0.007748654319436885,0.007011961088082178,0.004698832735511545,0.004889810046197434,0.004065188162663354,0.0014559403015627108,0.033749482430552646,0.04513507981037186,0.004619278240682587,0.00033147706178732433,0.003895844091799374,0.005160574467194238,0.004509716348681303,-0.01267289145696381,0.0006508581185129357,0.04126560937836937,0.01072317735390406,0.008998059242124247,0.008272725490580463,0.0037246868322518673,0.006096724235949109,0.001058595204955794,0.05941855678187058,0.05259649879437768,0.011272078571288546,0.0003920722981317755,0.006292760385014997,0.012075826782458686,0.012291466546431162,-0.030542432024465313,-0.00021563976397247653,0.016250418986298587,0.014444318621156891,0.0051411459513911375,0.014343578088325558,0.009304352625659524,657.2297813789941,0.8659027574239231,-0.45599086317374143
2001Q2,2001-04-01,2001,2,6623,0.019964714231349726,0.007989396229147351,0.007214396515597387,0.004889641162211901,0.004879645884371213,0.004336000284743525,0.0014576040538896624,0.03294029137941416,0.04547948932419001,0.004707532075699846,0.00036787498199021584,0.0036638787967733294,0.005237038013991926,0.004463988598557218,-0.011975318002202374,0.0007730494154347081,0.0391736085370374,0.010476209055970659,0.008427788290836732,0.007881542753467684,0.0037847012231998285,0.005033262451471936,0.0011510173823133499,0.05659493942527166,0.05267367681772957,0.010710314286271679,0.0004877192297937923,0.006067227218634777,0.011217542285257223,0.012114945668077802,-0.02869739948106674,-0.0008974033828205778,0.016368447372165147,0.014402112235844871,0.005933378409206444,0.014070820733317568,0.009192038978154867,619.3472746489506,0.8660666899564766,-0.2639091888550157
2001Q3,2001-07-01,2001,3,5999,0.021188769530380184,0.007312840787811565,0.0072350362485323234,0.005058342925733602,0.0047198800814616144,0.00428710870472994,0.0014976718890889744,0.03397464881860225,0.04451886668388671,0.004434596770771061,0.0003507753471208915,0.0036012760992314378,0.00481576042279563,0.004955913380756553,-0.013875928742568619,-0.00014015295796092377,0.0426127795251842,0.010190012495152742,0.0090482140548925,0.008057219182213797,0.003727002455943815,0.005515101900124952,0.0012926020078417855,0.06051531733379292,0.05372915679262355,0.010405446163126374,0.0005170408031367142,0.006269119738032659,0.010707053298289457,0.015101900124951528,-0.032422767030031455,-0.00439484682666207,0.016399561383684945,0.014780444899887966,0.00564424933090558,0.013947761505815672,0.009693930624070226,636.3157192865477,0.867525328390169,-0.9135875403853219
2001Q4,2001-10-01,2001,4,6481,0.021227104232050032,0.007533005109427967,0.007384570359707656,0.004741029281617888,0.004632099213319202,0.004258324150637662,0.0015888362107857599,0.03486720583154549,0.04464262756155133,0.003895535596990538,0.0004193573873988014,0.0037503734244294143,0.0045152214576339176,0.004477353064791885,-0.013694099122622063,3.786839284203223e-05,0.04178338459127505,0.010538894003800271,0.009030539285784246,0.007600540657015808,0.003682736194636526,0.005347803091147721,0.0015083547180160238,0.06023624360908147,0.053928578424650826,0.00901095026347235,0.0007052048032282709,0.00693451389841133,0.01124409880702854,0.012262727967247155,-0.03124449058747478,-0.0010186291602186134,0.016044615416991048,0.014080080423684506,0.005482356330824984,0.013764374325029643,0.009136884029773732,660.0793087486499,0.8650099322716781,-0.8927889951118964
2002Q1,2002-01-01,2002,1,6406,0.021463860753751965,0.007694929300507781,0.0071432599490502706,0.005758937656459558,0.004441551245179023,0.0040848050645698325,0.0017349388137392638,0.033617749532306986,0.04470409681919711,0.004187783343508568,0.00036017878990714794,0.0037766057868889036,0.005051820141080242,0.004445474227233832,-0.013768931453244183,0.0006063459138464103,0.04308822348880148,0.010536244681705066,0.009071204945010838,0.009372240507345267,0.003512081560568355,0.005217949747130127,0.0013847635867383801,0.05779882796821065,0.05073452677209601,0.009251826282411495,0.00046158786224612667,0.007084370233603596,0.012743838805490888,0.012382596130689573,-0.03255197880709641,0.0003612426748013165,0.016106551368705403,0.014320794023596352,0.005461958829060948,0.013873100490781219,0.009406082568677348,636.6734311582891,0.8630168222374238,-0.5843559604810752
2002Q2,2002-04-01,2002,2,6945,0.021515778878325575,0.007786248338124212,0.007251947893205657,0.006405354857214688,0.0043556598228520855,0.004395246207635913,0.0017151785079729525,0.03410239724497282,0.04587923096849827,0.004032486763447275,0.000365305936777071,0.0037340841319481338,0.004980013505670692,0.004012577821392251,-0.013729530540201363,0.0009674356842784409,0.04055080137084693,0.009788832112294527,0.008270229226949045,0.00989144041535841,0.0032219007162059554,0.0053971967411602945,0.0012518212973793839,0.05865090603131606,0.05423874899956904,0.00989144041535841,0.0005540848365449732,0.006731104680990785,0.011492129943155,0.011184305033963348,-0.030761969258552402,0.0003078249091916518,0.01704911389412581,0.015089528426679997,0.005635658879724443,0.014159170515092254,0.009112234263072531,621.9822894168467,0.8626565427381324,-0.39256895849398354
2002Q3,2002-07-01,2002,3,6143,0.021603947032177415,0.00774529964785005,0.007420805989958126,0.0053733689131487345,0.0043288889321774935,0.004357083483811073,0.001670142713130946,0.0346454650473425,0.045729255922714124,0.004136909666963393,0.00035832711985221954,0.0039885037997284606,0.004863047528580945,0.004405270535693918,-0.013858647384327367,0.0004577769928870273,0.04170622863653627,0.010373148499810102,0.009684770224078997,0.007857007216103305,0.003157045195594379,0.005601974933535891,0.0009969616407140144,0.06159798708697303,0.053859665780478544,0.010088302316748956,0.0004035320926699582,0.007334789213824535,0.01255696923661223,0.011678693505507026,-0.03133308013672617,0.0008782757311052032,0.016468079101670884,0.014698028660751698,0.0056529238821206775,0.014192917137807237,0.009004227086090244,635.1071137880515,0.8658859509881294,-0.647147746773519
2002Q4,2002-10-01,2002,4,6237,0.021294013381786676,0.008090189520227508,0.007292916113922641,0.005622099523924049,0.004527882450985228,0.00430059851436643,0.0016311563057563852,0.03490943980865438,0.0461859263955971,0.004141194679623716,0.000383891212857254,0.0042192440851516475,0.005067364009715753,0.003993485544080627,-0.013203823861559168,0.0010738784656351265,0.03920470456454775,0.011084663492952488,0.009287781200410716,0.009871184542145058,0.003733781387099785,0.0059040418183515355,0.0010734621487911882,0.06100065341174274,0.05511994772706058,0.010431251750210025,0.0007000840100812098,0.006207411556053393,0.012204797909082424,0.01008120974516942,-0.02812004107159526,0.002123588163913003,0.01727068616050548,0.015228082696586055,0.005524247219010124,0.014560089050484332,0.008982647248675826,630.6567259900593,0.8652524046589648,-0.3497047825165544
2003Q1,2003-01-01,2003,1,5704,0.020912558027253513,0.007753884765691256,0.007605833584687248,0.004896996612178748,0.004584590212475797,0.004505699707500304,0.001684838217926605,0.036532878012401064,0.04619591299849924,0.004080479885682399,0.000599304869463826,0.003961355223169405,0.004944593883513962,0.00392638043263027,-0.013158673261562259,0.001018213450883692,0.03811659192825112,0.009385754510376473,0.009776827614975492,0.007977891333820002,0.0031025132964855565,0.006257169673584315,0.0011210762331838565,0.06575242465324851,0.053498800709145894,0.007039315882782355,0.0010689331525706538,0.006908958181249349,0.012018980081343205,0.00951611221190948,-0.028730837417874647,0.002502867869433726,0.016389946668634532,0.014605477085010397,0.005961215954759305,0.014766942143983035,0.008618265757383848,666.679347826087,0.8658866674783623,-0.4931320968218511
2003Q2,2003-04-01,2003,2,6009,0.02049798004242125,0.007972807691929965,0.007620766216508529,0.005555355500194781,0.004343103953214242,0.004600965520332662,0.0015741139219308997,0.03574832610322068,0.045890041683423054,0.004128051435324466,0.0005157231342368393,0.004282164012547584,0.005104853211547464,0.003749065440682648,-0.012525172350491285,0.0013557877708648158,0.03906172839506173,0.010222222222222223,0.010123456790123457,0.009111111111111111,0.002419753086419753,0.0067654320987654325,0.0012839506172839506,0.06335802469135803,0.05555555555555555,0.007728395061728395,0.0008641975308641976,0.006913580246913581,0.012518518518518519,0.009111111111111111,-0.028839506172839507,0.0034074074074074076,0.016518093788350192,0.014642024761920218,0.006121599524234876,0.014840250920908057,0.008496639624791934,660.8625395240473,0.8650311259560582,-0.27880172797882735
2003Q3,2003-07-01,2003,3,5822,0.01987365762854096,0.008342545527290393,0.007170572593603901,0.005615389711527345,0.004357941474098255,0.004276103417323428,0.001618574900657692,0.03387575943768162,0.046179526716228485,0.004217907465839107,0.0004515382307131732,0.004463161832808747,0.0058003697001739385,0.0036406244113830243,-0.011531112101250563,0.002159745288790914,0.03812166050143855,0.012844225236333745,0.010018495684340321,0.008862515413070284,0.0024404027949034113,0.00655055487053021,0.0013357994245787094,0.05651459103986847,0.05520448006576243,0.008836826962597617,0.001207357172215372,0.008168927250308261,0.01474517057131114,0.00899095766543362,-0.02527743526510481,0.005754212905877518,0.017175672652353022,0.01504183946933772,0.0055969622947266645,0.013837813526991984,0.009342847432936983,661.1241841291652,0.8647216921512108,0.2701756736409296
2003Q4,2003-10-01,2003,4,5987,0.019684023178217932,0.00870786831465113,0.006947661661553625,0.005888228532097107,0.004526391135991301,0.004119876309527567,0.0017174424133693232,0.033657747607493516,0.046392072731789816,0.004199804709971908,0.0003920055308416715,0.0037212525034898674,0.005995648229509565,0.0033315379140622056,-0.010976154863566802,0.0026641103154473596,0.03560017108209425,0.013535612750647848,0.0091076056054545,0.009434674315042645,0.002993936649306866,0.0062897828766950966,0.0015850252849271642,0.05633129544368128,0.056507409364228746,0.008730218632852794,0.0007547739452034116,0.006264623745188316,0.015498025008176718,0.008755377764359574,-0.0220645583314464,0.006742647243817144,0.017391519603492007,0.015216399134465033,0.005548250908715962,0.01430210429947664,0.009733681558415096,656.174377818607,0.8658903260162362,0.5365567160930002
2004Q1,2004-01-01,2004,1,6140,0.01932160810124614,0.007957414034806397,0.007111671538007391,0.006008634785503084,0.004203201722097908,0.004152666117577887,0.001580209479799121,0.03259838043105899,0.04432555619534927,0.00400446073893744,0.0003809607109970821,0.00384677993444949,0.00573919254794201,0.0031890881967778693,-0.011364194066439742,0.0025501043511641413,0.03752428258784764,0.01118843288169769,0.009122876041999656,0.011360562618339193,0.0030245653724149803,0.005581921459660167,0.001229498118867878,0.05547495512331866,0.05532741534905452,0.008335997245924215,0.0007376988713207269,0.007721248186490275,0.013573659232301374,0.007278628863697839,-0.02633584970614995,0.006295030368603536,0.017202463304610813,0.014953486771117698,0.005666784667009866,0.013725912295618392,0.008983058373135028,670.3436482084691,0.8314348467289129,0.38394226107926527
2004Q2,2004-04-01,2004,2,6251,0.019042027322070113,0.007849929462377607,0.007254851057004706,0.00617065721605416,0.004244057765231334,0.004346408361056296,0.0015889628970661262,0.032424187107485465,0.0448972327770438,0.003927132155570979,0.00040265928522197075,0.004215399598400345,0.005693823851975511,0.0028749680304903627,-0.011192097859692504,0.002818855821485148,0.036077235772357726,0.01132404181184669,0.00992063492063492,0.011541811846689896,0.002976190476190476,0.006533101045296167,0.0012340301974448316,0.05700735578784359,0.057370305845915605,0.008372048006194347,0.0007259001161440186,0.008154277971351142,0.014566395663956639,0.006508904374758033,-0.024753193960511035,0.008057491289198606,0.017666934588016884,0.015526977518916085,0.006113085435476971,0.01391612248704312,0.009422764892438457,664.2767557190849,0.8328484724715429,0.5563546021974334
2004Q3,2004-07-01,2004,3,6342,0.01873401028680066,0.007772452448976598,0.0072268273451238695,0.005312450328036353,0.004280115127137382,0.004275786677657722,0.0014764822113952204,0.03223396327502992,0.0438361316358437,0.004422473021135098,0.00041216457822987096,0.0038564080169617506,0.005798919955667059,0.0031518326294392757,-0.01096155783782406,0.002647087326227783,0.03736406505629872,0.010682321239534212,0.009431238571841017,0.008492926571071119,0.0026465210278125303,0.0060629390818977965,0.001058608411125012,0.05620248291790973,0.05341160619767106,0.009888364931190453,0.00072177846213069,0.008204215186218843,0.014652102781253007,0.007362140313733038,-0.026681743816764508,0.0072899624675199694,0.017320355366755694,0.015381276790414308,0.0055431203817366695,0.01390035234165841,0.009788258572588238,655.7131819615263,0.8365404338501101,0.4427482469838109
2004Q4,2004-10-01,2004,4,6533,0.0180774308163584,0.007966144811279009,0.007143211284939344,0.0051136792774124674,0.004432998336988499,0.004116289403850458,0.0015295628211977668,0.03208027494134977,0.04485566922891221,0.004033347342355638,0.00040636976497741335,0.0036506091144521678,0.005558276528833023,0.0030632959136438764,-0.01011128600507939,0.0024949806151891474,0.03643106969319969,0.01100913124105068,0.009107767423299922,0.00805145419121617,0.0033802023426680126,0.005680617825872632,0.0014318912701579776,0.05692354639562452,0.05690007276824487,0.008309664092392198,0.0005868406844909744,0.006924720076993498,0.014201544564681581,0.008614821248327504,-0.02542193845214901,0.005586723316354076,0.01647039496417114,0.014582170545392058,0.005624678203812326,0.013701565680264932,0.009233582038374882,660.6866676871269,0.836822846414007,0.5464660505176376
2005Q1,2005-01-01,2005,1,6542,0.018535962678931595,0.007722501302868831,0.007054154087042369,0.005600353092616361,0.004325244582421792,0.004120891297582706,0.0015713741172101391,0.031765738352212684,0.04445757033275526,0.004177345058919531,0.00044346529050125807,0.003972525214069397,0.005712794055278963,0.003036372551901302,-0.010813461376062766,0.002676421503377661,0.03611712167948069,0.010911099857280972,0.010128447124902169,0.010128447124902169,0.0025321117812255422,0.006629529027208692,0.0011969982965793471,0.056051747157129045,0.057985359790064916,0.009645043966668201,0.0008286911284010865,0.008102757699921736,0.01480134432116385,0.007872565719810322,-0.025206021822199713,0.006928778601353529,0.016956273718825868,0.01495286307404306,0.005683295981728279,0.013781282692184003,0.009028768976112145,655.257413634974,0.8223120194723487,0.550931465884023
2005Q2,2005-04-01,2005,2,6469,0.018743554176172628,0.00759699687715612,0.007123401615993576,0.0056425149110386165,0.004244567477708568,0.004262838157834636,0.0015724805092711682,0.0322616938362899,0.04442972639656511,0.0037942913740753475,0.0003418540413061613,0.0039750749458490695,0.0054220647310964576,0.0031062560251173773,-0.011146557299016509,0.0023158087059790802,0.03538267910997127,0.010496069910474698,0.010211108736434662,0.010472323145971362,0.0023984232148369783,0.006340386122390824,0.0015197929282135308,0.05777587803661751,0.05768089097860417,0.00869131580822113,0.0005224288190734012,0.00869131580822113,0.014414286053525207,0.00902377051126784,-0.02488660919949657,0.005390515542257368,0.01686231034884681,0.014988069597089256,0.006137778717012155,0.013921661352266261,0.008812839203447442,643.0159220899675,0.8266662980476817,0.34869885586945876
2005Q3,2005-07-01,2005,3,6454,0.018126684909487087,0.007481194996214062,0.007045209565334219,0.0055291638935336465,0.00434291125155023,0.004209753139655894,0.0015033980375167015,0.03161646072897623,0.04375962144914684,0.004099981219456261,0.0003390997795732115,0.003772813170339532,0.005692867235396576,0.003021114151581181,-0.010645489913273024,0.002671753083815395,0.03462915964991343,0.010246436279974383,0.01045990370247385,0.010246436279974383,0.0027276392874931808,0.007115580749982211,0.0011859301249970353,0.05666374137235834,0.05633168093735917,0.008847038732477882,0.00033206043499916984,0.008159199259979603,0.01453950333246365,0.008799601527478001,-0.024382723369939043,0.0057399018049856506,0.016432406525462493,0.014509234329838803,0.0057100584576201385,0.013889003623278162,0.009265228516919953,649.2883483111249,0.8294872195655562,0.5197735960469708
2005Q4,2005-10-01,2005,4,6988,0.017560711967188985,0.007858698234488523,0.006837492500345621,0.005193049268870383,0.004475856369930155,0.004062900009529762,0.0014965753256113924,0.0319403624799394,0.044575126962829004,0.003802061918399286,0.0003695579129910344,0.003971852751304974,0.005453887360000859,0.002917091516587826,-0.009702013732700462,0.0025367958434130327,0.034584479911942766,0.010324711062190423,0.009576224545954871,0.008805723720418272,0.00275178866263071,0.006538249862410567,0.0009466152999449642,0.05648871766648322,0.05717116125481563,0.008013208585580628,0.0005723720418271877,0.008871766648321408,0.014595487066593285,0.008739680792515135,-0.02425976884975234,0.005855806274078151,0.016195581214509817,0.014234846398105325,0.005498892274336293,0.013856616081071506,0.00928672724929882,639.69748139668,0.8274448649570064,0.5840271599566091
2006Q1,2006-01-01,2006,1,6982,0.017262524468676998,0.008114578422275628,0.006950961808077118,0.005342198815242802,0.004457876724748723,0.004108039878746815,0.0015855437331439232,0.03184532523327616,0.04562827778549296,0.004053861606135899,0.00039428514312351675,0.003962974789633507,0.005704861538026071,0.0028051077064059505,-0.00914794604640137,0.0028997538316201206,0.03382292322044562,0.011498492178855792,0.009242184279608618,0.008981841060464712,0.0031675091662508406,0.006204846722929729,0.0010413728765756188,0.055604972555485646,0.057362289284707005,0.009762870717896426,0.0009328965352656585,0.00800555398867507,0.014470743930748703,0.008591326231748856,-0.022324431041589828,0.005879417698999848,0.016535807500263136,0.014343424522727449,0.00563340916895052,0.014022534522168817,0.009082130352024159,647.6808937267259,0.8337841555310046,0.8538320334196626
2006Q2,2006-04-01,2006,2,6869,0.017202775918528587,0.00792647670582253,0.007057350484090776,0.0051926589703622265,0.004258832395557911,0.004301206570457545,0.0015163575706019822,0.03136668560594842,0.04502871192076667,0.0036428121325008554,0.00035585194189908294,0.0040016257102800205,0.005471964015668421,0.0028395253545647693,-0.009276299212706056,0.0026324386611036514,0.033934205590980294,0.010921607131037223,0.008406327912980165,0.008362200207400217,0.00284623700990667,0.005383580080753701,0.0009928733755488384,0.053857864660326986,0.056439335436753967,0.009818414491538512,0.0005515963197493546,0.007722348476490965,0.015687399333671647,0.008362200207400217,-0.023012598459943075,0.007325199126271429,0.017224680251749083,0.0151275779446315,0.00592501025299457,0.014356313710899894,0.009269813383439534,639.0254767797351,0.8338340016758302,0.7344107486806243
2006Q3,2006-07-01,2006,3,6594,0.016938341536657065,0.00806604080950882,0.006892214475233549,0.004411485326253053,0.004351371467851935,0.004185484751729765,0.0014723306464121204,0.0314739642749305,0.044942451305480274,0.003952830353184979,0.0003391155828887508,0.0037807486974565873,0.005461412868403881,0.003077508331046559,-0.008872300727148244,0.0023839045373573215,0.03428506684794924,0.01230455472467709,0.00908678903240426,0.006616813958758214,0.0029685021527305687,0.006231588488556538,0.0010423748017221845,0.05601631543167913,0.05572173124858373,0.00940403353727623,0.0004078857919782461,0.007387264899161568,0.014525266258780875,0.009132109675957399,-0.02198051212327215,0.005393156582823476,0.016473259398546707,0.014453292201948739,0.00545386033246127,0.013555794298097824,0.008878170867914146,660.963906581741,0.8323922378783387,0.6592140602301644
2006Q4,2006-10-01,2006,4,6517,0.016331941480141214,0.008286780079326837,0.006963431799887893,0.004333167162632977,0.00441116093146315,0.00412464376288228,0.001409673726838512,0.03143056309649611,0.045437734820260235,0.0037038939951278193,0.00031498373702630356,0.003756892728249806,0.005376941338965548,0.0029376110022592736,-0.008045161400814375,0.0024393303367062744,0.03275368391647462,0.011732662895453593,0.009241799939474358,0.007519147054030775,0.002840049351677259,0.006285355122564425,0.0009078846288148614,0.05412389133319366,0.056661312475265964,0.008799497171590195,0.0006518146053029774,0.006820774262634728,0.014200246758386293,0.008752938985497125,-0.021021021021021023,0.005447307772889169,0.016654592465303333,0.014632703113647116,0.005495554715295878,0.014057593605390108,0.008340163333276487,663.0133497007826,0.8324858164744132,0.7887168206461684
2007Q1,2007-01-01,2007,1,6735,0.016323273376576082,0.008326564357315517,0.007105364614874404,0.0043491459731255875,0.004388122802402843,0.0043266507745141425,0.0015053965090569901,0.031706871080462204,0.04517681782920443,0.0036716173179175146,0.0003040192683625968,0.00382663373607163,0.005611549792231227,0.0028602310947344087,-0.007996709019260567,0.002751318697496819,0.03057723860189927,0.012728086312335305,0.010366429672351216,0.006239745438273753,0.0024362352707204297,0.006935812658479591,0.0008700840252572963,0.05787301745139959,0.06436135832546114,0.008700840252572962,0.0003231740665241386,0.007557301247949087,0.014468254362849898,0.007656739422264207,-0.017849152289563963,0.006811514940585691,0.015652471102712957,0.013475995929481666,0.005708982149712224,0.013842610293173963,0.008864188173751899,666.6439495174462,0.8271571392076389,0.8668138267168722
2007Q2,2007-04-01,2007,2,6705,0.016317112412235806,0.00824564936272499,0.007185128792544554,0.004480144459119786,0.004199724880759389,0.004430991754350637,0.0014480794543279636,0.031355801480153295,0.045508156291104516,0.003420756439740483,0.0003119044906318795,0.0038391207056788137,0.005455497209055061,0.0027629709344427497,-0.008071463049510817,0.002692526274612311,0.031954980415489116,0.012544003173186574,0.010883038326144083,0.006148048986067728,0.0026030046110367393,0.0070900887500619765,0.0007189250830482424,0.05699340572165204,0.06081114581783926,0.0071148792701670885,0.0004462293618920125,0.00823045267489712,0.014700778422331301,0.006842183549010858,-0.019410977242302542,0.007858594873320442,0.015443691882872503,0.013503328087598531,0.005815326200960743,0.013746797803084474,0.008440776033658809,658.4359433258762,0.8270137376147075,0.8923098124267539
2007Q3,2007-07-01,2007,3,6498,0.017455904054718793,0.008060012649036096,0.007259141270993886,0.004121477594809211,0.00407439507156075,0.004271860579513246,0.0014780632920287648,0.03263568433627697,0.04514253589749596,0.003372842051017779,0.000269846103394158,0.004752055468365698,0.005347262889133541,0.0032140263755826757,-0.009395891405682696,0.0021332365135508656,0.034384826047266455,0.01217161983974034,0.011512323765087738,0.00684653615985394,0.0028146870879399532,0.007734050106501674,0.0008114413226493559,0.06362207120397606,0.060528451161375396,0.0072522568211786185,0.00032964803732630084,0.009230145045136423,0.01399736281570139,0.00854549142915103,-0.022213206207526117,0.00545187138655036,0.016102825372432666,0.01413056095205867,0.005990280025039583,0.014529792482918073,0.009123888126038412,656.9867651585104,0.8301583471926167,0.44831352001874186
2007Q4,2007-10-01,2007,4,7049,0.017662300473871448,0.008116377012274434,0.007260195792626059,0.004213737300623013,0.004290848847889409,0.004299023997599599,0.0014489900486333027,0.03236497580266161,0.04511577890064564,0.0035102325255622568,0.0003296573883136456,0.004339457846166219,0.005284240012673692,0.0035325484747711564,-0.009545923461597014,0.001751691537902535,0.03612374455182869,0.01236498010233087,0.010896342618912262,0.006703619480765586,0.002866211862800834,0.006703619480765586,0.0008053818457456888,0.05978775819594467,0.060758953951108585,0.007816941444002273,0.000544817130945613,0.009214515823384499,0.012909797233276482,0.00857494788705704,-0.02375876444949782,0.004334849346219443,0.01640287502542336,0.014101909519674908,0.005932280689014109,0.014162145871669278,0.008744215819790851,642.0642644346716,0.8285149663791445,0.3131484024007278
2008Q1,2008-01-01,2008,1,7432,0.018921806690344104,0.007724733198654081,0.0074229954102261455,0.004148945802321394,0.0042573092035966,0.004461540415451761,0.001482263840505461,0.03351501785640395,0.043954366922163944,0.0032896178848365394,0.0002953875702057594,0.004580350949931192,0.004857712094215935,0.003977694756071731,-0.011197073491690022,0.000880017338144204,0.03817662546298362,0.010866169842474006,0.010241420857691107,0.00827792404837342,0.003413806952563702,0.006827613905127404,0.0008255611584631175,0.06283189789816591,0.059462715873086706,0.006827613905127404,0.0004685617385871748,0.00809942433843545,0.012428042304431255,0.010196795930206613,-0.027310455620509617,0.002231246374224642,0.017283612617061083,0.015243846234268582,0.00566407015698504,0.014275643718981277,0.00860537799545818,656.8517222820237,0.8256338644437352,-0.3257255183372079
2008Q2,2008-04-01,2008,2,8921,0.018532829692414134,0.007475671506171769,0.007115824766198975,0.00437145143604501,0.00426667678284008,0.004394935410039218,0.0014556450957333232,0.033053332104940845,0.04346991973900272,0.0033311113881015738,0.0003611112616494059,0.003907552626682491,0.004891711782993628,0.0035695640471196904,-0.011057158186242366,0.001322147735873938,0.03794340078413884,0.011111730494081797,0.00899344073434045,0.007822806919746548,0.003084527194009328,0.005816006094728431,0.0011148893472322872,0.06419904491145921,0.059739487522530055,0.008250181169518925,0.0005946076518572198,0.008064366278313544,0.012765483025809689,0.010349889440139733,-0.026831670290057046,0.0024155935856699554,0.016166917394955543,0.014029321053038234,0.005652302118850714,0.014128765157985201,0.008630214717688562,620.5234839143594,0.8232135470013675,-0.15148247665427356
2008Q3,2008-07-01,2008,3,8774,0.019501737294037487,0.007326938786265778,0.007082061262672083,0.004532586968224271,0.004343235093716002,0.0042814981008345784,0.001471147366954898,0.033691646307262,0.04270712949334257,0.0033667365599695832,0.0003440708017903728,0.003936109741269298,0.0047130923833867255,0.0041243322805419305,-0.012174798507771709,0.0005887601028447954,0.04133261105092091,0.01005778259299386,0.007114481762369086,0.007620079451065367,0.003051643192488263,0.004062838569880823,0.0009570241964608162,0.06404839292163236,0.058324304803178045,0.008974358974358974,0.0005958829902491874,0.007240881184543156,0.011466233297219212,0.01218851570964247,-0.03127482845792705,-0.0007222824124232575,0.01628086580175577,0.014216929280934902,0.005618374023841701,0.014240748655930538,0.008591712450688191,605.5231365397766,0.8206502712286791,-0.6245473728352557
2008Q4,2008-10-01,2008,4,7791,0.020231785823802265,0.007286539680986734,0.007120784901437559,0.003979933968955747,0.004555426477951481,0.0042471630159850275,0.0015118048734735147,0.03438603115745147,0.04363939279577172,0.003321968350135545,0.00038568307241442255,0.004689849561366361,0.004153572207532261,0.005037126038519389,-0.01294524614281553,-0.0008835538309871283,0.04540323077238859,0.009729263736940413,0.007040374391921017,0.0064861758246269425,0.003612553623842854,0.0035509760052546235,0.0012110264989018658,0.06648330220242615,0.058745048133171864,0.008087193907920934,0.0005952503130195612,0.008395082000862086,0.00917506516964634,0.013896015928077342,-0.03567396703544818,-0.004720950758431003,0.015643089668982944,0.013700658914863878,0.005354434399277062,0.01386328608473947,0.008681053783852123,634.9720189962777,0.8252898131357429,-1.216641219638532
2009Q1,2009-01-01,2009,1,7809,0.02066319912034692,0.007343620661963653,0.006926444364825408,0.004366760974042821,0.004558464395876832,0.004125021105908419,0.0015665731829357186,0.0345552109973108,0.04392582251269443,0.0033178488034494263,0.00041141078069210907,0.0043531708281340726,0.00425577478245471,0.005209761842988514,-0.013319578458383267,-0.0009539870605338044,0.04300420296034598,0.010273903067958012,0.006314592597104627,0.007045542222492944,0.003309577470508213,0.0029441026578140546,0.0011979452193864083,0.06444539197173661,0.05717650403037502,0.007796796004142048,0.0010558161255609024,0.007573450285273396,0.009664778380134414,0.013603784694727011,-0.03273029989238797,-0.003939006314592597,0.015663430399208672,0.013632897356470263,0.005419456685848854,0.013564574779647884,0.009102436235503629,621.9054936611602,0.8241733690795353,-1.2638800851876948
2009Q2,2009-04-01,2009,2,7892,0.019616160221189116,0.007633875159970149,0.0071001883707011385,0.00507958697353288,0.004287814004013824,0.0043391493986813445,0.0015338210665562385,0.033794593597811944,0.04416212885264588,0.003158435321328367,0.0003041873778142114,0.003973158231992902,0.004359884871821559,0.004257415397759723,-0.011982285061218968,0.0001024694740618356,0.03754948861761795,0.010701913559881227,0.005773672055427252,0.008124381392279776,0.0026393929396238865,0.0026187726822830748,0.001175354668426262,0.061283404816892116,0.0587677334213131,0.007052128010557572,0.000536126690861102,0.007897558561530849,0.010371989442428241,0.01074315407456285,-0.02684757505773672,-0.00037116463213460903,0.015712443804360036,0.013616904781054748,0.0056099706448516536,0.013736372294494202,0.008881343470392475,629.4137100861632,0.8239685159017928,-0.684372585760121
2009Q3,2009-07-01,2009,3,7663,0.01944335793510151,0.007742692399062694,0.006955328635523137,0.005038112679327808,0.004230652312473835,0.004116418988370836,0.0016235940046120648,0.033170607258004636,0.044052600637971964,0.0034159994770652275,0.00028558331025749673,0.003655677914488741,0.004718047828646629,0.004004935725774021,-0.011700665536038816,0.0007131121028726084,0.03723017738833084,0.011754648429151528,0.004830091899978628,0.007266509938020945,0.002393673861936311,0.0017097670442402222,0.001346441547339175,0.059970079076725795,0.06016242786920282,0.00831374225261808,0.0004060696730070528,0.0072878820260739476,0.011647787988886514,0.010686044026501388,-0.025475528959179313,0.0009617439623851251,0.015427167326606797,0.01327395449604028,0.005600268100637978,0.013410644428072584,0.008715741413119425,616.8820305363434,0.8221835615285011,-0.39385447303423177
2009Q4,2009-10-01,2009,4,7625,0.018810674335710865,0.007825066628685796,0.006892658361387699,0.004873613549896056,0.004289409258085392,0.0040397457655539735,0.0016159811133501238,0.033040458320895014,0.044288150589731665,0.003032190029110846,0.00032315481910575754,0.003920089464821669,0.004805918722319129,0.003401716840195905,-0.010985607707025067,0.0014042018821232244,0.03575848368397056,0.01146355761089038,0.005297553138366009,0.00757723789053171,0.0022145509021038235,0.002019149351918192,0.001194120584467748,0.06040079029071409,0.06053105799083784,0.006361406022710002,0.0006730497839727306,0.007316702490284201,0.012679389478712087,0.007403547623700037,-0.02429492607308018,0.00527584185501205,0.01615377588165794,0.01382734001840139,0.005381326314575029,0.013389904826155829,0.008220245517423477,633.5084590163934,0.8252320359250447,-0.050068725579167216
2010Q1,2010-01-01,2010,1,7280,0.02024978982932469,0.007650408038412098,0.0070008389453048055,0.005150511739261967,0.004278338727587315,0.004044441732175562,0.0015897177404030022,0.033786279823767196,0.04341623392826855,0.0031058133067627504,0.0003044787256892089,0.004122407397312813,0.004894897288380227,0.0032456737199894627,-0.012599381790912592,0.0016492235683907648,0.03732033091463696,0.010884133659934372,0.005338078291814947,0.007764477515367195,0.0027961362480935434,0.002287747839349263,0.0011785367657253778,0.0613994546378888,0.05837223274945695,0.007625826131164209,0.0005777141008457735,0.007302306234690577,0.010814807967832879,0.006285529417202015,-0.026436197254702594,0.004529278550630864,0.01668705882367684,0.014387399804940538,0.005473362458994089,0.013628052060418594,0.008105258160640998,632.4987637362638,0.8261202786523276,-0.21551161092733861
2010Q2,2010-04-01,2010,2,8676,0.019932970188531345,0.007512494464477763,0.007264895735848151,0.005405723784530206,0.004185727405797955,0.004379152550630486,0.001583395687491865,0.033601074454864675,0.043121263749728224,0.002698317128523737,0.0003108618399094247,0.0035734568345611468,0.004541673302021729,0.0030142691038234914,-0.01242047572405358,0.0015274041981982376,0.037975428818149706,0.010401538642697335,0.005789535659614554,0.008438984181811045,0.002826078423676257,0.0029242061467205714,0.0011775326765317738,0.06258586175766377,0.05660007065196059,0.005809161204223417,0.0005495152490481611,0.006927817246928602,0.010715547356439141,0.006162421007182949,-0.027573890175452368,0.004553126349256192,0.01706787697400824,0.01483322352071922,0.00576635535200947,0.013839091827799495,0.008133550575004724,634.0290456431535,0.8271895399172053,-0.25507683539717285
2010Q3,2010-07-01,2010,3,9445,0.018957293318362985,0.007555877721501289,0.006715804000118277,0.00511940754890417,0.004149263410029301,0.004076622243887332,0.0014543616063576916,0.03268818292310446,0.04255028947932009,0.00269644008718991,0.0002850952120583652,0.003144251511406287,0.004438460711469801,0.0029695708718837153,-0.011401415596861697,0.0014688898395860855,0.03601617722072433,0.010602637907163157,0.004426874590104205,0.008398309407563944,0.002441157181374335,0.001967499817824091,0.0011659258179698316,0.061484369307002844,0.05374189317204693,0.0056474531807913725,0.0005100925453618014,0.005738541135320265,0.009618887998251112,0.006193980907964731,-0.025413539313561176,0.0034249070902863804,0.01680452128085482,0.014740892113335983,0.0052684336518025576,0.013768989860527983,0.0074164556695988145,619.4470089994707,0.8235877659969949,-0.1679661081337952
2010Q4,2010-10-01,2010,4,9286,0.018092340187935266,0.007476031977562036,0.006569164246419405,0.00474019312923904,0.004177512692772153,0.003909676805013916,0.001499846344957734,0.03274817453481477,0.043051113025186445,0.0024550180274155223,0.00032791284512870235,0.003563931318360263,0.004113453689235923,0.002532927626310937,-0.01061630821037323,0.001580526062924986,0.03346710077988945,0.010202922692511546,0.005073067312788672,0.006776709320814719,0.002422957522525933,0.0023850988112364656,0.0011168319830392973,0.06047929128492466,0.0558605285076096,0.0052055728023018095,0.0004353751798288786,0.006606345120012114,0.007893541303854017,0.004353751798288786,-0.023264178087377907,0.0035397895055652305,0.01683561466245698,0.014826251824244144,0.005382429106663429,0.014108702581577662,0.007007314080814794,622.003553736808,0.8258853776667806,-0.028567642886328015
2011Q1,2011-01-01,2011,1,8801,0.01831416520590197,0.007401712441936534,0.006615451944459634,0.004727554742569629,0.004192541534374281,0.003955101037562287,0.0014453531695762967,0.03288687132087585,0.04279051989295376,0.0023771299929494522,0.00030574778587190893,0.0033138118610157403,0.00420107994550677,0.0023449746999611412,-0.010912452763965434,0.001856105245545629,0.03431877625426012,0.009748751684235555,0.005191408417214869,0.006697313148926052,0.0022984861694539116,0.002258857097566775,0.0008718395815170009,0.06013711658872949,0.05480700641990965,0.004616786874851391,0.0005349924704763415,0.0064199096457160975,0.008896726638662122,0.00352698739795514,-0.02457002457002457,0.005369739240706982,0.016675127671350116,0.014564023313050203,0.00537689809088805,0.013946357367613016,0.007212177947666001,625.4444949437564,0.8255001283486695,0.01898500154518057
2011Q2,2011-04-01,2011,2,9388,0.018243939739409444,0.00735944209450374,0.006620792972776618,0.004897798530851172,0.004021649701722734,0.0040684654911279745,0.0014140102318508621,0.032819949074824634,0.042937881516172685,0.00238639151697896,0.0002665032159846444,0.0032564716326659773,0.004047138298176698,0.002459389470088612,-0.010884497644905705,0.0015877488280880865,0.03486797562626946,0.009497479876626797,0.004645302038666968,0.008124576844955992,0.00227563379222147,0.002520123373203942,0.0010719927781539156,0.06157376062589333,0.052809749492213946,0.004137515985857218,0.0003761378168961107,0.0055480327992176335,0.008293838862559242,0.0037613781689611074,-0.02537049574964267,0.004532460693598134,0.017179144521340402,0.015141147930343211,0.005581078578224972,0.014305822816339719,0.007125285432176821,614.3252023860247,0.8264354891426382,-0.061979422543257556
2011Q3,2011-07-01,2011,3,9118,0.019341119028721567,0.007214752898758239,0.006811990522992599,0.004806355677279296,0.003975255949835468,0.004033539058207601,0.001422455803136014,0.0339517374107616,0.04265714604842265,0.0023116646595239994,0.0002809767761820771,0.003587455804875808,0.004016489074265902,0.0029656533292877316,-0.012126366129963328,0.0010508357449781707,0.03692495098878928,0.009459639505890863,0.005120006090713565,0.008032128514056224,0.001846247549439464,0.0022459506271531623,0.0009516739945564247,0.06458059727059898,0.054321551609280726,0.004111231656483755,0.00022840175869354195,0.006871086240697387,0.007613391956451398,0.004834503892346638,-0.02746531148289842,0.0027788880641047603,0.01678587578158609,0.014782946393911896,0.005336113290198846,0.01435624864821906,0.006808889577025605,630.3801272208817,0.8285065640698381,-0.47274166790824385
2011Q4,2011-10-01,2011,4,8676,0.018956269094378593,0.007318098392832592,0.006734969396945186,0.004970147169625746,0.0040142391880633186,0.0039652412761281815,0.001413401305821275,0.033156510099492685,0.043069703029578583,0.0022364944345192265,0.0002909363195855602,0.0031286871826128847,0.003585642068279039,0.002668322185859669,-0.011638170701546002,0.0009173198824193698,0.036315000202650674,0.010639160215620313,0.005329712641348843,0.008288412434645159,0.0026952539212904796,0.002269687512665667,0.0005674218781664168,0.06203137032383577,0.0533173914805658,0.003769302476391197,0.0003850362744700685,0.005957929720747376,0.0067077372026101405,0.0035058566043853607,-0.025675839987030356,0.0032018805982247803,0.016577532276435623,0.014542657283981254,0.0054188094007860815,0.014124788097759865,0.006192322609844095,642.1929460580913,0.8253001884894033,-0.3885769183868008
2012Q1,2012-01-01,2012,1,8912,0.01819783846194019,0.007557408356234571,0.006477803796030076,0.005237290695393076,0.0041451592641680675,0.0039009734966696167,0.001400892336660188,0.03245888716218028,0.043310509727203565,0.0023439363592607804,0.00031758264559047085,0.0029778666068199814,0.003719598519076837,0.0024185682809745412,-0.010640430105705619,0.0013010302381022956,0.035428459886785085,0.009467109115752489,0.0044700370876439586,0.008686316611360531,0.0026742143275424557,0.0020495803240288893,0.0008783915674409526,0.06041382002732774,0.054616435682217454,0.004118680460667577,0.000351356626976381,0.004704274838961546,0.006363458910794456,0.0037282842084715986,-0.025961350771032597,0.0026351747023228575,0.016849528306908723,0.014707602682475568,0.0053509022423054615,0.013991796959023367,0.006177231192170698,635.975763016158,0.8232830776440166,-0.09169884913621439
2012Q2,2012-04-01,2012,2,8168,0.018379269795312184,0.007426667978467722,0.006817804888332935,0.00522509100619826,0.004009613627738971,0.004127300922477243,0.0014767131887541169,0.032576892624398564,0.043980754004506975,0.002313267462180307,0.00031220865132796434,0.003046189452182509,0.0037427558129184296,0.0025761898738328485,-0.010952601816844463,0.001166565939085581,0.03568248314463809,0.009625577746681931,0.00553364711868719,0.00822626468218632,0.0026502141373022942,0.0026290124242038756,0.0006996565322478056,0.06101853029724802,0.05601492600602129,0.003540686087435865,0.0005088411143620405,0.005576050544884027,0.006572531060509689,0.004282746045880507,-0.026056905397956156,0.002289785014629182,0.016462713737259178,0.014470958032316402,0.008097741737146238,0.01564203438582866,0.005974073702739865,653.3025220372184,0.8258707782259764,-0.1237290200913113
2012Q3,2012-07-01,2012,3,8628,0.01805584277187657,0.007296704388443411,0.0064036491081055835,0.005004133215339169,0.003933258786074745,0.00391850051662942,0.0013273443556008622,0.03226031715521038,0.04275992597108063,0.002270073811144905,0.000289766022036256,0.0028312480078585985,0.0035270464185369623,0.002541661964718017,-0.010759138383433158,0.0009853844538189453,0.03347479474874073,0.00898346091302106,0.004184349343592591,0.007872922698607862,0.002260738507912585,0.002062428112481656,0.0006940863840082497,0.05943362551064927,0.05229445127513584,0.0037282354341014556,0.0003172966326894856,0.005294887558005791,0.005751001467496926,0.003807559592273827,-0.024491333835719668,0.0019434418752230993,0.016783994426380087,0.0146681581875219,0.005162128624330945,0.013675849124260828,0.005549464314050025,643.9739221140472,0.8263300845342875,-0.24644461488903122
2012Q4,2012-10-01,2012,4,8347,0.01777106348582919,0.007411209193636593,0.006402878990943714,0.00457592560922026,0.003945407799806058,0.003908213833628364,0.0013647872086924968,0.03288516087102218,0.04314072968866871,0.0025719004746412783,0.0003069836921364659,0.002873189396836662,0.0038309785163024358,0.0025154866599124324,-0.010359854292192595,0.0013154918563900034,0.034550839091806514,0.010529779532741033,0.0052648897663705166,0.007465449160908194,0.0023445212240868706,0.002529615004935834,0.0009871668311944718,0.06297301743994735,0.05610398157288582,0.0041543270812767355,0.00043188548864758145,0.0048947022046725895,0.006169792694965449,0.004010365251727542,-0.024021059559065482,0.002159427443237907,0.016171546620911765,0.014013192147604096,0.0051911876966466075,0.013707531965808473,0.006070601965517121,673.198873846891,0.829028057597615,-0.11036150282847129
2013Q1,2013-01-01,2013,1,6803,0.018429679406262188,0.00747473653987213,0.006565481405153352,0.005370886773233507,0.00392770597513381,0.003951539953432416,0.0015770520220012123,0.032768156201211346,0.043660952526056444,0.0027242014447845797,0.00035550494733247665,0.003495798648769354,0.004192775453408025,0.002610600239809916,-0.01095494286639006,0.0015821752135981087,0.03303055326176713,0.009787730120950114,0.005561762277165201,0.008524797202117842,0.0020158352358284354,0.0028415990673726138,0.0011414970612522465,0.06363238937193375,0.05819206295234857,0.004177393500752902,0.0005343177733521154,0.006363238937193374,0.006363238937193374,0.003667362898916792,-0.02324282314081702,0.0026958760382765823,0.01638439695294642,0.014258163107104531,0.0050761651234558025,0.014224050691505402,0.0061671603692507355,659.9131265618109,0.8272883013701865,-0.009066879121647822
2013Q2,2013-04-01,2013,2,7118,0.018657130785500884,0.007316446065643527,0.0069749174048375495,0.005726082414947013,0.0037645479932613603,0.0042884400710637375,0.0015710318397074968,0.0327345555477035,0.04396096778482578,0.0026890549085723477,0.00033766229860817407,0.003655860255923106,0.0042166975725044945,0.0026048541318201826,-0.011340684719857356,0.0016118434406843117,0.03537418126074232,0.009848097737724718,0.005574394945881916,0.009197751660705161,0.0026013843080782274,0.003089143865842895,0.0011381056347842245,0.06343196915501463,0.05627816230779951,0.004320156083058485,0.0005806661401960329,0.006735727226273982,0.006457007478979886,0.003925303107725183,-0.025526083523017606,0.0025317043712547033,0.016331717661688176,0.01423153458664333,0.005551767969020859,0.014271390457694287,0.006405961286760188,654.0515594268053,0.8310408311475858,-0.002985239737056007
2013Q3,2013-07-01,2013,3,6743,0.018963948966089852,0.0072991120301128965,0.006793827978508084,0.0056884776898422,0.003846963667049846,0.004158043660342184,0.0016360421522228412,0.033136426472995806,0.043543687186089246,0.0026033065063662034,0.00034156936763491053,0.003634642734128016,0.004328165531673931,0.002594248069061526,-0.011664836935976954,0.0017339174626124047,0.03471597129303004,0.009293273324413088,0.005254835178202165,0.008904026274175891,0.0021895146575842354,0.0025544337671816082,0.0011677411507115922,0.06225520009731176,0.05361878117017394,0.003916798443011799,0.0005108867534363216,0.006519888091473057,0.0074443498357864004,0.004500669018367595,-0.025422697968616955,0.0029436808174188056,0.016233377550264612,0.01406655308260505,0.005815455873474445,0.013968877684382075,0.0064686829890113545,671.2393593356073,0.8297519733584731,-0.047762393451646686
2013Q4,2013-10-01,2013,4,6447,0.01814754483410063,0.007450932755360695,0.006603381951293835,0.00543474377435095,0.003935337198214173,0.004005870389958655,0.001564638253469092,0.032620909679942967,0.044077712825262315,0.002702158845818822,0.00030956234154522547,0.0034556653942263743,0.004184508375586019,0.0023186058031298756,-0.010696612078739936,0.0018659025724561433,0.03547540646223503,0.008335048363860877,0.003935995060712081,0.009209713932908006,0.0022123893805309734,0.0019808602593126157,0.001234821979831241,0.06251286272895658,0.05541263634492694,0.004116073266104137,0.00036015641078411195,0.005505247993414283,0.006740069973245524,0.0030356040337518007,-0.027140358098374152,0.003704465939493723,0.01617359460552732,0.014010987904608446,0.005264818665694951,0.01382096023857213,0.005998033966358104,672.9305103148752,0.831607306224462,0.1616380201874838
2014Q1,2014-01-01,2014,1,8357,0.01773511185044848,0.007556020575289556,0.0063566143922874204,0.00538109980834439,0.003896007211473225,0.003861167404903831,0.0014179801273743328,0.03209553001614367,0.0438090397195799,0.002360671946180934,0.0003067736652136634,0.0028719002657360405,0.003901874968369123,0.002338117755612326,-0.010179091275158925,0.0015637572127567968,0.03437088306427827,0.00908429518060444,0.0044831586605580355,0.008730361602139332,0.0025168610024185463,0.0024971980258371514,0.0009241598993255599,0.06058163084727766,0.056943980179719605,0.003441020901744106,0.0004325854847906876,0.004837092239023144,0.005938218927581257,0.0031854022061859723,-0.02528658788367383,0.002752816721395285,0.016791094359511444,0.014575450545038435,0.00502923766422586,0.013879230943964488,0.005776191242650549,652.5705396673447,0.8282063807455425,0.11086735427809154
2014Q2,2014-04-01,2014,2,8650,0.017770278850300424,0.0075163297148453795,0.006535298532889601,0.005302992612091614,0.0038149216962176415,0.00405506059960008,0.0014286199233387534,0.03196361958477344,0.0438347794053859,0.0023721125631801505,0.0003121626133722345,0.0029122005829789474,0.0038621591917969845,0.0022438708451434555,-0.010253949135455045,0.0016182883466535289,0.033318257198854215,0.010044474596713402,0.004522840343735866,0.008894919342680536,0.0023556460123624304,0.002223729835670134,0.0010364842454394694,0.06009724106739032,0.05527287803407206,0.0036559626111864916,0.0004899743705713855,0.00538971807628524,0.006520428162219207,0.0029775365596261118,-0.023273782602140813,0.003542891602593095,0.016690501184968565,0.014557377088601293,0.005200774230852685,0.015030646411326534,0.0059008569447927955,643.654450867052,0.8286791228769395,0.13749584665995704
2014Q3,2014-07-01,2014,3,8281,0.01796052490410927,0.007394192686442487,0.006534573553997144,0.005267449402558115,0.0038896495230967823,0.003967574270377792,0.0014679591885135158,0.03250308969740729,0.04332728883240495,0.0024004210195041503,0.00029400593056265055,0.003120942595812618,0.003908095477767166,0.002324754960550126,-0.010566332217666782,0.00158334051721704,0.03526714865103157,0.009580908716863575,0.0049765865318677875,0.008542487117694312,0.0022923646623170518,0.0023119575226787357,0.0010580144595309468,0.062070181625815554,0.0549383804541625,0.0037618291894433668,0.00027430004506357884,0.0052704794372930505,0.0070338368698446285,0.003742236329081683,-0.02568623993416799,0.003291600540762946,0.016698957527737424,0.01447845854215694,0.005315695941825812,0.01653086083093147,0.006011002945294463,641.5672020287404,0.828775613996188,0.01732152459497858
2014Q4,2014-10-01,2014,4,8002,0.018005899117812005,0.007471131263984565,0.006396389326463151,0.005140577776671879,0.0038642858373321137,0.003887063092998195,0.0014577443626292226,0.03266373305821981,0.0433428206664357,0.0024337210570943494,0.0002717958239145872,0.0030887107116265447,0.003966687785074581,0.0026925013063426044,-0.01053476785382744,0.0012741864787319769,0.03403503842989304,0.010354999899660853,0.004856414681623889,0.00850875960747326,0.002448275170074853,0.0023680038530232185,0.0008829844875679798,0.06359495093415746,0.054022596375750034,0.0038530232184784572,0.00036122092673235534,0.005257771266882061,0.006542112339708214,0.0051774999498304265,-0.023680038530232185,0.0013646123898777868,0.01692472684651067,0.014833657152142968,0.0052154625460395666,0.014504284797065605,0.006094592466132945,652.9005248687828,0.8292379572438372,-0.10669279099330432
2015Q1,2015-01-01,2015,1,6943,0.02070045029416343,0.007841466822453569,0.0067818408235450775,0.006263280489565966,0.00409245377498795,0.0039224916402072745,0.0017598699942048773,0.032699073718086974,0.04577935961080781,0.002896389207193454,0.00041119115090387033,0.004786133715423841,0.0046002303045533915,0.0031200359335117507,-0.012858983471709861,0.0014801943710416406,0.027144846252944162,0.009043944461072,0.0048277746691477875,0.007729644618527724,0.0025895610759040693,0.002316290811612685,0.0011581454058063425,0.05470610433718948,0.05220763334938254,0.0036696292633414448,0.0002472445248350619,0.0043462984892058245,0.006246177469517352,0.004229182661652374,-0.01810090179187216,0.0020169948078649783,0.01757117949822353,0.015407060966890896,0.005311637076978058,0.014460498217913637,0.0067016476578565945,614.3822555091459,0.8643055136185384,-0.02927822690225536
2015Q2,2015-04-01,2015,2,6973,0.02111226712961648,0.007837273484067403,0.006895195331009979,0.007095392805987055,0.003835670965475206,0.004158615544101767,0.0017611745043704305,0.032339754594977975,0.046143757746504,0.00281262196966621,0.00032716914433533853,0.004560418682625511,0.004643736506326404,0.0027318858250095696,-0.01327499364554908,0.0019118506813168346,0.027795915754433135,0.009922540170283593,0.004263491453812176,0.009064720568465526,0.0027270981371231035,0.0022661801421163816,0.0011266884322386531,0.05395301197106459,0.054093848025094426,0.0038281800140836054,0.0003712950515331925,0.004314704564368478,0.006478458485372256,0.0038281800140836054,-0.01787337558414954,0.00265027847128865,0.01838988009245323,0.016296619312696665,0.005626664786648841,0.013675103893760617,0.00662701887129171,611.0415889860892,0.864710160761154,0.15469550596902795
2015Q3,2015-07-01,2015,3,6495,0.02132576573987595,0.0075548710395861775,0.006743879269743197,0.006152162112540013,0.0038459120626481787,0.003945695731653775,0.0017571904111885433,0.032343130093956306,0.04545420528294657,0.003071091872819727,0.0003522363515897534,0.004470807289795723,0.004748954267148821,0.003270160292485891,-0.013770894700289771,0.0014787939746629308,0.02829662670755506,0.00911625313632562,0.004711458042932813,0.006342347365486479,0.0025229997212155002,0.0024254251463618625,0.0012405910231391135,0.052941176470588235,0.05150543629774185,0.00455812656816281,0.00030666294954000557,0.004293281293560078,0.006774463339838305,0.004362977418455534,-0.01918037357122944,0.002411485921382771,0.017505160884877136,0.015454617727751616,0.0052767282589810255,0.013911740819977345,0.006722877156844699,617.1935334872979,0.8652299315084896,-0.10089642168887834
2015Q4,2015-10-01,2015,4,6283,0.021437712562199996,0.007426216863776136,0.006626839956754843,0.006360470946886505,0.003750216576626565,0.0038103992404569997,0.0017490755349105329,0.03295068314070383,0.045361805760587424,0.0029902417723821485,0.0004196593823153647,0.004609506270062012,0.004540147774078058,0.003139753861001256,-0.014011495698423863,0.0014003939130768023,0.02851497994810097,0.009598372257607927,0.004290516631280963,0.007534206180702996,0.0022410945977824957,0.0021673743807501767,0.0011205472988912479,0.05368306204293465,0.05102913422977117,0.004290516631280963,0.00045706534560037746,0.004143076197216325,0.006634819532908705,0.004010379806558151,-0.01891660769049304,0.0026244397263505545,0.017559396972498587,0.015593420918682432,0.005100521202025756,0.013999217125221442,0.0065825972066101595,589.7478911348082,0.8626269975651659,-0.2043068259338906
2016Q1,2016-01-01,2016,1,6513,0.020616653379270242,0.007763249999240238,0.006890789757595343,0.005900059869260123,0.0037392962170934335,0.003965958602078101,0.0017000945144157278,0.032546185943183974,0.04563106353536592,0.0026882918621365932,0.00034467877761355656,0.0043777497059720345,0.004189075430202674,0.003114518447532343,-0.012853403380030005,0.0010745569826703311,0.02722517459169194,0.009473859937119168,0.004437828663643193,0.006830639102974319,0.0021841351103196907,0.0022119584875212152,0.0011129350880609888,0.05411646865696558,0.053949528393756434,0.004563033861050054,0.00037561559222058376,0.003742244233605075,0.006413288444951449,0.0039509195626165105,-0.01775131465457277,0.0024623688823349377,0.01739684723745389,0.015440937445629688,0.005245750984903073,0.013843593294187865,0.006415375228121298,606.2650084446492,0.8625952361898028,-0.17961777473535712
2016Q2,2016-04-01,2016,2,6441,0.021555297983014806,0.0074504429423136575,0.007016122961405584,0.006689648876187039,0.003760191303670017,0.00410748712122466,0.0017645083428410346,0.032257401458482264,0.04532997907682845,0.002772760689423574,0.00034996527041824453,0.004578111661077722,0.004330119490049081,0.0030642649421289314,-0.014104855040701149,0.0012658545479201492,0.02941892608029333,0.009094945501940732,0.004583279623025251,0.008650940288460161,0.0021340895744711326,0.0024348672997321647,0.0012747246451538978,0.05405405405405406,0.051604864005499934,0.003910110428393418,0.0003007777252610321,0.004626247869491113,0.006516850713989029,0.004483020381271573,-0.020323980578352597,0.002033830332717455,0.017810039901322586,0.01591168159752872,0.005589627819875323,0.013570414621321407,0.006529166489636449,581.6000621021581,0.8611198461540925,-0.21017595857891136
2016Q3,2016-07-01,2016,3,6985,0.02120801807657721,0.00741817059832556,0.006819922928815563,0.006067150976756784,0.003722653284947551,0.003963108144133216,0.0016166003803558683,0.0325209543721201,0.0446733469733467,0.002785708488810306,0.0003864363358699604,0.004760352938486521,0.0041714018518290525,0.0028424930219095334,-0.01378984747825165,0.0013289088299195191,0.030122266508671766,0.010247226112248195,0.004941829150059248,0.007136701497360767,0.0021006140256382634,0.0023699235161047075,0.0011041689109124206,0.053538726704729075,0.051276526984810944,0.003931918560810083,0.0003904987611763439,0.004820639879349348,0.006948184854034256,0.004335882796509749,-0.01987504039642357,0.0026123020575245072,0.01765174211344452,0.01564557822193065,0.005408958377829409,0.0139915105289625,0.006429043375131716,569.7862562634216,0.8605919611694297,-0.2333343139161128
2016Q4,2016-10-01,2016,4,5793,0.021077172635270477,0.007498899973073968,0.006877631034550697,0.006517413262055967,0.003826780237605816,0.0040159191956340426,0.0016983102272951159,0.03189979575619463,0.044341264472742316,0.003043955105766768,0.0003270527815904747,0.005197380950817304,0.004754743250431802,0.0028925782660948716,-0.013578272662196508,0.00186216498433693,0.028414827635944037,0.009728031796400468,0.004807923457858551,0.006939436190842509,0.0024039617289292755,0.0022276712021411286,0.0009295318685193199,0.05211789028318669,0.047934996874849756,0.004134814173758354,0.00022436976136673236,0.005112425276856259,0.006939436190842509,0.003605942593393913,-0.01868679583954357,0.0033334935974485952,0.01792489101229596,0.015666421746961107,0.0056340239869304394,0.01401808782206128,0.007190665018826551,525.699982737787,0.8600883961935785,0.0050556252376940765
2017Q1,2017-01-01,2017,1,5038,0.021416699293053905,0.007503453472309431,0.007090883571813756,0.007397817848726832,0.0037256871855862778,0.004021171447355785,0.0019213864121562225,0.032079987589661005,0.045599131276270397,0.0028828183288887575,0.00032724881990972956,0.005263682768096564,0.005046132480368765,0.002807100486810321,-0.013913245820744472,0.0022390319935584433,0.02618851431232759,0.009081789847024685,0.005015584136423889,0.008902661842152403,0.002382402464801347,0.002203274459929065,0.001343460036542113,0.050532010174470676,0.05115895819152366,0.003976641708164654,0.0002866048077956508,0.005642532153476875,0.0071651201948912694,0.0034750832945222654,-0.017106724465302904,0.0036900369003690036,0.018008590492281828,0.015852076177859404,0.0054783761711821016,0.01388473887127442,0.007302588383613743,537.3997618102421,0.8617861284913312,0.20285898572701586
2017Q2,2017-04-01,2017,2,5808,0.02113304290100917,0.007665223118347378,0.007303772072354194,0.006611631771516181,0.0036732654810252043,0.004352178211669424,0.0017571135103941016,0.032801605519403615,0.04608977644175901,0.002371734097538257,0.00033007401902186115,0.004884972434358952,0.004431851250743666,0.0025003183845383856,-0.013467819782661794,0.0019315328662052808,0.02632964718272775,0.00920785375761679,0.004694199954863462,0.0076431204393289705,0.002317008952080042,0.00237719100278342,0.0010230948619574212,0.050733468742947416,0.05139547130068457,0.0029188294591138194,0.0003761378168961107,0.004664108929511773,0.006665162115399082,0.002873692921086286,-0.01712179342511096,0.0037914691943127963,0.0183110268223919,0.015939026905452267,0.005818619475081159,0.01398591793795097,0.00670547583400729,559.7083333333334,0.8641150171066321,0.10609925239047081
2017Q3,2017-07-01,2017,3,5062,0.02266692445297058,0.0071280415811811,0.006967363127673673,0.007132922001497914,0.0036284047970777545,0.004061260537484444,0.0018733305677618205,0.03285085998637236,0.04446926367597012,0.0028565475531261908,0.00034951317807339774,0.005440917819353119,0.004917211177664194,0.0029143617630330684,-0.015538882871789481,0.0020028494146311247,0.031096622958025052,0.0090103289136327,0.00450516445681635,0.0081312724342539,0.0025639147315215,0.0021060728151783754,0.0014284667789905502,0.05492271628452128,0.04851292945571753,0.0038275584206285255,0.00021976411984470003,0.005256025199619076,0.007270529631528825,0.0041022635704344,-0.022086294044392354,0.0031682660610944254,0.0182186132166789,0.016079302714551418,0.005543621378047212,0.014021136518842618,0.006887925037484394,526.2159225602529,0.8632900415023436,-0.165004344652212
2017Q4,2017-10-01,2017,4,4946,0.021603913924976514,0.007364270798048816,0.006749536097700619,0.007037324698914957,0.003631762889564831,0.004006990563803341,0.0018126500007793482,0.032682444477139055,0.04512616507812681,0.003066070104086712,0.00043681519523814413,0.005265733045468698,0.004996192598624621,0.002593518939873472,-0.014239643126927699,0.0024026736587511497,0.02856106627980778,0.009810499591984767,0.004225224408377913,0.007362408196572672,0.0024299573850757096,0.0021216792093571493,0.0011061746305195395,0.0536041345543567,0.04760177713301297,0.003681204098286336,0.0004714842687460332,0.005150058935533593,0.007598150330945689,0.0031371837881947594,-0.018750566687823014,0.0044609665427509295,0.019012413244783456,0.016621767777313442,0.005527236846258911,0.015167667644488136,0.007723570485673868,531.8243024666397,0.8639482239033335,0.15332509129098926
2018Q1,2018-01-01,2018,1,5338,0.022021042329336923,0.007812602771441576,0.007155523282582329,0.006915449195061183,0.003680697517173519,0.004094743100994235,0.0019791313132907647,0.032623766413832474,0.04577259130050435,0.0026431170430239073,0.0003581379196034634,0.005388841093317127,0.0049744666408833675,0.002676003904328174,-0.014208439557895346,0.0022984627365551934,0.02831373067265759,0.010093167701863354,0.004740980573543016,0.008309105325756575,0.0022631161622835997,0.002477864411259416,0.0013545658781551474,0.05277851195982556,0.05051539579754196,0.0036672393286639356,0.0003469010175763182,0.0055999735694462795,0.006938020351526364,0.003584643848288622,-0.01822056297079424,0.0033533765032377426,0.018563778754759678,0.01639679595711647,0.005723333948653332,0.013828244636049872,0.007498225212352942,569.6380666916448,0.8653990097108324,0.1722151971272272
2018Q2,2018-04-01,2018,2,5160,0.022161177104482118,0.007304754754904852,0.007191128198412627,0.0073000897349902154,0.003517425015636147,0.004279822555971076,0.002102924334376632,0.032354245617963524,0.04606074055858282,0.002683386098040725,0.0003065584515332754,0.005032223625060354,0.004714669055156863,0.002510447145490975,-0.014856422349577266,0.002204221909665888,0.027954213511769303,0.009731327060901464,0.005162868109099555,0.008729323052885431,0.0022587547977310552,0.0026663496484494414,0.0015964131653136782,0.05215515777317346,0.050864440745898576,0.003702319894025339,8.491559389966374e-05,0.005451581128358412,0.007506538500730274,0.00309092761794776,-0.018222886450867837,0.004415610882782514,0.01803850096939225,0.01599768542493074,0.005430755965366933,0.013328153935738867,0.007110579838527008,581.6005813953489,0.8644201930052025,0.1285294171327669
2018Q3,2018-07-01,2018,3,4888,0.022770037717068863,0.007444857309813987,0.00694333772294031,0.007066708046401221,0.003592068511419968,0.004089743697279283,0.0019284913452048437,0.03223285606842195,0.04514899500367665,0.003048610004389607,0.00031978426619471404,0.004799909411932462,0.005211609811470575,0.0029098620768712447,-0.015325180407254875,0.0023017477345993295,0.030442649555112014,0.010557928706000858,0.0043462851386893995,0.007703930310209107,0.002313044451491354,0.002313044451491354,0.0009699863828834711,0.05327463672144603,0.047622600682721186,0.0045328209815516055,0.00026115018000708837,0.004663396071555149,0.0077598910630677686,0.0043089779701169575,-0.019884720849111158,0.0034509130929508106,0.018243065937147755,0.016206009787879994,0.005143608001527674,0.013370237307754856,0.007604187953487629,585.3731587561375,0.8650332156247641,0.06520330164457606
2018Q4,2018-10-01,2018,4,4771,0.022987033694442955,0.007347706933837434,0.007112732096942445,0.006907676416298059,0.003563298535895143,0.0040781269440610295,0.0017634058799898859,0.032550217661861724,0.04447044735341347,0.002998483244725198,0.00034224595808618106,0.005267595838902127,0.005247892979907827,0.0032695799897764053,-0.01563932676060552,0.0019783129901314216,0.03217768359919163,0.009908372083897424,0.005277924931818628,0.007298840426158102,0.002158259265799439,0.0022563619596994134,0.0010006474777797397,0.05393686110620598,0.04887476210096729,0.004395000686718858,0.00025506700413993366,0.005945023250338455,0.007671630662978005,0.004610826613298801,-0.02226931151529421,0.003060804049679204,0.018404769141716435,0.01628620792674989,0.005605175957375426,0.01338726809539668,0.007463688310609977,574.4537832739468,0.8645224118196722,-0.15861226222068375
2019Q1,2019-01-01,2019,1,4609,0.023902298937440485,0.006913060564380829,0.006938377594050876,0.007796889406145614,0.0035398497604328836,0.003930563322803464,0.0018364293163646258,0.03257734919363371,0.044253789997128215,0.0032847901331600187,0.0004020495458049304,0.005163918320460694,0.005074364051329333,0.003388325448527078,-0.016989238373059656,0.001686038602802255,0.03448483752336167,0.009083418741584776,0.0048833423765599565,0.008400152730049638,0.002290950744558992,0.0023311428628845885,0.001024899017302707,0.05339522919555475,0.04557786218122626,0.005245071441490324,0.00048230541990715623,0.0049436305540483515,0.008339864552561242,0.004682381784931975,-0.025401418781776895,0.003657482767629268,0.018773726615390895,0.016807141908042222,0.005467600021242719,0.013781998591453971,0.00679418530836393,574.189628986765,0.8633114674808422,-0.39542032602075783
2019Q2,2019-04-01,2019,2,4807,0.0232538639209607,0.007192509644643316,0.007389664379579343,0.007948558206383932,0.0035671493781483255,0.00436269818555275,0.0020346091450691565,0.032737387814104915,0.04529881242857905,0.0030373609955170688,0.00032293183297078576,0.005226506189411301,0.0048211089312827395,0.0031537827722103993,-0.016061354276317386,0.0016673261590723402,0.032182118513736736,0.008828722778104767,0.004442841139949496,0.008847709278702843,0.0020315555639940004,0.0023353395735631966,0.0013670280430613834,0.051928079135734495,0.047447264994588845,0.0050883821602840384,0.000246824507774972,0.005259260665666711,0.007328789230856861,0.004442841139949496,-0.023353395735631964,0.0028859480909073647,0.018255367749093192,0.016363722156217255,0.005638486516383386,0.013447198468276031,0.00671203653164165,600.3865196588308,0.8666256880492353,-0.25830878483870234
2019Q3,2019-07-01,2019,3,4571,0.023782158068669915,0.0067466885180949634,0.006955957966016227,0.007624467596552997,0.003490585576256382,0.003956309149685286,0.0020347041502705916,0.03252897265269736,0.044270033227377915,0.0030515159428381043,0.00036270969717162074,0.005540417638424896,0.004701178716468713,0.0033364249502489804,-0.01703546955057495,0.0013647537662197329,0.0342118801693775,0.008904190905853022,0.004333372907515137,0.0075586687245241205,0.001899560726581978,0.0020182832719933515,0.0012663738177213187,0.055008112707269775,0.04685583125568879,0.004926985634572005,0.00041552890893980767,0.005936127270568681,0.006767185088448297,0.005164430725394752,-0.025307689263524478,0.001602754363053544,0.018535167567649193,0.016686520068276596,0.005129014392165952,0.01326286336650844,0.006603116184152036,607.3780354408226,0.8662779033434487,-0.5138048732199382
2019Q4,2019-10-01,2019,4,4488,0.023599956502391654,0.006899164244965939,0.006690618968105092,0.007511207072940052,0.0033635527243954335,0.0037119628438850804,0.0018658184633039009,0.031946417814559966,0.04451136017307469,0.0028316370696920396,0.00035306035722410857,0.004576907062494902,0.004313989775200353,0.002990460573853645,-0.016700792257425715,0.0013235292013467088,0.03265794480513112,0.009277602338034248,0.004217091971833748,0.0088460859502187,0.002412568895514191,0.0015691505011474413,0.0012945491634466391,0.053272659513955635,0.047447188278445754,0.004727065884706667,0.00031383010022948825,0.005040895984936155,0.006865033442520056,0.004393621403212836,-0.023380342467096877,0.00247141203930722,0.018501573940054448,0.01650108496850955,0.0051379799754959245,0.013199949247758483,0.006368135785685248,622.8957219251337,0.8651885349461789,-0.43768278885799705
2020Q1,2020-01-01,2020,1,4629,0.022863425480424714,0.006725741264725995,0.007031146563149626,0.006639408817238645,0.0035119903143866027,0.003999956321923801,0.0020941590127662828,0.032700547204398384,0.04402169981423168,0.0029045920672423984,0.00042006024844635717,0.005032533342068948,0.004155559468383215,0.0032618650811525006,-0.01613768421569872,0.0008936943872307144,0.032618578572510985,0.008258827095014395,0.004394605243218669,0.007406425215941809,0.0026519169571147146,0.0018184573420215184,0.0014017275344749204,0.05665631156235793,0.04697681466888923,0.004508258827095014,0.00037884527958781633,0.005985755417487498,0.006535081072889832,0.0053606607061676016,-0.02435975147749659,0.0011744203667222307,0.017759430263966116,0.015865467387520656,0.004990457449385781,0.013060721210019884,0.006395617469751932,633.0810110174983,0.8700003958325656,-0.6498395516597486
2020Q2,2020-04-01,2020,2,4926,0.022646239300397143,0.006392870273867293,0.007736530730687539,0.005023989595899132,0.003811291974196371,0.0046511557242305554,0.002370396929817898,0.032033327154885584,0.045386674607491316,0.0028775360755512744,0.0004481906770262017,0.00474444015666923,0.003782425456015023,0.0033272460430080735,-0.016253369026529848,0.0004551794130069492,0.03270153469221084,0.007792561336645455,0.005104297818763399,0.004746996971449961,0.0029094497566951373,0.002075747779630449,0.0015823323238166537,0.05284649675026372,0.05157042229557287,0.004287610167761255,0.0004083438255010719,0.005019226188450675,0.006210229012828802,0.005308469731513935,-0.024908973355565387,0.0009017592813148671,0.01600156259378106,0.014462439438338975,0.0052717610201546495,0.012181991715084233,0.006063676508204548,668.0897279740154,0.8805418397391682,-0.6634540671189112
2020Q3,2020-07-01,2020,3,4635,0.022072289794810337,0.007006839655434977,0.007105494898398342,0.005974601240804868,0.003430421569081844,0.004198475809602002,0.0021690911137448605,0.031082360574981295,0.044696784103925684,0.002739834868338288,0.00032576093649648087,0.004339506458938894,0.0044636531572988325,0.0030987015910640863,-0.01506545013937536,0.0013649515662347465,0.032340881385985,0.010176942115178604,0.0045066676517306345,0.006446012337926194,0.002696612611281445,0.0018839348380185438,0.0017731151416645117,0.05234383657788778,0.05047837168926157,0.004100328765099184,0.00027704924088507997,0.0044327878541612796,0.00816371763141369,0.005005356285323778,-0.0221639392708064,0.0031583613460899117,0.017465907847145464,0.01564568730914353,0.004956904503121845,0.012397543216591202,0.006309042409801317,651.697950377562,0.8739818315445174,-0.20825796339888844
2020Q4,2020-10-01,2020,4,4489,0.020202172117011974,0.007523468435589137,0.006786528810495892,0.006152192570846468,0.003642921502728515,0.003877873229005409,0.0023608805041535987,0.03010791068759642,0.045459984011250947,0.0026964303379829043,0.0004575375722234254,0.004249183851898196,0.004823695967787216,0.002566087275041242,-0.012678703681422838,0.0022576086927459742,0.026933727855544175,0.010583817002389894,0.0049504950495049506,0.006847236447782709,0.0029209817533477488,0.002314024505898866,0.0016691324304844277,0.04939114601115284,0.05092750654375782,0.00424870073214218,0.0005310875915177724,0.004609081597814954,0.00849740146428436,0.0037934827965555177,-0.016349910853154282,0.0047039186677288415,0.017142273376684728,0.015270245178366497,0.00489792345257698,0.011958203988718087,0.006406133274974114,666.5413232345734,0.8746002812736455,0.45280344029095154
2021Q1,2021-01-01,2021,1,4551,0.02008771053153124,0.007392212429554621,0.006922322482726378,0.005930031455862699,0.0037049145338959367,0.00382145537146545,0.002257639946404766,0.030383280455186828,0.04566368143697563,0.002658757247806813,0.0003963743603381717,0.004673152073935675,0.00494722631112677,0.0023799400695518427,-0.012695498101976621,0.0025672862415749274,0.027325451706446575,0.01003792103502119,0.004702951892334002,0.006729124841995687,0.002825488883931891,0.002230649118893598,0.0018402855230872184,0.04924157929957618,0.04957617666741022,0.0039965796713510296,0.00024165365454680644,0.004907428061565916,0.008587999107740352,0.0032158524797382703,-0.017287530671425386,0.005372146628002082,0.017101121248299735,0.015252878952044913,0.0053933139627677686,0.012385055458727466,0.006489447627912031,648.5948143265216,0.8747175832682591,0.5612303479594262
2021Q2,2021-04-01,2021,2,4394,0.02012411155086379,0.00739838801759516,0.007009742663715994,0.00645192632689829,0.003479202822226793,0.004106616997239171,0.0023160231106168056,0.03061443521182033,0.045251687489168406,0.002569262769394454,0.00035177917226119585,0.004541775757832599,0.005197442520626973,0.002407671749031574,-0.012725723533268628,0.0027897707715953996,0.02789106696487304,0.009942300825079407,0.004454301125791719,0.007724547521942601,0.0026124382130170844,0.0017854793542203093,0.0019734245494013947,0.05097073693311031,0.05191046290901573,0.0038152874621760293,0.00043227394891649594,0.004379123047719285,0.008833424173511004,0.0032702463961508826,-0.017948766139793636,0.0055631777773601215,0.017697192294499803,0.015654980052279114,0.005443092474860919,0.012533314388429589,0.00679660050272299,660.5345926263086,0.8745981327795826,0.5913410713671053
2021Q3,2021-07-01,2021,3,4214,0.020212884826074803,0.0072250326909614445,0.007314993076263203,0.006060545481222019,0.0034499093791912345,0.00399181360493754,0.00259635667579241,0.030947800486428655,0.04445435277965096,0.0025281724155041727,0.0003230720186432189,0.004723634199654224,0.005053131960104711,0.002476766481046025,-0.012987852135113359,0.002576365479058686,0.0281496062992126,0.009429133858267717,0.005255905511811023,0.006968503937007874,0.002145669291338583,0.0017716535433070866,0.002125984251968504,0.05179133858267716,0.050393700787401574,0.004291338582677166,0.00027559055118110237,0.005236220472440945,0.008799212598425197,0.0036220472440944883,-0.018720472440944883,0.005177165354330709,0.017436156741066557,0.015474729078796675,0.005351219019809613,0.012602492916458836,0.006704310886357313,664.7444233507356,0.8740897312005106,0.40216436419912793
2021Q4,2021-10-01,2021,4,4136,0.02087283771388649,0.00724459805208151,0.007288535517085864,0.006247108660619032,0.0034358371394313694,0.0038374473567438926,0.0025712495016184237,0.03125515175855165,0.04423740174892898,0.0027927524243676455,0.00033043878639637983,0.00528847306052404,0.005088031071413268,0.0023922315656915937,-0.013628239661804981,0.0026957995057216746,0.029987145496906883,0.008857556037599421,0.005141801237245923,0.007632361211536916,0.0025307302964569776,0.0021290270747971398,0.002811922551618864,0.050012051096649794,0.04882702659275327,0.004037117377681369,0.0003816180605768458,0.006246485096810477,0.008516108299188559,0.0030730296456977584,-0.021129589459307464,0.005443078653490801,0.017152037248753103,0.015467307489589705,0.005719551970076689,0.012942255841512453,0.0067281127983899024,665.8399419729207,0.8754220356917464,0.35399766903764235
2022Q1,2022-01-01,2022,1,4156,0.02132902678106619,0.007053422355305971,0.006994356455004074,0.006017751320819923,0.003431325251699612,0.0038664318216253836,0.0023563992399942917,0.03189301808040226,0.0440855406309192,0.0026454919694222073,0.00036760268386646115,0.005533851181079541,0.005397742802122997,0.0025754200007410753,-0.014275604425760216,0.002822322801381922,0.035939912958023304,0.007781632939572011,0.0040512625097771805,0.006758789434628267,0.0025270251298610135,0.001805017949900724,0.0019454082348930027,0.058342191291791176,0.04486472393253244,0.004853492709733058,0.0002406690599867632,0.0062774513146547405,0.007841800204568702,0.003569924389803654,-0.028158280018451293,0.004271875814765047,0.017520042234210716,0.015752969699521703,0.005137633126772819,0.012946060366680189,0.006950114045361887,655.8635707410972,0.8678952618508758,0.2871287556277056
2022Q2,2022-04-01,2022,2,4245,0.020955808852458783,0.006849617196932453,0.007069459493878921,0.006301790113926689,0.003287673961778745,0.004119730810577758,0.00208992474847978,0.03191982088188777,0.04378668040266002,0.002949017219557,0.00035359748084917464,0.005961354712344536,0.005351986015468645,0.0030998475333196256,-0.01410619165552633,0.002252138482149019,0.036112193221659525,0.007499026100506428,0.004694195559018309,0.007479548110634983,0.002259446825087651,0.00222049084534476,0.0015582391897156214,0.06057654850019478,0.047136735488897546,0.004479937670432412,0.000292169848071679,0.007518504090377873,0.008745617452278925,0.005005843396961434,-0.028613167121153096,0.0037397740553174914,0.017043077285731678,0.015409486740322368,0.005113792461047295,0.013068532164025842,0.00692105157292689,662.2157832744405,0.8698359293459585,0.0628245695414998
2022Q3,2022-07-01,2022,3,4369,0.021962587303878373,0.006750335346411697,0.006936315413724482,0.006580588833361507,0.0034108109119128528,0.004009687902861234,0.002040487190137622,0.03284012736987836,0.04386518103765585,0.003218831487589977,0.0003903111090093756,0.00601594346770599,0.005280139975586146,0.0037774774962354035,-0.015212251957466677,0.0015026624793507426,0.03180821970945907,0.008592098372738029,0.004383327838010822,0.007796892880001551,0.002521383269652243,0.002191663919005411,0.001338272658507729,0.05624624216916542,0.04643224267344208,0.006148296126767393,0.0006400434453732617,0.006885315851742664,0.008495122093136019,0.007079268410946683,-0.02321612133672104,0.0014158536821893364,0.016858756813098966,0.01519841572167738,0.004892015916896104,0.013271610924100834,0.00641863665927371,648.5779354543374,0.8720944143515913,-0.37151157653342626
2022Q4,2022-10-01,2022,4,4194,0.022156120243167328,0.00699102459191036,0.006686595967963853,0.00644175301774353,0.0032851568114369827,0.003794343477824379,0.0020826095780539823,0.03253124997742967,0.04375069065212728,0.0030150350905449454,0.0003549861652899367,0.006130101887890819,0.004900831382654863,0.0034028836577081113,-0.015165095651256968,0.001497947724946752,0.031022331327209374,0.00847323408299018,0.004137630662020906,0.006909249287298067,0.0024944567627494456,0.0017619575546404815,0.0014056065885334177,0.05396737408932531,0.048107380424453595,0.005206683560342097,0.0004157427937915743,0.006612290148875515,0.008433639531200507,0.005919385492556224,-0.022549097244219194,0.0025142540386442827,0.01731196080559278,0.015526259495430005,0.004831824757747317,0.01307513405615491,0.006352851031564296,660.2579876013352,0.8697327167239292,-0.3542477409288571
2023Q1,2023-01-01,2023,1,4291,0.02248784611128551,0.007045107618970701,0.0066369021406850765,0.006834609538852062,0.0031494313445528323,0.003724281136265713,0.0020293330536437547,0.03218903019953098,0.04414356699960203,0.002869498133839503,0.00034644475686192676,0.0058877336263739475,0.005077535286750644,0.0035952779725818944,-0.01544273849231481,0.00148225731416875,0.03342064508727989,0.00845075808271036,0.00439745330095788,0.007743341682121484,0.0022178460126570177,0.001835458769095463,0.0017016232338489187,0.05489168881326119,0.04785576353172858,0.005028392252834446,0.0003441485192053993,0.005965240999560255,0.008852264688449994,0.005640211842532933,-0.02496988700456953,0.0032120528459170603,0.017259112141038497,0.015430321339029355,0.004892988110660516,0.01311799531502168,0.006476015839748049,637.6991377301329,0.867998335018658,-0.324920245825528
2023Q2,2023-04-01,2023,2,4166,0.0221069379215561,0.007092501243786539,0.006928000443532091,0.007786249629782012,0.0031966408280043827,0.004143158736342057,0.002014131749456892,0.03248434871543477,0.04482190873451832,0.002394927393504881,0.0003366612830041129,0.005272779530993994,0.004497327865049526,0.002905937639971579,-0.015014436677769558,0.0015913902250779463,0.030613990080383104,0.00858940007221177,0.004921802253767364,0.009235505387378143,0.002166353115557836,0.002432396480626342,0.001463238507876784,0.05459589913155844,0.04853391102749748,0.0036866009159493,0.00030404956007829275,0.005624916861448416,0.0065370655416832945,0.0043897155236303515,-0.022024590008171332,0.0021473500180529425,0.018213968434267497,0.016315079755253505,0.005137596080686214,0.013408935272625612,0.005964537054362523,658.096015362458,0.870726079541061,-0.21974194621674045
2023Q3,2023-07-01,2023,3,3968,0.021606134456994257,0.007324735957924186,0.006683043809732281,0.007274884873981707,0.003277427654082954,0.0039030025345340572,0.0018984642117943916,0.03234210887326805,0.045239671267709315,0.0025229146317054395,0.00035645399119772287,0.005240360936840551,0.004681878868612783,0.00299818661996907,-0.01428139849907007,0.0016836922486437131,0.02965288679574394,0.008527627575246622,0.004438242533480629,0.008198151055293913,0.002597050216097835,0.0023838595267166697,0.001104715390429676,0.05289067193829099,0.04953776382347811,0.0036436226912417388,0.00032947651995271043,0.006182529992053802,0.007326007326007326,0.004321956702909083,-0.021125259220497315,0.003004050623098242,0.018400664764000516,0.01653731836326136,0.004664533574853727,0.01315510608377592,0.005847981373190735,672.3654233870968,0.8761511664778823,-0.08241455319446177
2023Q4,2023-10-01,2023,4,3645,0.02146257368789135,0.0071255649222775885,0.006509304146162743,0.006282679215591477,0.0032538568978863844,0.003750443807155702,0.0018026621670352966,0.03322202205895508,0.04580129605605031,0.00241057360360278,0.00032005801598222625,0.005123711368898074,0.004198127441933325,0.0027401737219248487,-0.014337008765613762,0.0014579537200084766,0.029929131865350546,0.008478866109845608,0.004492533535813718,0.0074453724795410445,0.002341179448240952,0.002214629207795495,0.0009702185100818358,0.05616721505104193,0.051632498101746395,0.004176157934700076,0.00033746730785455157,0.005315110098709187,0.006053319834641019,0.0040074242807728,-0.021450265755504936,0.002045895553868219,0.017776270509810958,0.015693743093583668,0.004616954038683453,0.013062445427095433,0.006339431983553357,690.032647462277,0.8717779998083628,-0.1959323203820316
2024Q1,2024-01-01,2024,1,3584,0.021603458360843403,0.007255545318602162,0.006409532249332018,0.006675218846259091,0.003327149320888322,0.003694926515689735,0.0018024848182076072,0.03238489494291713,0.04572863817000093,0.002930083839811484,0.0003769820847736894,0.004522948209104975,0.004515835339580943,0.0026618868183465173,-0.01434791304224124,0.0018539485212344259,0.028488322354350244,0.008768928052014714,0.004191975361450937,0.007977585764393875,0.0025665155274189407,0.0022029258277012575,0.0010052185815724185,0.05479510651039439,0.04938403627341945,0.0051116434254427235,0.000684404140645051,0.003229532038668834,0.007250406364958508,0.0039567114381042,-0.01971939430233553,0.0032936949268543075,0.017787613868310133,0.015565094826741179,0.004711228699614194,0.012735599083540066,0.006734676980006547,666.8621651785714,0.8707796625487336,0.010598500313626932
2024Q2,2024-04-01,2024,2,3461,0.021487330418471392,0.0073935221466512,0.006807364427564088,0.007149929673871913,0.003270367594266234,0.0040711085249259945,0.0018216109610640257,0.032530473588987405,0.04672453445468348,0.0026748245259652086,0.0003549368429988921,0.004653000176188601,0.004279292634761883,0.0024209934904071066,-0.01409380827182019,0.0018582991443547765,0.030170557326212422,0.0094969420277371,0.0042639331553105345,0.008011025928159186,0.0020458265139116204,0.00228271168920665,0.0008614006374364717,0.0535145146007408,0.05103798776811095,0.005469894047721595,0.0003014902231027651,0.005082263760875183,0.006675854940132656,0.003833232836592299,-0.02067361529847532,0.002842622103540357,0.018403367586968325,0.01636645107633686,0.005005675358750806,0.013479747159374774,0.006834602018316301,677.2837330251373,0.8721489335470349,0.09927786742463557
2024Q3,2024-07-01,2024,3,3662,0.021355915952499794,0.007392447939642173,0.006555308603479969,0.006022730065267057,0.0032490513696574455,0.0038130528473413173,0.0017455845734315825,0.0333421559278771,0.045497999204757916,0.0029344191167495143,0.00035169520715572846,0.004449165942529055,0.004185696680811018,0.002599643953924302,-0.013963468012857623,0.0015860527268867159,0.029894772075897993,0.009183908286437522,0.004225853015627288,0.006359699587874731,0.0022175268299826365,0.0017154452835714735,0.0008368025773519383,0.05596117236041087,0.0487646701951842,0.005878538105897366,0.00035564109537457376,0.003891131984686513,0.006192339072404343,0.004267693144494885,-0.020710863789460472,0.001924645927909458,0.01825836611062964,0.016053356587628874,0.004802556523822705,0.013800057583717473,0.006871497197470441,677.8435281267067,0.8717730554739768,-0.15124217065053858
2024Q4,2024-10-01,2024,4,3650,0.020587908715135998,0.007736545161621473,0.0066224055610608415,0.0055715360167938,0.00322425882900115,0.003832237979213063,0.0017807797301175943,0.03271480917373915,0.04541910127189573,0.003155960688763699,0.0003192833304352016,0.0040815471414295265,0.00448798392689166,0.002616698685784559,-0.012851363553514525,0.0018712852411071003,0.0269022704012365,0.009002234893581469,0.004386239739332038,0.00570211166113165,0.0026317438435992232,0.002046911878354951,0.0012114376422917058,0.050650625561334255,0.049209432504125156,0.006537585897194895,0.0002506422708189736,0.00405205004490674,0.006683793888505964,0.004281805459824132,-0.017900035507655034,0.0024019884286818304,0.017913060124891633,0.015600619711844923,0.004967145659743328,0.013816160778609128,0.007996688171504434,653.8616438356164,0.871088307819299,0.08762615835862841
2025Q1,2025-01-01,2025,1,3730,0.020931817719389866,0.007253650563268517,0.006560162232184641,0.006102782092062695,0.0033381544054312514,0.00378069830375128,0.002020696133421051,0.03300979022401877,0.04493134635079319,0.0031228169529920035,0.0004048174548808692,0.0027345313104046986,0.004434340728281438,0.002599309563695801,-0.013678167156121348,0.0018350311645856366,0.02708905372730626,0.008360313101922052,0.004016228843080201,0.006352198680381951,0.0025613704356378837,0.0015368222613827303,0.0013728945535019057,0.05260030326625958,0.048645547313634685,0.005635014958403344,0.0005327650506126798,0.004159665587475923,0.006577599278718085,0.003975246916109995,-0.018728740625384207,0.00260235236260809,0.017503350654330382,0.015413108935757869,0.004935452899984522,0.013336000621232549,0.007888146902420769,632.4632707774799,0.8705448885331959,-0.053813706422496645
2025Q2,2025-04-01,2025,2,3780,0.020787601996053666,0.007218182259535526,0.007083805818239824,0.0059572110733123185,0.0033780503452174124,0.004114953410387386,0.0019441236748749,0.033732388016742436,0.04462034754082443,0.0031418078919717447,0.0003368080480218054,0.0025605214152700185,0.004210750808859482,0.0027473480159101705,-0.01356941973651814,0.0014634027929493114,0.028369643284654057,0.009057537307477456,0.0046484717899608965,0.006444018833293433,0.002912776314739446,0.0021746069747027373,0.0009376745670736573,0.055622057297901206,0.04847977016997845,0.005506344266219775,0.0002793073178517277,0.003451440427739207,0.0059652062884047565,0.004429016040220253,-0.019312105977176603,0.0015361902481845025,0.01725289129164438,0.015121229537266934,0.005771987172981559,0.01398451552868239,0.007152498441296236,610.3047619047619,0.8710658045767748,-0.26444946061348173
2025Q3,2025-07-01,2025,3,3805,0.02000262750393587,0.007502169844438845,0.006772068340946634,0.00577706275211654,0.0033373607369071696,0.0039050738823955084,0.0018164236225525986,0.032839922553244645,0.04522968045675495,0.0034506449229947515,0.0003553591388678904,0.0029798479062885645,0.004707539428711726,0.0025124967963835207,-0.012500457659497026,0.0021950426323282053,0.024104559513119826,0.008300907911802853,0.003950912900329243,0.006086002194951611,0.0025740796168811733,0.001755961289035219,0.0009777511723037015,0.0525990222488277,0.05058365758754864,0.00684425820612591,0.00039908211114436795,0.003571784894742093,0.0071036615783697495,0.003811234161428714,-0.01580365160131697,0.0032924274169410356,0.017338727061852285,0.015078897131475687,0.00543482533972157,0.01405002092785472,0.007508974478521865,610.1432325886991,0.8712854739952489,0.2119241437522386
2025Q4,2025-10-01,2025,4,3717,0.02091140286239868,0.0076018790945480705,0.006309739051596337,0.005951807945895519,0.003412159856057437,0.0035316160808206687,0.0017778411766044327,0.032520535093875966,0.04504899893058237,0.003360964331158909,0.00035311785122317925,0.0027614953643983696,0.00461066022098964,0.002523895620638535,-0.013309523767850611,0.002086764600351105,0.02858141591100693,0.009438035901548332,0.0038862500771081367,0.006682705159048383,0.002899265930540991,0.0019328439536939938,0.0009664219768469969,0.05070631052988711,0.04842390969095059,0.005757407521641684,0.00014393518804104208,0.0032488228157835216,0.006785516007649127,0.0037628770587872433,-0.0191433800094586,0.003022638948861884,0.018391750007668704,0.01614839855535712,0.005007847841196606,0.013435226076357772,0.007753707528066215,614.8388485337638,0.8706485991679196,0.11722055347182254
2026Q1,2026-01-01,2026,1,3645,0.021726911442069095,0.00726226817916697,0.006551383208003192,0.006057956244868774,0.0031766376384797473,0.00361754296408165,0.00178343209551198,0.033416661522003344,0.04479082106062379,0.00328260234578219,0.00033033345711239723,0.0028592042326911257,0.004576293207109403,0.002665242746715785,-0.014464643262902125,0.0019110504603936174,0.030528106094856726,0.008525479558225151,0.004865551465047687,0.0060927038257013065,0.0022820728110400654,0.0019806669680725096,0.0010549204503864454,0.05360718207065814,0.046351912850653404,0.005920471915434132,0.00021528988783396844,0.0043057977566793686,0.00723374023122134,0.0042412107903291784,-0.022002626536631573,0.002992529440892161,0.017696250055661614,0.015550066363101717,0.005183815369092802,0.01368552037140495,0.008046783424711991,595.4825788751715,0.8669567028205962,-0.1317416445123042
2026Q2,2026-04-01,2026,2,1805,0.021179298059653153,0.007342549244766364,0.006839244177487266,0.006054382710596826,0.0032581412124959514,0.003794570562082266,0.0017528266054235493,0.03356777964255219,0.04446198804581456,0.003523135470953685,0.000309159968200689,0.0028569693489974386,0.005044092100226718,0.002580933663103966,-0.01383674881488679,0.002463158437122751,0.028286046411503854,0.009299522107891678,0.0053816678865113874,0.005941361346708572,0.003315107418091015,0.002195720497696646,0.0013346536358548242,0.05282645197399578,0.0474017307443923,0.00624273474835321,8.610668618418221e-05,0.004348387652301201,0.008567615275326129,0.003358160761183106,-0.018986524303612175,0.005209454514143023,0.01769406714037342,0.015581618781804397,0.005343697416392286,0.013935340643651798,0.008555741202509832,602.1141274238228,0.8718844772252157,0.08702058610177144
